DATE,Market_Liquidity_Index,NIFTY50_Liquidity_Index_Raw,NIFTY50_Liquidity_Index_30D,NIFTY50_Index,Market_Index_Smoothed,NIFTY50_Index_Smoothed
2013-01-23,-1.2575374864355788,-0.5083334759401879,,-0.40675452820185537,,
2013-01-24,-1.537859861628489,-1.1013213735325313,,-0.8812472065926932,,
2013-01-25,-1.4103339945191171,-2.298237841407235,,-1.838986990082167,,
2013-01-28,-1.54401444316656,-0.29252448336562753,,-0.2340700816502539,,
2013-01-29,-1.3731309157909637,-1.138987772808732,,-0.9113868279078483,,
2013-01-30,-1.3549239241737083,-0.46466896339569097,,-0.3718153808904345,,
2013-01-31,-1.1438955709458554,-0.6651546537360701,,-0.5322385405786616,-1.3745280280943246,-0.739499936557702
2013-02-01,-1.4690619784212149,-1.505985117486499,,-1.2050480539556556,-1.3863447718851858,-0.7976934512324462
2013-02-04,-1.3746024262278975,-0.7682850562399448,,-0.6147606647337643,-1.3850400668121539,-0.7773675860659259
2013-02-05,-1.3742242681512815,-1.317601693518522,-1.006110043143104,-1.05430879643298,-1.3839584869460666,-0.8050617071026315
2013-02-06,-1.203569283300849,-0.19484505306253652,-0.932358680408507,-0.155909676191073,-1.367559468432865,-0.7460478861106715
2013-02-07,-1.347551006489148,-0.9096631348458785,-0.9304673849449546,-0.7278875320034852,-1.365892096604222,-0.7445345232684061
2013-02-08,-1.3613632841245102,-1.1904400664945791,-0.9504652835256949,-0.952557544442662,-1.3655437264134749,-0.7605362941279642
2013-02-11,-1.5132732112678868,-0.6361616317680581,-0.9280150226858638,-0.509039118290108,-1.3760958324745043,-0.7425722101395459
2013-02-12,-1.5963119697877517,-1.165941174027716,-0.9438767661086539,-0.9329542015221587,-1.3907769082953874,-0.7552643428983867
2013-02-13,-1.3545747903667409,-0.6596991381183441,-0.9261156643592595,-0.5278731863649111,-1.388514275924847,-0.7410523956150445
2013-02-14,-1.5967971628815891,-1.6898942449596208,-0.9710438161592809,-1.352207101938847,-1.4007662104517142,-0.7770026724576211
2013-02-15,-1.6955420656420592,-0.7899463607939843,-0.9609828464167643,-0.6320934475055835,-1.4171426468511779,-0.7689521599602858
2013-02-18,-1.7180102415157703,-0.8628395905370754,-0.9558174118967807,-0.6904206139752361,-1.4329777834124722,-0.7648189206979147
2013-02-19,-1.7068075171262822,-2.7967359670226313,-1.0478633396530732,-2.2378715402668146,-1.4466692700981627,-0.8384715516763597
2013-02-20,-1.5855054223481446,-0.3430535073836922,-1.0143009666878646,-0.27450202307798405,-1.4532805154433999,-0.8116158598383417
2013-02-21,-1.4618876741707187,-3.520794288099029,-1.1282324812974631,-2.8172431825442388,-1.463011476764121,-0.9264010338546458
2013-02-22,-1.4381826526345427,-0.21045908356391985,-1.0883292900916568,-0.1684035958531077,-1.4582649430025043,-0.8924561000099035
2013-02-25,-1.7942204943198805,-0.6300963524076397,-1.0692362510214894,-0.5041858478260756,-1.4765452525168266,-0.8288941408548516
2013-02-26,-1.6499604296206245,-3.8819782039444335,-1.1817459291384071,-3.106252662024364,-1.4815902994908297,-0.9656647399202853
2013-02-27,-1.32450252420233,-1.4519260077985559,-1.1921374706253358,-1.161791434636099,-1.4792746617961328,-0.9775887688121069
2013-02-28,-1.3477883110268094,-2.4070000361777972,-1.2371323804606122,-1.926015520198692,-1.4789348706938994,-1.0515982992553572
2013-03-01,-1.7260476404240717,-1.1416359713575628,-1.2337217944212178,-0.9135058438733465,-1.5066563978119096,-1.0697538851265327
2013-03-04,-1.9248198855973209,-1.1654403547178505,-1.2313672620176532,-0.9325534596238961,-1.5283591552964864,-1.0567779520631155
2013-03-05,-1.8253500627345145,-3.5902775813291097,-1.3099976059947018,-2.872841811187453,-1.549823328463468,-1.1643056257037674
2013-03-06,-1.5734191510762892,-1.3422133388150752,-1.3377936014238647,-1.0740023610803904,-1.5593087990789445,-1.1652434144965014
2013-03-07,-1.6491847160633095,-2.3826286892065727,-1.380503845279666,-1.9065142356913332,-1.5805285815914425,-1.2486055363774662
2013-03-08,-1.5109620445397651,-3.347989346472303,-1.4154955621151684,-2.678969400019244,-1.5883100595938529,-1.3415141967591688
2013-03-11,-1.7727132915150692,-0.4685597886162287,-1.421363405623522,-0.37492871269288675,-1.6078981551838796,-1.3140080619139414
2013-03-12,-1.741663469501893,-1.833695678922468,-1.444520335827313,-1.4672730718085762,-1.6187738817664514,-1.3596382501767257
2013-03-13,-1.8214110783370403,-3.4277481697840324,-1.5432896427069243,-2.7427902264680513,-1.629492886935465,-1.4458209180312918
2013-03-14,-1.7112789099955912,-2.960448884943494,-1.6197994504138387,-2.368870134381212,-1.6464787973939816,-1.5334874393654014
2013-03-15,-1.4565312921193758,-1.8123611117791967,-1.6300119835569287,-1.4502017353660923,-1.6397994702148286,-1.5381538504809849
2013-03-18,-1.7565141072575392,-2.3832003290102133,-1.6838424926492706,-1.9069716462094999,-1.6427029007679468,-1.5988623361335519
2013-03-19,-1.5006849388300083,-3.552370939040949,-1.7583348008333515,-2.8425099539924887,-1.6323540768305296,-1.7013427808962784
2013-03-20,-1.7970503132908329,-1.7952428648315975,-1.811681394558987,-1.4365041828924228,-1.6366513528383653,-1.6631824305451166
2013-03-21,-1.53950311535258,-1.7759720127153131,-1.8405583571546347,-1.4210841747056526,-1.6344607667909574,-1.7177815806226246
2013-03-22,-1.6187633373150754,-0.5654007647658756,-1.8197237137636781,-0.45241821009712946,-1.6419310364644981,-1.605170867648953
2013-03-25,-1.44252557550291,-1.330793974945551,-1.8428781252029276,-1.0648648987983271,-1.642137842315373,-1.6478595011225348
2013-03-26,-1.79839200689584,-0.7583840815489111,-1.8292928887869675,-0.6068381758956226,-1.642336485771371,-1.6527477072210848
2013-03-28,-1.5620273907572777,-1.4722554603220899,-1.8563780995270924,-1.1780585058820325,-1.63814919820645,-1.5609289378809739
2013-04-01,-2.642129998966895,-1.752160903001762,-1.8584536547951638,-1.4020311767114035,-1.7008933636714292,-1.5723689255988453
2013-04-02,-1.756911233264125,-2.984080545475165,-1.931591460951203,-2.3877795420538193,-1.7203754075874917,-1.5943576885443274
2013-04-03,-1.6723497135201069,-3.809459565238433,-2.0298121267745817,-3.048225233045496,-1.7178183634492077,-1.6960109927906206
2013-04-04,-2.084850626047968,-4.503214062739401,-2.086694729965141,-3.603348585480631,-1.7254388748992384,-1.8231917130695128
2013-04-05,-2.0622697444063576,-1.2902534244790596,-2.1182680605349864,-1.0324254604010386,-1.7367207645026594,-1.7355528392225403
2013-04-08,-2.3460937172409206,-1.0119795794440398,-2.03464090357982,-0.8097583493303246,-1.7735147914628802,-1.7229697910439659
2013-04-09,-1.795028171052983,-3.0685637055693498,-2.1299110576466678,-2.455380653433616,-1.7804597178909598,-1.7491062871269316
2013-04-10,-1.83264475897044,-3.85219689777387,-2.2373144091588757,-3.082422476301817,-1.7957779423876583,-1.768318338378483
2013-04-11,-2.0812818589820785,-1.9293446082625105,-2.1722266226361446,-1.5438087259965356,-1.8104716836956114,-1.8239792913929425
2013-04-12,-2.293341352359451,-3.623042948991082,-2.244597187342562,-2.8990597612055113,-1.8367420590697807,-1.892159609935654
2013-04-15,-1.9542547532913583,-2.4137162433016988,-2.2448210609133588,-1.931389645235285,-1.8430679483533194,-1.8535214870198078
2013-04-16,-2.015595636584294,-4.916929490567562,-2.3706641782203586,-3.934392342425478,-1.8575592210480196,-1.9280701635933442
2013-04-17,-1.7444765206324266,-0.38105719492367685,-2.3445180728938864,-0.30491153322615316,-1.8712708985962605,-1.8735325349200136
2013-04-18,-1.7331769728721422,-4.371240248282831,-2.3705501617923437,-3.4977467528745927,-1.87015960648267,-1.9492837304754942
2013-04-22,-1.7996193703049448,-2.508764673881524,-2.4094352062945585,-2.0074447967582447,-1.8843945794100478,-1.9095187229881492
2013-04-23,-1.787435931055958,-0.49297414922933913,-2.346446721628651,-0.39446441553867806,-1.8839367516845777,-1.85989778168559
2013-04-25,-1.4061676177487568,-2.3645125010407626,-2.313664160114266,-1.8920181579805921,-1.8775874422748717,-1.882323209460587
2013-04-26,-1.944707746509889,-2.029797622211339,-2.3657054212341033,-1.6241884771424506,-1.8931086046174823,-1.9381217936056025
2013-04-29,-1.8183755953410647,-1.9466132483995944,-2.369469340216674,-1.5576266189823473,-1.911006224609775,-1.9615866374238893
2013-04-30,-1.7757394979311183,-1.471526766790052,-2.304261960116875,-1.1774754252708655,-1.9099275337066932,-1.988759839775091
2013-05-02,-1.6460916741062128,-2.8527082353523037,-2.3006706051305015,-2.2826590167451535,-1.9139305948185472,-2.0413598641019064
2013-05-03,-1.842477400664904,-2.4460018862303814,-2.3217919642788742,-1.957223732657643,-1.8758518996613094,-2.0677976048612514
2013-05-06,-1.680297428327039,-1.770632079102664,-2.3013730226152895,-1.416811306047485,-1.872203623235734,-2.021561022194283
2013-05-07,-1.2854781237167805,-3.216871465109987,-2.290189706817591,-2.574052461637969,-1.8537811665784327,-1.9989813664129719
2013-05-08,-1.3855328185001468,-1.5291741087354134,-2.281320748281052,-1.2236032497894214,-1.820480318599965,-1.8856601599514857
2013-05-09,-1.368160652998793,-1.3234936533759833,-2.2662381363030737,-1.0590233813766008,-1.7874275047234145,-1.886926727616989
2013-05-10,-1.5203228890561775,-2.585758182747517,-2.3335833835691284,-2.06905289430773,-1.7481050843336647,-1.946893134520675
2013-05-13,-1.8412369808503768,-4.963830060029954,-2.4546845864052753,-3.9719208938725172,-1.7503055038478261,-2.019109336446337
2013-05-14,-1.804662041284178,-1.130806770138492,-2.467098676024928,-0.9048406135842747,-1.748972993481814,-1.9154149620312158
2013-05-15,-1.2619357633585615,-4.69080503058035,-2.574383661700203,-3.753453741309583,-1.7099565127378367,-2.0206361532365986
2013-05-16,-1.285181928604831,-0.942431535648578,-2.547392682788431,-0.7541079090577,-1.6619489211304743,-1.918495588848608
2013-05-17,-1.3640516298754712,-0.8277780988069119,-2.4755159345661553,-0.6623653683505432,-1.6338440104916223,-1.858065861377906
2013-05-20,-1.391934760870374,-1.8386512822337033,-2.4098223251326645,-1.4712384098833289,-1.6041458735528644,-1.740772816971137
2013-05-21,-1.610903613213875,-2.1668525802553873,-2.331943609049864,-1.7338561017147331,-1.5977852589138857,-1.808817796422974
2013-05-22,-1.676607460383525,-1.2136524808597045,-2.3293902442625525,-0.9711314828126456,-1.5950914726049037,-1.6885027835628812
2013-05-23,-1.9802482882849235,-3.8940669454390093,-2.425459823129051,-3.115925741953019,-1.6036928496515694,-1.7412875904769183
2013-05-24,-1.8631687677176487,-0.9309623302574657,-2.3542064439519885,-0.744930564954828,-1.6072991752068881,-1.75797645473483
2013-05-27,-1.8515638110152628,-4.844716993154975,-2.3872904471313583,-3.876609879326804,-1.6285085177433882,-1.8524808224179832
2013-05-28,-1.665092159518483,-1.444562828865134,-2.371131054484779,-1.155899620472984,-1.6151934897914164,-1.83018135305277
2013-05-29,-1.6648905445758295,-0.7233828063439158,-2.2744757163965406,-0.5788311138855134,-1.607884677850215,-1.783572043286254
2013-05-30,-1.5173690927620909,-0.6055200511792639,-2.214202509992459,-0.4845205645342254,-1.5955813252231184,-1.7505741927749858
2013-05-31,-1.6147766703635602,-4.595580491863,-2.2034908767023067,-3.6772576728771895,-1.5940901345687064,-1.8169836525907972
2013-06-03,-1.884630804298136,-2.990090329869796,-2.290458647867178,-2.392588406965798,-1.596097439503622,-1.8377153037483285
2013-06-04,-1.6948260144036988,-1.5519610374688932,-2.1964826741733803,-1.2418367262076586,-1.5967892769358438,-1.8293831808988128
2013-06-05,-1.721096452651124,-0.6966524682656103,-2.136078933986183,-0.5574422292884333,-1.6175330068850982,-1.7333541222155016
2013-06-06,-1.7899064132052214,-0.8485261451679844,-2.1479306671841374,-0.6789673869232907,-1.6367888923472447,-1.7074190811266383
2013-06-07,-1.7311644494740253,-2.6791306709251437,-2.158417939513617,-2.1437670026112974,-1.6540747874174944,-1.7590735392806711
2013-06-10,-1.9728961174530093,-0.8110691023427241,-2.1177936555179966,-0.6489952869075558,-1.6756258935316286,-1.6914517484520912
2013-06-11,-1.8672846639668077,-3.1551081019866842,-2.158076817304233,-2.524631109678188,-1.6768662593943158,-1.6225331872999806
2013-06-12,-1.852373108303429,-1.5189632489643334,-2.159658033376709,-1.2154327993955354,-1.6791382149666614,-1.637323291386231
2013-06-13,-1.9123071003437144,-2.7979667355374938,-2.157833316716215,-2.238856367531363,-1.7101082786326207,-1.5651996069206018
2013-06-14,-2.0442082159111536,-4.564795414498626,-2.22845976765849,-3.652624296930733,-1.7462523875519698,-1.7032241968193174
2013-06-17,-1.950362748546788,-2.8807347868569337,-2.2654631912502987,-2.305085095832914,-1.774171964631556,-1.7814489457470495
2013-06-18,-1.882932840202881,-2.269260628481507,-2.233876163362683,-1.815800217756364,-1.7975528255521518,-1.7978566508838607
2013-06-19,-1.932712328795273,-0.9004683561116739,-2.2129193049418916,-0.7205301218328595,-1.8128770501036469,-1.7496030327942473
2013-06-20,-2.1196371077810072,-4.433210419912251,-2.316576530493101,-3.547333587338114,-1.8339736999797174,-1.8722793234859365
2013-06-21,-1.8419850518740013,-0.6789152489170611,-2.2530150993654185,-0.5432493920482968,-1.827389736341102,-1.7497709258714262
2013-06-24,-2.0738731634339502,-2.696066648706168,-2.177422985654626,-2.157318708288789,-1.8374232789942595,-1.817027504125424
2013-06-25,-1.8323600076995716,-1.0320727429666565,-2.1741318514155648,-0.8258363485878167,-1.8365088121697029,-1.6717525740902341
2013-06-26,-2.1924427225323204,-1.0844745888273077,-2.0539208366904633,-0.8677668707721623,-1.8616207437417902,-1.6580319669616237
2013-06-27,-1.71233110005417,-2.415853429669112,-2.103034899824481,-1.9330997632458071,-1.8638798178121876,-1.7225209502644947
2013-06-28,-1.7309167392365936,-4.233131690230692,-2.2165466862052736,-3.3872360664256322,-1.8740487533585921,-1.8607454979736093
2013-07-01,-2.04143236858442,-2.640040956255435,-2.2432596753393312,-2.1124884832916426,-1.894365691369109,-1.7862326794219168
2013-07-02,-2.0491778292227742,-1.8266465201545534,-2.23191947333597,-1.461632527983364,-1.9022012639845682,-1.74190144708942
2013-07-03,-2.357102103525817,-3.282298566999014,-2.3008743428739473,-2.6264054370371683,-1.9337382206094313,-1.8078332904622536
2013-07-04,-1.8086908651327012,-2.8155235752871444,-2.264922897202218,-2.2529048699556355,-1.9379093831085537,-1.8885696066845012
2013-07-05,-1.9444426207470844,-1.7391638239533203,-2.2918629469920804,-1.391631269944348,-1.945268250134357,-1.9225059820664565
2013-07-08,-2.160590727957994,-2.926136024002349,-2.227910248020326,-2.341413922614798,-1.9657171205383552,-1.9319177401618612
2013-07-09,-1.7686743858073042,-2.736908607749878,-2.2709884406498175,-2.189999325576364,-1.9559922761742743,-2.005298884860376
2013-07-10,-1.8154435435343277,-2.670585718431676,-2.3358952043860763,-2.136929565604893,-1.9535236513917753,-1.9868369065711715
2013-07-11,-1.714415997045854,-4.420136126249787,-2.4630490735550934,-3.5368718955512177,-1.9469542651414145,-2.097381625435728
2013-07-12,-1.9815162192423013,-3.5411946146794486,-2.4279028776489753,-2.8335669652698106,-1.9502499374699185,-2.125701177708987
2013-07-15,-1.9682000144257912,-1.4602090553290765,-2.376906835164285,-1.168419302462665,-1.946630499303949,-2.0074057017819364
2013-07-16,-1.9156221978337975,-2.921271214624971,-2.4225505077361538,-2.337521235359788,-1.9449761873652354,-2.0089502798546444
2013-07-17,-1.701738960994286,-0.6470467403698011,-2.42089698347296,-0.5177490841359318,-1.936347907402921,-1.9471383211108146
2013-07-18,-1.730224364927283,-2.289450650650788,-2.4689278003223865,-1.8319557206507222,-1.926705623409207,-2.000063349625951
2013-07-19,-1.74508175700264,-0.4236010599416146,-2.393743479956269,-0.33895396907252046,-1.908869654324523,-1.8472833678037797
2013-07-22,-2.107308048444528,-0.6268097756580362,-2.3876015024001136,-0.5015560191044639,-1.921504082732643,-1.8452979690921685
2013-07-23,-1.7758535910926228,-2.114670922834327,-2.3529202630950348,-1.6921017682905233,-1.9073126745259135,-1.8231447814732036
2013-07-24,-1.9743837198912608,-3.4819160237285014,-2.41835202225384,-2.786133859964032,-1.9140757084398032,-1.9164922820149282
2013-07-25,-1.6346438374447785,-2.0640947940881604,-2.393889624205529,-1.651632134949193,-1.8875138567689678,-1.9538191993566913
2013-07-26,-2.032977859350051,-0.978808681660799,-2.2743567331109347,-0.7832159052134992,-1.9027827500687717,-1.8990628251646768
2013-07-29,-2.0796370302215714,-1.964368674352973,-2.2438111960274694,-1.571834024649133,-1.9193884782109136,-1.8126151088896056
2013-07-30,-1.8434962685292384,-2.975740585704861,-2.2673605279349145,-2.381106134611356,-1.9099629496368575,-1.8254064256191156
2013-07-31,-1.7589661021738436,-0.4381513964279171,-2.2519499626121227,-0.3505967499098789,-1.8961433435869082,-1.7724999599965687
2013-08-01,-2.1679127165541083,-0.9767429073377701,-2.1367343788596402,-0.7815629291654806,-1.8871343251596842,-1.6846503167645839
2013-08-02,-2.007845919851099,-1.7637290710911804,-2.172894839598777,-1.411287708055652,-1.8966178991938938,-1.6445733090550605
2013-08-05,-2.231163997242988,-0.3768676627111072,-2.0955882067322755,-0.301559184267906,-1.9102712980746508,-1.5926651144990396
2013-08-06,-2.0352193544045165,-4.654588840537454,-2.216338743317969,-3.7244745377131236,-1.9043012326673423,-1.658525143789436
2013-08-07,-2.129645764541343,-0.7074130527119671,-2.203770025447457,-0.5660525543148518,-1.9214903459403918,-1.5811943451579356
2013-08-08,-2.3114661542226047,-1.617336491510049,-2.1771527941754885,-1.2941483744132183,-1.945110470258881,-1.5410619074821414
2013-08-12,-2.2053159809659784,-1.8257297786739919,-2.0969060637902652,-1.4608989765529388,-1.9684866599693631,-1.4422060541965092
2013-08-13,-1.8932469821427291,-2.843028554150917,-2.1036723170534475,-2.2749136008979436,-1.964283362964622,-1.415603513035944
2013-08-14,-1.8575769957123125,-1.1777975104461564,-2.0820440167298346,-0.9424413172726325,-1.9590156001687418,-1.4048426565983232
2013-08-16,-2.2467895336612016,-5.182105482271794,-2.145370913905594,-4.1465789099078165,-1.97478547330338,-1.4909882601482294
2013-08-19,-2.192437595033664,-3.4069659884981713,-2.165085661012628,-2.7261608940631743,-1.998152074924303,-1.5961507272876219
2013-08-20,-2.127139671660689,-0.7262407806042885,-2.1313215595676605,-0.581117986631285,-2.01705280381637,-1.5365870256676488
2013-08-21,-2.151148514968256,-3.8211190560013173,-2.161154327300959,-3.0575548382924445,-2.036389316100447,-1.6660442099162165
2013-08-22,-2.19801929672782,-3.2525390729287977,-2.17834200947359,-2.602592704760058,-2.0407088993520324,-1.7660935758998164
2013-08-23,-2.0745902808839927,-1.9169005658545142,-2.153219171054351,-1.5338513440058519,-2.054934456008764,-1.75855784141007
2013-08-26,-2.3103349244440747,-0.273273305755198,-2.0149904103711984,-0.21866581646433927,-2.070932132416041,-1.636297458386275
2013-08-27,-2.482846057116793,-4.548987943099158,-2.048583521318522,-3.6399755911588723,-2.1113227143051847,-1.7309804801105457
2013-08-28,-1.953088571131237,-0.9840656432330028,-2.0327120742486526,-0.7874223819168525,-2.107518462485241,-1.7311807885249908
2013-08-29,-1.986382775845871,-2.8582595789878904,-2.0306116863940833,-2.2871010499148228,-2.1030777837054457,-1.7652411230614524
2013-08-30,-1.9620254098031764,-1.5118980765210386,-2.0594400642657913,-1.2097794418657724,-2.1087220285280144,-1.709463661502139
2013-09-02,-2.2539530623871435,-2.6044532116738788,-2.069940149633228,-2.084012144545181,-2.132292836157219,-1.7920072517228673
2013-09-03,-2.4879222143284934,-5.2113665423007065,-2.2295323323785308,-4.169992808913253,-2.1475313836702847,-1.9533610555203809
2013-09-04,-2.291589361747677,-3.6735526922714503,-2.3310904295989783,-2.9394762747148846,-2.1610429761415504,-2.0261319396470108
2013-09-05,-2.063478110350712,-3.255341508981492,-2.3691127824705505,-2.6048351373527985,-2.153057933908585,-2.1358117469367675
2013-09-06,-1.99592639456798,-2.4507271986072725,-2.334739821633176,-1.9610047982325862,-2.151186840583036,-2.0518369974376944
2013-09-10,-1.7615865768974115,-4.474236640701592,-2.415077883186957,-3.5801616458290666,-2.1336602125999913,-2.195366001795514
2013-09-11,-1.547441098735302,-0.42467851582103977,-2.396606877658965,-0.3398161197642161,-2.097278067100596,-2.1499216087169906
2013-09-12,-1.7319387640904202,-1.5273611810493708,-2.3820399612155114,-1.2221525946968437,-2.0747362948684263,-2.1385527333905094
2013-09-13,-1.7875295349620928,-0.1604448362708304,-2.2881967695677106,-0.12838356466502746,-2.069702130716968,-2.036337017379418
2013-09-16,-1.7890231104894836,-1.0098022292169382,-2.3072517973273445,-0.8080160932990513,-2.066437659992071,-2.029935816237819
2013-09-17,-2.0244270372847053,-0.585335676801243,-2.2942048896427933,-0.46836958084778496,-2.055848969688429,-1.8547829910444842
2013-09-18,-2.0588029834969426,-2.190722854627885,-2.308438015760684,-1.752956441649018,-2.0494854167581082,-1.8084399218819052
2013-09-19,-1.3465595696940964,-3.9294122724971317,-2.426856169420218,-3.144208104835133,-2.01231493571208,-1.9304918322725648
2013-09-20,-1.7235745390297124,-2.4008111184554957,-2.3517302453508195,-1.9210633177029603,-1.991954270191197,-1.8763731884349706
2013-09-23,-2.120995134394813,-4.012174419136469,-2.461888957564969,-3.210432108373349,-1.9882864529372444,-1.9053179219403649
2013-09-24,-1.981139400255873,-0.40219013448311686,-2.4213840789974053,-0.3218215327970447,-1.983836411002572,-1.8476022166447077
2013-09-25,-1.7717438457566157,-0.8974947942510774,-2.390442912849975,-0.7181507590544217,-1.9581892167793598,-1.871387213910902
2013-09-26,-1.615950776537761,-0.18802889935124745,-2.3019429243566525,-0.15045557663200138,-1.916908489132739,-1.7052195941715271
2013-09-27,-1.6640928701750766,-2.157063337308094,-2.3345851185853834,-1.726023017558481,-1.9031467890872074,-1.7499148625354144
2013-09-30,-2.080345920434449,-4.119688439255313,-2.299171217151501,-3.29646188331123,-1.9076212245438067,-1.7979796641257195
2013-10-01,-2.0516283932248576,-2.1161483758017123,-2.2561439633949525,-1.6932839856992385,-1.9118880332781722,-1.8210036900225515
2013-10-03,-1.748927824267906,-4.078738611714908,-2.3678938910986393,-3.2636949526062673,-1.8878392124153514,-1.8771790618349837
2013-10-04,-1.6938643325713951,-0.23994937890740742,-2.2485215685288424,-0.1920009226803204,-1.85002693233168,-1.687750876776273
2013-10-07,-1.8342010135789528,-0.5200101970929203,-2.157437272667647,-0.4160979207349554,-1.8282465347998362,-1.5675900027772283
2013-10-08,-1.7156658544797183,-1.1009284398900394,-2.1302382018021637,-0.8809327918513252,-1.8116840464250268,-1.485499414896206
2013-10-09,-1.6655679917625963,-2.8510495734683454,-2.2161640773926026,-2.28133180092328,-1.7959526939104844,-1.5007530816910009
2013-10-10,-1.5616379330457282,-0.6527668695757536,-2.0862900416084886,-0.5223261748973016,-1.7864313299175474,-1.355141868789488
2013-10-11,-1.4490339381653767,-2.297459897756784,-2.1300698500926147,-1.8383645008748182,-1.7817452746523128,-1.4265013155090407
2013-10-14,-1.584907199944244,-0.7837981907411433,-2.0609211371510567,-0.627173850179197,-1.774743771597733,-1.3981689943415336
2013-10-15,-1.7487608129350594,-0.8210003489214299,-2.037891212897736,-0.6569419984813045,-1.772897641977398,-1.4233384435708802
2013-10-17,-1.7211312531751783,-1.0467090286585412,-1.985966406797225,-0.8375479036260111,-1.7696646963910028,-1.4247447202531165
2013-10-18,-1.5672178484320498,-3.272591385254282,-1.9213405682290108,-2.618638016008197,-1.747892830255162,-1.527138455260755
2013-10-21,-1.487128365896104,-0.40496724418000174,-1.8123877199592962,-0.324043699933356,-1.7206702294170269,-1.459094991369533
2013-10-22,-1.3293521507067978,-0.12335774723359183,-1.707988261234366,-0.09870749154035055,-1.71985082851287,-1.31407115264121
2013-10-23,-1.392133431165819,-1.0170642645243069,-1.6601994967649338,-0.8138269751021249,-1.704067918614589,-1.2613456125173608
2013-10-24,-1.384657772290337,-1.0872769766144952,-1.5473008412953637,-0.8700092647441663,-1.6690042347048522,-1.1498969056778758
2013-10-25,-1.7621072270526656,-0.9041355466513816,-1.563282742323042,-0.723464507287302,-1.6585741312189852,-1.1690227616059832
2013-10-28,-1.7285958318045012,-1.9215918652792368,-1.5764237651307043,-1.5376051933478165,-1.656519463887932,-1.2080444013342402
2013-10-29,-1.385350352745054,-3.7027724404298406,-1.6945013519360044,-2.9628571170927365,-1.6455384913263746,-1.341968284213323
2013-10-30,-1.424488301044369,-0.8683035082302003,-1.689784727903113,-0.6947926912996544,-1.6341287499391983,-1.2928620782009979
2013-10-31,-1.1027640226814857,-0.9153275632799456,-1.7007844574524031,-0.7324200525323973,-1.5875772309985807,-1.1707648481639106
2013-11-01,-1.277983930131437,-0.15556105018455535,-1.6329457306376256,-0.12447569276718035,-1.5507370184703226,-1.0960596913576222
2013-11-05,-1.3694957418060312,-1.5482809700499036,-1.5535746872227179,-1.2388920370270107,-1.5326688240673763,-0.9996405049014669
2013-11-06,-1.157814584424218,-1.4101817855399368,-1.5205537094588661,-1.1283888510298288,-1.5071426455841774,-1.0442304062514436
2013-11-07,-1.432232854925632,-1.3181480961901866,-1.4307528320273233,-1.0547460128891855,-1.4880013046959237,-1.07464222016355
2013-11-08,-1.480837786355346,-1.8514414461159658,-1.4790612090817516,-1.4814727488001824,-1.4768190157376206,-1.1032393609706381
2013-11-11,-1.729574644186058,-2.5570634024154266,-1.53438016268723,-2.0460921168097546,-1.479866951567309,-1.0920374712509466
2013-11-12,-1.4355621394058802,-2.5820980154393567,-1.6141824665568336,-2.0661241286508614,-1.473863342346364,-1.1655516595249256
2013-11-13,-1.8551263853422133,-1.2315041036114989,-1.5833304921002804,-0.9854158625234519,-1.4932010779262133,-1.12493505769867
2013-11-14,-1.680075574784927,-2.5594101602913653,-1.5313212161348155,-2.0479699282028876,-1.4977329052995791,-1.1925920137950363
2013-11-18,-1.3489233334656023,-4.2541851867354765,-1.6025891098326075,-3.404082497839507,-1.4786930253248431,-1.3234082280501889
2013-11-19,-1.4379204225868676,-0.4518953468128615,-1.4816943343358728,-0.3615942826694871,-1.4652067952968284,-1.300743769909402
2013-11-20,-1.2476965218096554,-3.095083332834553,-1.576865466133444,-2.4766009330077594,-1.4499914940290952,-1.2939800992903334
2013-11-21,-1.6073183045660406,-4.617416677437634,-1.7134456821449349,-3.694730390653077,-1.4557148244419493,-1.454488989324606
2013-11-22,-1.41925887791336,-0.6505073818323416,-1.6984316468763447,-0.5205181946745756,-1.4599960971660715,-1.4745752132833783
2013-11-25,-1.4822332886585317,-4.508342371434571,-1.7536747401418857,-3.60745211767457,-1.4642865665704865,-1.6076049819773044
2013-11-26,-1.30107722477415,-2.258420845440055,-1.8071965393373621,-1.8071265201827753,-1.460306540498287,-1.6522296131886667
2013-11-27,-1.4824701550437562,-0.40902646589734404,-1.7442487582753812,-0.32729177800149917,-1.4469904894502437,-1.6333642451274382
2013-11-28,-1.0969608979141503,-0.8879333651523984,-1.7477199307557563,-0.7104999653018059,-1.4169126354554649,-1.5939782818871517
2013-11-29,-1.1442533254915712,-2.4301766430319285,-1.8013591405594396,-1.9445608063788633,-1.4054318246338706,-1.5454879813769675
2013-12-02,-1.119090647192886,-1.6734747771511742,-1.8222513321758604,-1.339068693398277,-1.3908890792123716,-1.5761677910007112
2013-12-03,-1.289027737991862,-0.5574855485908454,-1.7317478042870793,-0.4460846708492265,-1.399758779941437,-1.5625327728253222
2013-12-04,-1.175757706778536,-1.1875358924961954,-1.757833425897619,-0.9502337039315806,-1.3948908645436797,-1.60185458288077
2013-12-05,-1.086845108574907,-2.2820054460721417,-1.8297883491922373,-1.8259982718123342,-1.381431310580293,-1.629812022632452
2013-12-06,-1.0378053527440432,-0.6797040504333223,-1.8185430087225378,-0.5438805694225555,-1.375716585262189,-1.6019782949368677
2013-12-09,-0.9442399099013384,-2.5766214731432133,-1.8681878252734951,-2.0617419494647957,-1.3524788259753182,-1.649930482392849
2013-12-10,-1.1599791677247184,-0.4375652884148405,-1.8526354833322773,-0.35012776232669174,-1.3371998441357644,-1.596056911608397
2013-12-11,-1.1151068966547784,-0.9623679579161745,-1.8206613530868416,-0.7700604882548319,-1.3079394752057036,-1.5352935007248294
2013-12-12,-1.2045075719432894,-2.54047509152641,-1.7819181081233941,-2.0328186046593926,-1.2969368767551042,-1.533707523391902
2013-12-13,-1.4059553134889518,-2.0704237880260683,-1.8219887841165898,-1.6566964225970697,-1.2755477780954247,-1.5656732643477886
2013-12-16,-1.587912815176206,-0.6027542843113298,-1.811569674817636,-0.4823074736190498,-1.2711590752569144,-1.491117909367606
2013-12-17,-1.2809857422925717,-0.7494409500604862,-1.831365671480167,-0.5996821269604361,-1.2679239518677226,-1.3575750345638409
2013-12-18,-1.009497182112986,-1.793717735220373,-1.839546896985849,-1.4352838159387948,-1.24752284517849,-1.408703107576665
2013-12-19,-1.3232634667738716,-0.3724917416775768,-1.8049572288571036,-0.2980576920788461,-1.2511212711291668,-1.3049629532467166
2013-12-20,-1.051123061223475,-3.594839225486961,-1.8808469331669961,-2.8764919139351024,-1.2246357833509496,-1.2659992162601466
2013-12-23,-1.0766065580077888,-0.6663944194088168,-1.8413453656100913,-0.5332305671225879,-1.208319006212589,-1.2666045673290993
2013-12-24,-1.0601613871189048,-1.1006387224393952,-1.792797876277557,-0.8807009678803961,-1.1882203442345116,-1.1367592744817578
2013-12-26,-0.8521834579277119,-0.2627505712626383,-1.7154862948049996,-0.21024581245811455,-1.1668444505751574,-1.0607173360186788
2013-12-27,-0.9409780429290284,-2.0743001020734178,-1.7435794947537302,-1.6597981429560833,-1.1410591119030276,-1.1241700200641351
2013-12-30,-1.0071860806202078,-1.662598816962251,-1.7136857833094263,-1.3303660478618886,-1.1367841206033158,-1.1536874525669962
2013-12-31,-0.9936910004133582,-0.9118025540094941,-1.6022730288852272,-0.7295994366363897,-1.129614486075782,-1.095832149245926
2014-01-02,-0.9608464774636744,-3.3530181825921517,-1.6989771234112034,-2.68299333698218,-1.1220790494220099,-1.1598285608451595
2014-01-03,-1.223980684947884,-0.6113391117817554,-1.6161856493761102,-0.4891768174901549,-1.11898157070563,-1.1618805678280608
2014-01-06,-1.0613422467926623,-1.240711323721245,-1.5036288042522303,-0.9927832279421148,-1.1135332154682076,-1.1639067356380863
2014-01-07,-1.06099376282618,-1.4988892683959638,-1.5319082004710178,-1.199370149812762,-1.1123021990039823,-1.1340673012571543
2014-01-08,-0.9772465457878782,-0.5153945289178303,-1.3988099390537931,-0.41240458944800323,-1.1094184462917842,-1.1278065403059852
2014-01-09,-1.211869508736667,-0.34176712014001853,-1.334921481543792,-0.2734726912295993,-1.1221627129029903,-1.0426508613424044
2014-01-10,-1.0717153986833905,-0.5893383068860812,-1.3409318762434166,-0.47157237584119693,-1.1179596762819746,-1.0484339381764283
2014-01-13,-1.295768772182718,-4.276917981807566,-1.453898030131922,-3.4222726579841933,-1.126562622735686,-1.1747297557825884
2014-01-14,-1.5704031100650628,-1.7786297947795604,-1.4321798018568432,-1.4232108591377703,-1.1439862197891038,-1.145700815519654
2014-01-15,-1.201516916830189,-2.879474971846946,-1.4723798083467023,-2.304077026358321,-1.1342510580434484,-1.1765284633178088
2014-01-16,-1.1913298390606093,-0.1993494334678717,-1.4604419378426032,-0.15951395805196183,-1.1153661544188962,-1.1611573435289
2014-01-17,-1.5659885613885374,-1.9447335807273776,-1.4856818607836426,-1.556122560380315,-1.1289377172329897,-1.2067021260727036
2014-01-20,-1.5363501492795633,-2.1110004523552783,-1.479981694326414,-1.6891647583184317,-1.1540259537647315,-1.2187916947574482
2014-01-21,-1.3862969072759794,-0.43573653826503067,-1.471849443920804,-0.34866444653186,-1.1570275461695938,-1.2212015402075918
2014-01-22,-1.2114760710528936,-1.1931934578085683,-1.4257351767429827,-0.9547607327784398,-1.1646634037805186,-1.1296905315810841
2014-01-23,-1.3337084779302075,-0.539660676595935,-1.429138356349019,-0.43182169636158646,-1.1769063523482528,-1.1248615377353222
2014-01-24,-1.4199839867883086,-2.6039891428683593,-1.483859062514092,-2.0836408093941894,-1.1940407618563196,-1.182144387331217
2014-01-27,-1.7913835040060702,-3.445095906156497,-1.514013089668428,-2.7566714100955925,-1.2387645735743367,-1.3034027491234776
2014-01-28,-1.4455708472908086,-0.5005236956718349,-1.4616830865899537,-0.4005053558794175,-1.2627928023534691,-1.2434364259293509
2014-01-29,-1.4708067539815155,-0.5116210935073913,-1.4586453135631559,-0.40938518975721067,-1.2848699772754362,-1.199580194591033
2014-01-30,-1.360207426339219,-1.143118022269209,-1.4717678826367797,-0.914691740431158,-1.3023231404147626,-1.2083941138193552
2014-01-31,-1.5624843665192685,-0.656353052971288,-1.4338557265618104,-0.5251957406531236,-1.3309725637031247,-1.1056418473274954
2014-02-03,-1.7490846696131412,-3.9159578628416694,-1.5519712639339467,-3.133442254639019,-1.355977515353851,-1.2315592490964888
2014-02-04,-1.3062975897821263,-0.345696397433708,-1.4436665029988385,-0.27661679132808853,-1.3676420554962063,-1.1974560854482017
2014-02-05,-1.4222808420147164,-0.9390158851051377,-1.4527538851887158,-0.7513747990205736,-1.3848462021242318,-1.1761229735057168
2014-02-06,-1.3999348149532689,-0.6820452917361411,-1.4388007708319404,-0.5457539666049335,-1.4049742149416313,-1.182472943846523
2014-02-07,-1.3207347092929618,-0.8305378171121222,-1.4577270123602566,-0.6645736193714497,-1.4101582721109789,-1.2010967975675635
2014-02-10,-1.68949633692028,-0.6071834300807986,-1.4088231232938362,-0.48585155478440173,-1.4395764120270211,-1.2017767584696208
2014-02-11,-1.553182711363155,-0.3904049971220295,-1.3664166626324954,-0.31239138858268406,-1.4518342186546611,-1.053687174212406
2014-02-12,-1.3753934943179489,-0.9298790298125275,-1.3670192118259297,-0.7440637376018454,-1.442548046476227,-1.0213468350916477
2014-02-13,-1.4860908148859715,-3.4026515428130093,-1.368673657166625,-2.722708592764554,-1.4560991844788833,-1.0412816715871827
2014-02-14,-1.627025511993302,-2.2077921860382945,-1.421888759641843,-1.7666148532492392,-1.4768465974756784,-1.1178102856441958
2014-02-18,-1.4084462556638118,-3.6946754792358663,-1.5036875648256638,-2.9563781504572373,-1.469344582917358,-1.1844891232669064
2014-02-19,-1.4881712712018822,-1.701405715167624,-1.5104381130513858,-1.361418265190895,-1.4670503506279446,-1.1688821474036903
2014-02-20,-1.287397067167012,-2.6240874341897023,-1.5807278765604482,-2.0997229117758125,-1.4623408344322795,-1.2522658838438787
2014-02-21,-1.3838936950719425,-3.3355847462026635,-1.680521797429203,-2.6690435785476643,-1.4705511974808056,-1.3338984003090797
2014-02-24,-1.368039297715159,-1.353321235132954,-1.7059878950374319,-1.0828905955562673,-1.4721859984229462,-1.3649016812231123
2014-02-25,-1.2994500521249543,-0.6227441664765798,-1.5841821011930657,-0.498302829962439,-1.4664462872485007,-1.289409396488267
2014-02-26,-1.091062079500824,-1.0430814401114445,-1.5596638227041286,-0.8346452066016695,-1.4330976479863462,-1.1978843391790326
2014-02-28,-1.1038062793063592,-1.088464220396525,-1.499963464322448,-0.8709592647093012,-1.4168231447489914,-1.2202869062661699
2014-03-03,-1.3085262564159588,-2.2014115799673952,-1.5666988692057653,-1.7615092669857921,-1.4090955020077747,-1.2846737670865787
2014-03-04,-1.009226126271904,-2.5760362714854534,-1.5877422922310347,-2.0612736871223154,-1.3923821067664737,-1.3392729074052052
2014-03-05,-0.9006838346526809,-1.0181818333753077,-1.5513150049317024,-0.8147212230952974,-1.3608677957252076,-1.3530598351405467
2014-03-06,-0.8682071217560056,-2.0010452965072005,-1.6034919635397746,-1.6011816534134757,-1.3189212458272488,-1.2800950446059969
2014-03-07,-0.7172575117032727,-2.09073290174889,-1.633409945004452,-1.6729472192915924,-1.2908717182996843,-1.3465869697471162
2014-03-10,-0.8883212247269624,-0.11134844721782106,-1.6191328706918482,-0.08909797850775981,-1.2654450698574102,-1.315049978294125
2014-03-11,-0.7999407278309304,-0.3683537937220498,-1.5446116923869713,-0.29474661943059843,-1.2368739228515848,-1.3030972474762994
2014-03-12,-1.0015547175949242,-0.20579554827212054,-1.4366350137908255,-0.1646719626100676,-1.2216748756278686,-1.2792924066781386
2014-03-13,-0.9473852454774316,-0.9203132468038386,-1.4506279988285586,-0.736409459969659,-1.1863362522258283,-1.2912237354964842
2014-03-14,-1.0986934949282017,-0.5267401376264244,-1.4511319669658598,-0.42148303486986255,-1.1646939085860686,-1.2964185757958735
2014-03-18,-1.0739609190264563,-0.4889224611468747,-1.429325448261782,-0.3912223656788773,-1.150339976429331,-1.2796166057043037
2014-03-19,-0.9248693796223656,-0.12571875950339906,-1.411637638479519,-0.1005967089091418,-1.123615146178683,-1.154754135044522
2014-03-20,-1.0752613221758816,-1.489835663407244,-1.3307668984983716,-1.1921257030076375,-1.097340660949282,-1.1273975088425412
2014-03-21,-0.7107059428764287,-0.11695342388036478,-1.32314213271326,-0.09358292735701412,-1.0641149317689302,-0.9910739267901496
2014-03-24,-0.9142275174219738,-2.8170158389250233,-1.3857421311739229,-2.2540989384573322,-1.03678427682703,-1.0335825302790276
2014-03-25,-0.841539909412781,-0.2054583771726749,-1.369855900688474,-0.16440216752874887,-1.0155529836006378,-0.941424399600596
2014-03-26,-0.7089035595648758,-0.20699332103556967,-1.349071084152589,-0.16563038757782855,-0.9834105961955396,-0.8222142476496513
2014-03-27,-0.4025774807944364,-0.25309885208286104,-1.337268264885991,-0.20252277105493727,-0.9374362239612194,-0.7802919702924452
2014-03-28,-0.74685083375998,-1.2480097452334842,-1.3658550898230395,-0.9986232249899945,-0.9111219754676493,-0.804116751008043
2014-03-31,-0.6746241674704516,-0.07429785903278452,-1.337335717463715,-0.059451112365544456,-0.8912915987042983,-0.7672027465206086
2014-04-01,-0.7735629984280283,-0.41505510649003535,-1.2377491695862823,-0.3321157311268433,-0.8755657281862823,-0.7415435306357295
2014-04-02,-0.5558193618955026,-0.6843013692599009,-1.186966142360336,-0.5475592180632728,-0.8397225427329273,-0.683736385448943
2014-04-03,-0.7098489125191613,-0.4238228949340603,-1.077937722883609,-0.33913147535916427,-0.8254664849351778,-0.6017296134602214
2014-04-04,-0.737594175706595,-1.2602199804621539,-1.06323153172676,-1.0083935208779158,-0.8177003106996498,-0.6109521038308223
2014-04-07,-0.7662394660517838,-0.3811967019536162,-0.9884685073188905,-0.30502316293151316,-0.812844708047068,-0.5492302709507288
2014-04-09,-0.5683917148858844,-2.816995387676378,-0.9711821953680143,-2.254082573928165,-0.8057558605795732,-0.57690338307628
2014-04-10,-0.4239353637853127,0.14347529259464908,-0.9212889777770942,0.11480500047733797,-0.7836422481537804,-0.567193717410323
2014-04-11,-0.5095987987120646,-0.7151685637781544,-0.92436979102048,-0.5722583019077222,-0.7698164420052629,-0.5804085594330431
2014-04-15,-0.7484591487099188,-2.0442270914067926,-0.957741312730325,-1.6357345432832737,-0.7577642720583578,-0.6504591585127196
2014-04-16,-0.8486381210876677,-2.5388477937086957,-1.0060874318407305,-2.0315164855045134,-0.7530620280397977,-0.712130921633427
2014-04-17,-0.5830647559616154,-3.8429507726749073,-1.060805404930981,-3.0750239801760837,-0.7285082785651984,-0.8384900142670565
2014-04-21,-0.5412716408126956,-1.6505030931567657,-1.0299542989866914,-1.3206873808792345,-0.7031421224597812,-0.8827502530861211
2014-04-22,-0.530608543303298,-0.27450160014262015,-1.0051649578789352,-0.21964866399985683,-0.684367796920778,-0.8884193938047267
2014-04-23,-0.4662343655970959,-0.4407638923597086,-0.9531555777406856,-0.35268719761883544,-0.6553665132741692,-0.8484461316433551
2014-04-25,-0.6654289007356663,-1.9118954505409023,-0.9471943293670859,-1.5298463877825408,-0.6532104636484186,-0.9168396297588564
2014-04-28,-0.5327163304059587,-0.9528911106129891,-0.9752457514802582,-0.7624773745389417,-0.6350432642667035,-0.8458100314770283
2014-04-29,-0.5649953272701255,-2.1124240135204113,-1.033381425473537,-1.6903038529826562,-0.6218744746408628,-0.9184720164986429
2014-04-30,-0.5730624904529502,-1.0110877251679107,-1.06022449803673,-0.8090447119594221,-0.6154058523021997,-0.9491107938501474
2014-05-02,-0.9252880699292568,-0.3757183987317505,-1.0420713364343268,-0.30063957470090275,-0.6402968327371911,-0.9537830225951934
2014-05-05,-1.0125974187828368,-0.6452254525511171,-1.0460208469318166,-0.5162917394941325,-0.6529514320239939,-0.9308148566191999
2014-05-06,-0.7103801632737261,-1.1363421830540799,-1.0676015043287237,-0.9092698994280174,-0.6546540984908165,-0.971282417907889
2014-05-07,-0.7222522714071622,-2.841024542825176,-1.158111697106116,-2.2733100459091533,-0.6522107305374417,-1.0637202424213323
2014-05-08,-0.8879601308137807,-0.7355912575861852,-1.132970216912081,-0.5885999822763666,-0.6680269576287884,-1.0656745645267176
2014-05-09,-0.5794243216224916,-4.945786451164267,-1.2939313178215444,-3.9574828921303595,-0.661816262824185,-1.2379770129443937
2014-05-12,-0.454723510451812,-4.519061659264024,-1.3506661784995109,-3.6160293982789304,-0.6483462311453858,-1.3621501499634896
2014-05-13,-0.3260804320217502,-1.5447737889817916,-1.3953100255598148,-1.2360856867703414,-0.6273862771439558,-1.4064864606224814
2014-05-14,-0.4063988182013848,0.01432108469882154,-1.3879328787020018,0.01145933983441564,-0.6196723296827891,-1.2986035123480728
2014-05-15,-0.4755393737098051,-0.27804307256090843,-1.3887643527179365,-0.22248245325596758,-0.6221296634887172,-1.3146648196687065
2014-05-16,0.0925788341400851,-1.4170920946246242,-1.3944004310309746,-1.1339182911405203,-0.5934545381148053,-1.341410533441697
2014-05-19,0.0385789200653099,-0.3929540178066263,-1.4050223029901028,-0.314431045136922,-0.5559765348397945,-1.2784913192442515
2014-05-20,-0.0012420679559124,-0.09132920549497192,-1.3942314396236006,-0.07307912945030656,-0.5156243418335203,-1.1852323975273846
2014-05-21,-0.0116843220318896,-0.3627607725269072,-1.383513419732501,-0.2902712370189925,-0.4884157497416287,-1.0526251240437137
2014-05-22,-0.0159241758419605,-0.063554202123354,-1.3715044633054774,-0.050854332290662635,-0.46339920379064137,-0.9921568836347341
2014-05-23,0.0510236332661842,-1.0187139406171877,-1.3634542619773116,-0.8151470007400283,-0.4357024334778088,-1.020513947289028
2014-05-26,0.1321949612813652,-0.7012868370936173,-1.374123933148645,-0.5611505243257863,-0.4072057988645487,-1.030440772370311
2014-05-27,-0.4500232577967938,-1.0587048042826992,-1.3155142470355226,-0.8471465948107597,-0.3969483872960311,-0.9979312584192739
2014-05-28,-0.3494094852447648,-0.07868873840988722,-1.3229197147356735,-0.06296457381153983,-0.3882194899074028,-0.9646211250513026
2014-05-29,-0.4439317954541225,-1.347007505135716,-1.3439810127809257,-1.0778385216957558,-0.38245455982092647,-0.9354561092757359
2014-05-30,-0.2617869513730042,-0.12053302568614431,-1.2798578772569043,-0.09644722670493211,-0.3676319151028338,-0.9015228956921888
2014-06-02,-0.3292913608344021,-3.148726582267371,-1.30018717020886,-2.519524792338298,-0.3392511194316502,-1.0071840965320649
2014-06-03,-0.1478414065609865,-0.608521366130534,-1.192372856657381,-0.4869221345758818,-0.29807226170680023,-1.0057855439169099
2014-06-04,-0.0817922601826597,0.05840650871882869,-1.1354092032615277,0.046735288983093606,-0.26813950441674944,-0.9602614873259047
2014-06-05,0.1661045372525611,-0.9902484288438551,-1.1592674308849023,-0.7923696776649125,-0.22583679924247688,-0.8897405174095122
2014-06-06,0.1670022972878627,-1.2862719929074031,-1.187451034236492,-1.0292396278774145,-0.17560049314239864,-0.9107233576762288
2014-06-09,0.1409477303714584,-0.8503532188278392,-1.15206629317939,-0.6804293612367662,-0.14129706209506768,-0.7546731895384385
2014-06-10,0.0816133032565352,-0.11271408427899643,-1.1240603923015902,-0.09019072389008187,-0.11575721382324163,-0.5867761098056363
2014-06-11,-0.0234357346570972,-0.653470269786814,-1.0754286008438037,-0.522889016485607,-0.10134556156778197,-0.5528143636016013
2014-06-12,-0.2436960883115922,-0.5627874924265831,-1.060485259752426,-0.4503271411281502,-0.0935978125254109,-0.5748041960283902
2014-06-13,-0.2203775367533206,-2.4788607150499997,-1.130590003629701,-1.9835164677348858,-0.08144724886081639,-0.6586629586226244
2014-06-16,-0.3801096539689658,-0.19977165152773135,-1.1157415435955882,-0.15985180538223823,-0.1039562244850569,-0.6122788402531824
2014-06-17,-0.3771891560153276,-2.4162041111026893,-1.158403607863875,-1.9333803689265563,-0.1237547042984206,-0.6893716651955458
2014-06-18,-0.1458536972596473,-1.9290961509633542,-1.1280059948018144,-1.543609917269037,-0.1306409723605032,-0.7593969408059615
2014-06-19,-0.4721237757386979,-0.6800565860772179,-1.1261548390848486,-0.5441626587916293,-0.152566660632256,-0.7714870085094205
2014-06-20,-0.4599879475581618,-1.001020255285061,-0.9946626325555419,-0.8009889982277796,-0.1737125545235037,-0.8072077068873785
2014-06-23,-0.5874148769604621,-0.8412066053789592,-0.8720674640927065,-0.6731104916085898,-0.20411438834382015,-0.8004440635954052
2014-06-24,-0.2534488604130479,-2.3283853423335095,-0.8981878492044303,-1.8631101948210471,-0.22247837985307792,-0.8624421431427985
2014-06-25,-0.2825635841833522,-0.40685526628629265,-0.9122270609039342,-0.32555444352477236,-0.2145041096810093,-0.8376044216529897
2014-06-26,-0.1839202010371172,-1.583125020866842,-0.955729792514132,-1.266773292386933,-0.20662366757588319,-0.8949286463470559
2014-06-27,-0.2654655271424225,-0.5752891920101603,-0.9276696957603165,-0.4603306588119582,-0.19812527384675466,-0.8655235100192562
2014-06-30,-0.0513501924275292,-2.4283436179859947,-0.9955160157662954,-1.943094069929209,-0.188104475801732,-0.9534590739823169
2014-07-01,-0.1085792806996167,-0.46688866307274113,-1.008034664352221,-0.3735915237919391,-0.17759437674769463,-0.8512717754801093
2014-07-02,0.0586215585761098,-2.193195967735322,-1.069049170859168,-1.7549353590385226,-0.16776280697926146,-0.9116533575973779
2014-07-03,-0.0636800484378244,-0.28526925705148076,-1.0764396726901058,-0.22826464821711187,-0.16690032070569788,-0.9247485927021496
2014-07-04,-0.0131978629144998,-1.4659442019425275,-1.0913473480676172,-1.1730084097423068,-0.1754385302374627,-0.9428742466105969
2014-07-07,-0.0092720736577478,-0.40037996273903587,-1.0813171189224642,-0.32037308293376116,-0.18383254790153936,-0.9091186968513755
2014-07-08,-0.101788330982325,-3.642476817060367,-1.16744285268172,-2.914610210294151,-0.19539140796600526,-1.0155082610922033
2014-07-09,-0.285247232507915,-0.8891315436482485,-1.194457612856332,-0.7114587149255244,-0.21286095728812193,-1.0450924511415098
2014-07-10,-0.2124684853616379,-0.8962653132180969,-1.1794328731257449,-0.7171669619976213,-0.221862516845481,-1.0543437818801773
2014-07-11,-0.5433450874107251,-2.4820761655654127,-1.258150977788387,-1.9860893831914848,-0.2361315168025826,-1.1274753172165266
2014-07-14,-0.825741430060639,-0.24975889148435715,-1.1615187214289533,-0.19985022603919825,-0.26495836886483587,-1.042538829516732
2014-07-15,-0.5795981110473268,-2.303080218997754,-1.2180040165245274,-1.8428617280355624,-0.27445781920190065,-1.1226821591668903
2014-07-16,-0.4057559532180587,-2.112256328610024,-1.290359444435489,-1.6901696761089315,-0.27581814287822115,-1.1111006976041462
2014-07-17,-0.3549377056037079,-0.3416978145582173,-1.2687410906259677,-0.2734172348007753,-0.28577452422793836,-1.0506153317723244
2014-07-18,-0.3388736232351802,-0.8335557682104354,-1.2536505498027355,-0.6669885012024371,-0.279429278870628,-1.0564641814109341
2014-07-21,-0.3821445751994071,-0.8521094430488767,-1.2537090906101034,-0.6818346437693076,-0.27572245161544917,-1.0507901645319593
2014-07-22,-0.2239589169583408,-2.44360272155358,-1.3314053785192563,-1.9553039867774682,-0.2584150249486815,-1.1118469976352392
2014-07-23,-0.295357354429234,-0.856780042606553,-1.3381823709465808,-0.6855719296444679,-0.2604106675208808,-1.055773746912545
2014-07-24,-0.2966141441112633,-1.1310943561054103,-1.3571259330692085,-0.9050707320002908,-0.2610797418031623,-1.0833697606494743
2014-07-25,-0.4113982296925247,-0.9719723741443715,-1.3068963217056875,-0.7777456791314096,-0.27191202888199123,-1.0600827314468304
2014-07-28,-0.4999240815636968,-1.4271402828308455,-1.347808609415791,-1.141958576202498,-0.28307672194967093,-1.0925412037035227
2014-07-30,-0.3554909998746543,-0.7918731621921118,-1.2936642444521054,-0.6336352212244685,-0.29755961754239124,-1.0301860204318687
2014-07-31,-0.1494470581971286,-0.9272517608034492,-1.2602694314467753,-0.741961468880962,-0.2995057021851299,-1.0477274463884885
2014-08-01,-0.2850154811383827,-2.3345679128447996,-1.3154198090056946,-1.8680573184523275,-0.31586937074296284,-1.0531142063605745
2014-08-04,-0.3528036820045864,-2.1006697124148217,-1.35207479091002,-1.680898383095583,-0.32963716281757055,-1.1222872413547875
2014-08-05,-0.1884583855555485,-1.9858834514879802,-1.3902306857803206,-1.589049560192473,-0.3379829019909539,-1.1420987247095573
2014-08-06,-0.2817256025074846,-2.395353389399766,-1.3924629540158626,-1.9166961923567276,-0.35095687955522703,-1.218114110872556
2014-08-07,-0.3569707738186985,-0.9522470284420388,-1.4106426794210543,-0.7619619976220791,-0.3631084244521972,-1.1156070531262665
2014-08-08,-0.4917248114664032,-2.4116254945714153,-1.4382593618778732,-1.9297166853504333,-0.37294069011688713,-1.1736193374322146
2014-08-11,-0.4960715227442407,-1.9398226030791808,-1.483743808913507,-1.5521929305391806,-0.38644559665891587,-1.2133824787913365
2014-08-12,-0.4224856281820505,-2.989464980739802,-1.5024478543386341,-2.3920880197153584,-0.3806903843146932,-1.2327157471972352
2014-08-13,-0.437299657171284,-0.2508924783084438,-1.4952479815131574,-0.20075729117582808,-0.3621931570342477,-1.23275894077517
2014-08-14,-0.3562132287646287,-1.4078314504206368,-1.4690691642693348,-1.1265081772245105,-0.35155578168745255,-1.198646866927025
2014-08-18,-0.4404953571473948,-2.3546733557248434,-1.5380493008917802,-1.884145143315398,-0.353210039017421,-1.2078837939368565
2014-08-19,-0.1623177829700783,-0.4186045509760225,-1.5031379791928965,-0.3349558994132346,-0.3440376617491529,-1.2108142065374499
2014-08-20,-0.169985790680686,-0.7565851395888958,-1.5150114850878922,-0.6053987117980533,-0.3359953840084627,-1.2078813594229552
2014-08-21,-0.0994909813223832,-0.6367486181095146,-1.4148205451228637,-0.5095088086876142,-0.32253568906193775,-1.199675367276208
2014-08-22,-0.213477544840977,-0.7536788954543482,-1.4103054568497335,-0.6030732148206981,-0.322036576103968,-1.135283425754457
2014-08-25,-0.349071104139624,-0.4047821186978712,-1.3939226836990593,-0.3238955675916823,-0.3245943737092247,-1.1180607418471813
2014-08-26,-0.4644137295218971,-0.020331507046090547,-1.3118645284150818,-0.016268715218625416,-0.33258483015735013,-1.0757368362861497
2014-08-27,-0.2398795284878715,-0.7897170345615561,-1.329863133184322,-0.6319099469338316,-0.3244172729571285,-1.0687922776100744
2014-08-28,-0.129837079572898,0.08535308098645777,-1.2502486898515148,0.06829719825752108,-0.30679408238613814,-1.0111610502548356
2014-09-01,-0.1745745168023674,-1.5434252509395754,-1.2312876539291664,-1.2350066235547832,-0.29817901176364825,-1.0397977836991363
2014-09-02,0.0586630531736758,-1.267220817715671,-1.2621384207010817,-1.0139953991504524,-0.28826900646027664,-1.052751780378636
2014-09-03,0.0851603752507999,-0.5021924430000291,-1.2510929765274015,-0.4018406417976079,-0.27064158472745836,-0.9829319386331731
2014-09-04,-0.0912115297709013,-0.3572652194355488,-1.2345981690736239,-0.2858738459151519,-0.2581848155734734,-0.9165021987674383
2014-09-05,0.0075283113714237,-0.37529282067691005,-1.165654505711068,-0.3002990387946465,-0.24885211571980803,-0.8551331263199226
2014-09-08,0.0886619743219899,-2.163406841695034,-1.2092087323473508,-1.7310989160703465,-0.23121461206126162,-0.8462951607824761
2014-09-09,0.0231673910592826,-0.7479368600311881,-1.1964368158115435,-0.5984785953041573,-0.2131127946861197,-0.838510236862575
2014-09-10,0.0343201229173509,-1.7727331308121856,-1.223128841033804,-1.4184925100942054,-0.18806303590594092,-0.8141662285170403
2014-09-11,0.1027042098037172,-0.37282112861715366,-1.187984869226681,-0.2983212584885846,-0.15954990578460962,-0.7544580536574881
2014-09-12,0.1055964781863307,-0.6189580238229306,-1.1822210312810415,-0.4952732622835809,-0.1344031388146867,-0.6641335413988321
2014-09-15,-0.0168693189787757,-2.1688324022174115,-1.2236070526615068,-1.7354403010370332,-0.11438264651980534,-0.7372136847255562
2014-09-16,-0.0702158376905011,-2.951742478399227,-1.244179538179988,-2.3619035062643117,-0.10076372313532309,-0.7960420337274514
2014-09-17,-0.1776632120702042,-1.1369688929201514,-1.2120561775301655,-0.9097713755022064,-0.0882479067030759,-0.7496432828792042
2014-09-18,-0.1352820616914508,-4.270959395046788,-1.2882253756487925,-3.417504760016924,-0.08696049140409365,-0.8964313238603322
2014-09-19,0.1195490566571937,0.006936417407943596,-1.208149048755202,0.00555033127606099,-0.07317311772133747,-0.8673385122853745
2014-09-22,-0.1137270656643186,-1.089751086346839,-1.212732517352029,-0.8719889796056316,-0.07385102649952487,-0.88459947280528
2014-09-23,-0.174661482206251,-3.167736826250032,-1.2379362284079825,-2.5347362690325443,-0.07200264256453792,-0.9765834277677489
2014-09-24,-0.2445520466129927,-0.2298613743659283,-1.1809375207842077,-0.18392877767712504,-0.0670255445870793,-0.9699183425337222
2014-09-25,-0.2714002951868611,-1.246092757888822,-1.1228251133558413,-0.9970893042079628,-0.05783442866636329,-1.016624084866548
2014-09-26,-0.3301467528175395,-1.6448153765744287,-1.1692892099647076,-1.3161362258117555,-0.06213286792015701,-1.0492062886226394
2014-09-29,-0.4030870397591615,-0.6131585529965424,-1.1428001133839045,-0.4906326845300797,-0.07514477078616955,-1.0758219973268108
2014-09-30,-0.0885433087798334,-0.4012455465409026,-1.0776858530777733,-0.32106569939050006,-0.07104804659462031,-1.0323010009380358
2014-10-01,-0.482935927375237,-0.6139355910416043,-1.084196887746626,-0.49125444909679344,-0.09683847423980664,-1.0074085747450043
2014-10-07,-0.4798729823055471,-2.130063821602819,-1.1299795104804236,-1.7044187443949526,-0.12374482459963268,-1.0694361034401159
2014-10-08,-0.3630483826200906,-0.2598677687385903,-1.1174168155013926,-0.20793907281560037,-0.13668943664007027,-1.0657249237687085
2014-10-09,-0.3623586189537401,-3.165005635098967,-1.1977943734895464,-2.532550844659251,-0.15430309998888758,-1.1720226288098803
2014-10-10,-0.5231264869687493,-2.2717886328613193,-1.2600279239616614,-1.8178230576389842,-0.18343588385987517,-1.1761523498369584
2014-10-13,-0.4475039135575105,-1.047106249468463,-1.294253748709074,-0.8378657488413648,-0.2058488031273415,-1.1875517381006349
2014-10-14,-0.4357417546873862,-0.1728970109736608,-1.273693081256144,-0.13834745389535788,-0.22823270206090043,-1.1265924497102136
2014-10-16,-0.4370687400427068,-1.9835194969592655,-1.3426555005210015,-1.5871579885086695,-0.25393617586311107,-1.1879656273302177
2014-10-17,-0.3772927846233717,-0.6271309175256654,-1.3121123560738712,-0.5018129880333975,-0.27693090266357306,-1.1882770428421137
2014-10-20,-0.4251363999918946,-1.549621967101003,-1.3215257277200492,-1.2399650661479655,-0.2963721922356264,-1.1646829840378723
2014-10-21,-0.4152096756126799,-0.8175674307750153,-1.3320382273125484,-0.6541950713811014,-0.3128004702319206,-1.0833635347577193
2014-10-22,-0.3530773912417452,-1.1561555341981669,-1.3586679044713024,-0.9251240004820646,-0.32115352638294636,-1.0840946121377126
2014-10-27,-0.3338284334467819,-0.26403320252991713,-1.3549592505330692,-0.21127213887703478,-0.3306081155141526,-0.9314168682739085
2014-10-28,-0.3405519021098704,-0.8846221907821079,-1.3123330955026384,-0.7078504542376555,-0.3525176849792509,-0.9653883342507519
2014-10-29,-0.2392667849058466,-1.1294860780901907,-1.3250514027712719,-0.903783831970565,-0.3584957668478951,-0.9669023748395585
2014-10-30,0.0262014487404831,-0.9785631356123619,-1.2985790695979442,-0.7830194259891098,-0.34893086537424106,-0.8834872870755854
2014-10-31,0.1092433838344179,-2.5760949416473737,-1.372021530032285,-2.061320633379371,-0.3320834639243644,-0.9728868992518829
2014-11-03,-0.0215602075109251,0.021293450208808018,-1.350679814231227,0.017038435797395543,-0.3201863168921769,-0.9245951021087704
2014-11-05,0.0550450363691889,-0.01602197251314763,-1.2789194665744184,-0.012820343689532856,-0.301843850740428,-0.8625324410553313
2014-11-07,0.0169243095157164,0.01644030953778519,-1.1799800403098513,0.013155085521696995,-0.28184331029876714,-0.8385425472433419
2014-11-10,-0.0966553884026156,-0.28100248792290383,-1.1514478268099428,-0.22485049639358579,-0.28222959980461393,-0.8339608709101556
2014-11-11,-0.0350276251738704,-0.4817700341449742,-1.0251415147798826,-0.38549918944053224,-0.2609006330331203,-0.8289249061646192
2014-11-12,0.1234683210372311,-0.43238357179234965,-1.0397855144198922,-0.34598149457173283,-0.2321700947787023,-0.7642374180777993
2014-11-13,-0.0099237389378251,-0.7359505832619484,-1.0279921643170626,-0.5888875048430156,-0.21535463555573725,-0.7823778196029142
2014-11-14,-0.0667536041877821,-0.4985579535321325,-0.9390195352264659,-0.3989324228454041,-0.2012782062811678,-0.6807769423736835
2014-11-17,-0.0005505441229378,-1.239431667156921,-0.972671878319499,-0.9917592817990454,-0.1763936375742244,-0.6414405720955911
2014-11-18,0.0857335346902221,-0.03316738987972301,-0.9322410327191957,-0.02653963718848365,-0.1510013781338562,-0.6028059953502158
2014-11-19,0.0894071821324413,-1.1750009850742222,-0.9165805530025222,-0.9402036142447889,-0.1259942859043406,-0.6409896220335222
2014-11-20,-0.086617551099688,-0.49725928145367576,-0.9127172439510933,-0.39789326100861067,-0.10930613404991113,-0.5843579683430432
2014-11-21,0.0126257189910075,-1.6022013967712758,-0.9527491056254391,-1.2820376860341502,-0.09073858625875023,-0.621511525390698
2014-11-24,-0.1665852969134765,-0.8518173835453546,-0.9606784987088974,-0.681600945751796,-0.07842662896930173,-0.5949227577527851
2014-11-25,-0.0056293807735116,-0.32191999787108594,-0.9004070379178396,-0.25759156744617545,-0.05892280540553182,-0.5760368766130268
2014-11-26,-0.1810905244599729,-0.1288138706416877,-0.8960385746479429,-0.10307333209131254,-0.0507329546063998,-0.5368916066896576
2014-11-27,0.1114142237081493,0.09663230232507797,-0.7873173100671413,0.0773225223237539,-0.029530923313307835,-0.5231490037753344
2014-11-28,0.128619669778311,-1.1168785387375917,-0.7488203069296837,-0.8936956242017023,-0.007189419890061101,-0.5319987737736224
2014-12-01,-0.1807785871997031,-0.5308506549952887,-0.7316117871139113,-0.42477215831377024,-0.004404267618339982,-0.5091886940756797
2014-12-02,-0.1127105163803535,-0.5397429026932131,-0.743839983504563,-0.431887491433104,-0.011019123100284583,-0.4924681257634889
2014-12-03,0.1228946844636967,0.0007903118417416088,-0.6776963232111962,0.0006323858953529845,-0.01036906116555702,-0.39427988675040687
2014-12-04,0.0690173623327923,-0.6165441739598515,-0.6773434317590024,-0.4933417657194585,-0.00605584355395143,-0.41858370587025706
2014-12-05,0.052214954101232,-0.43311069013224585,-0.640126389193377,-0.3465633147572801,-0.006190609376235091,-0.4344762283020545
2014-12-08,-0.2107110347485692,-1.721006407466763,-0.6702410217497687,-1.3771022024602637,-0.017030387674534405,-0.5006789563011955
2014-12-09,-0.2756162171249833,-2.004340351619418,-0.6985138489971437,-1.6038182662886955,-0.025552331899409055,-0.5663440882009626
2014-12-10,-0.2394132867232367,-0.29736397371914347,-0.6996248747034512,-0.237942509315658,-0.03528498244937889,-0.5593175796235877
2014-12-11,-0.1927339582620153,-1.3896439898858848,-0.7164589346735771,-1.11195506931573,-0.050342233844581086,-0.5957925117542542
2014-12-12,-0.360668702382429,-1.6223797816387908,-0.7328887247918637,-1.2981838770782892,-0.0670443749609908,-0.6295685294797435
2014-12-15,-0.43997319323375,-0.2595109129039735,-0.7089203173682509,-0.20765352654820737,-0.08481673634413213,-0.6204600106084484
2014-12-16,-0.3637681773207329,-2.3531058063144474,-0.7014873461904867,-1.8828908332000167,-0.10211281411545571,-0.6628948463894471
2014-12-17,-0.2126394954041522,-0.5008832721204761,-0.7188932369347962,-0.4007930791076567,-0.11632105364375925,-0.6807164388617886
2014-12-18,-0.4107487299078664,-2.365151997622638,-0.7971975711051125,-1.8925298656346399,-0.14013800183615482,-0.726065307975591
2014-12-19,-0.1742689003799313,-0.8463009368484589,-0.8259556126513207,-0.6771868361569156,-0.14431187561140452,-0.7393650020302722
2014-12-22,-0.3798028405811952,-2.1631029095294085,-0.8886922933715374,-1.7308557178737185,-0.1629989498767475,-0.7607372892607278
2014-12-23,-0.2912098881018859,-1.500803731386151,-0.9226600832795767,-1.2009020506754648,-0.16893345421905273,-0.7854659133047122
2014-12-24,0.116420776395466,-1.1742168345132407,-0.9473878587036064,-0.939576158437592,-0.16312154197291096,-0.8179413700185889
2014-12-26,-0.577015928279408,-1.561152660062648,-0.974894594596963,-1.249191610921118,-0.18197513263097928,-0.8725184309152464
2014-12-29,-0.3440293842196581,-1.9976164380032546,-1.0248632107460005,-1.5984379747280146,-0.2036629234846844,-0.9523165498224735
2014-12-30,-0.3657110456730464,-0.4269375560096541,-0.9977800737077582,-0.341623741865848,-0.2272024813633204,-0.9260274125683853
2014-12-31,-0.1539799781500347,-1.4574139113623867,-1.0452549577571804,-1.1661827047974722,-0.22592635712286005,-0.9613326766866567
2015-01-02,-0.0623164669256635,-3.553293270946501,-1.1245313672862562,-2.8432479787279137,-0.22352664048216053,-1.0761593665578382
2015-01-05,-0.1907632435095035,-0.6125511329054412,-1.1283744290013153,-0.490146643605627,-0.23846273229040812,-1.0995297965340751
2015-01-06,-0.2464102389752695,-4.552954327135394,-1.2267328600134524,-3.643149383056686,-0.25348309425745874,-1.2495206354548958
2015-01-07,-0.2780130624917666,-0.4551481581226577,-1.2135105524993626,-0.36419709321073407,-0.2692082379047444,-1.2503603391907745
2015-01-08,-0.1682582171734055,-2.6852219415690777,-1.292287283955962,-2.148641070588703,-0.26718667516306993,-1.2871002852921287
2015-01-09,-0.1771464071045872,-1.1403119127737444,-1.3260038853603642,-0.912446368450099,-0.2624976365906701,-1.2541778139664812
2015-01-12,-0.3004309268101054,-1.3870802516423777,-1.3754609704926124,-1.1099036361738501,-0.2654032384995686,-1.2956997723883
2015-01-13,-0.1419856005566809,-0.6964739785557063,-1.3614474851532166,-0.5572994067099938,-0.26298665003740984,-1.269287597978503
2015-01-14,-0.1651341813225284,-0.520589338002404,-1.3611054412534536,-0.41656133343262153,-0.2536754823678907,-1.2273055720906139
2015-01-15,0.0066596407959534,-2.519019080897359,-1.4270813138602585,-2.015650092464968,-0.2324072521760001,-1.313400646658079
2015-01-16,-0.1359008820604623,-0.15556360695231802,-1.4322931111533939,-0.12447773862273434,-0.22155642859217772,-1.2296666897734463
2015-01-19,-0.0548184217705484,-0.7061007301965496,-1.4352783296946172,-0.5650024697721802,-0.2140411393715299,-1.237486184566995
2015-01-20,0.0183643603369483,-2.5170738918682876,-1.504743769752485,-2.0140936054672935,-0.19360718269320537,-1.2432749340828357
2015-01-21,-0.0513146518626603,-0.11781238634667496,-1.4513039690484821,-0.09427024560234686,-0.18775221847809723,-1.2155170011992849
2015-01-22,-0.0309311713400458,-0.1358216326749035,-1.3890200117503317,-0.1086807513829489,-0.17113928184756633,-1.138270574223534
2015-01-23,0.0200580643367011,-0.672238296420177,-1.4015158225070328,-0.5379066774893684,-0.1563169983981098,-1.106699365976577
2015-01-27,-0.0311459897597303,-0.7797056253037733,-1.381184543687629,-0.6238990913793092,-0.16334398726264293,-1.0916671246880871
2015-01-28,0.0901482149047969,0.022025957926068984,-1.3263710190354672,0.017624568415137525,-0.1315742661586332,-1.031342544719694
2015-01-29,0.0441743768405371,0.008023845131174018,-1.3174531937676288,0.006420461164119461,-0.11308837277481436,-0.9549207144391163
2015-01-30,-0.0708776907418233,-1.4839016185240315,-1.2884797208412817,-1.1873774427787878,-0.0990486892066609,-0.9951947001968752
2015-02-02,-0.183604472046487,0.12438498303759132,-1.2676374456693462,0.09952945750282396,-0.10045937939220624,-0.9349226924682897
2015-02-03,0.0093441552822773,-0.33784573060817447,-1.2000605701021974,-0.27033490270215516,-0.09704696881087574,-0.8124030221813489
2015-02-04,-0.0948890910939075,-0.22220235379276218,-1.1792572840003408,-0.1778002391346564,-0.09248153298156163,-0.7975293838732075
2015-02-05,-0.0316451482918548,-0.3955912446889965,-1.1203402285056605,-0.31654128187534597,-0.08225462390139904,-0.6391194742931435
2015-02-06,-0.2971607972580306,-0.6240166826191887,-1.0911139935467618,-0.49932106253557185,-0.08316642079503064,-0.6455539490228979
2015-02-09,-0.4339604084663315,-2.413846423536814,-1.1324349798475475,-1.931493811894814,-0.09581890609469379,-0.6352136033708078
2015-02-10,-0.2689052441079844,-0.7833606247768412,-1.106508578671354,-0.6268237218760438,-0.10018837452342699,-0.6216125249625195
2015-02-11,-0.3603164716183697,-0.8018642941948791,-1.0666501738777412,-0.6416298514747616,-0.10304006713334432,-0.599313773310182
2015-02-12,-0.183887291549036,-1.5208464847829122,-1.1031138048368498,-1.2169397131305832,-0.10503538575202792,-0.6307252164730672
2015-02-13,-0.0206341717375968,-0.7490533666944641,-1.0795017866812526,-0.5993719933637973,-0.09815443291465023,-0.6394304859935993
2015-02-16,-0.2740549444416981,-0.09105739957469638,-0.9640939243021924,-0.07286163779552293,-0.11152179411644314,-0.5469167500569592
2015-02-18,-0.0317718097356371,-0.9770207922210745,-0.9762429129460468,-0.7817852850400251,-0.10656326686288004,-0.5782171094101635
2015-02-19,-0.0550946561979707,-0.15108895355190757,-0.8295140671599306,-0.120897243497198,-0.10657642088323348,-0.5570692414923071
2015-02-20,-0.2054725033892694,-0.5152412270024246,-0.8315171694559228,-0.41228192145302617,-0.11723531915591053,-0.4807924946344848
2015-02-23,-0.1023647979551622,-1.6594494570688458,-0.7973247533059151,-1.3278460163113193,-0.1196662784936487,-0.5395341980015788
2015-02-24,-0.2127947715514033,-0.059063487701225936,-0.7612831391368311,-0.04726098557533261,-0.1283264499322848,-0.5366094472488351
2015-02-25,-0.0891402898192599,-0.18975710595484263,-0.7213723676139133,-0.151838440234247,-0.1335263715587591,-0.5182252454747818
2015-02-26,-0.2497909523131235,-0.8203123647539061,-0.72550031382052,-0.6563914923889133,-0.14393803644225403,-0.5197725026657153
2015-02-27,-0.1476726762274151,-1.451193598187763,-0.7565204558266986,-1.1612053805204663,-0.15526284078188318,-0.5759072621388392
2015-03-02,0.0132161002685794,-0.8858802439507087,-0.7020824945951436,-0.7088571139350138,-0.15673704442816686,-0.6099680990483218
2015-03-03,-0.0201940845875193,-0.33417636187850686,-0.7080362530926833,-0.2673987743197501,-0.1543235393732,-0.566159591026463
2015-03-04,0.0708562937547936,-0.9413089528123754,-0.7158765271798775,-0.7532096490108625,-0.14220636004932952,-0.6067662151461622
2015-03-05,-0.1102086686837983,-0.2537926640212299,-0.6404338195849755,-0.20307794036998203,-0.14789935166676166,-0.603563502654154
2015-03-09,-0.3116068990015262,-3.111512490599644,-0.7402238230600744,-2.4897470951863045,-0.15821924728141018,-0.7136562100851849
2015-03-10,-0.1986679767789904,-0.6744246348582961,-0.7581772564661875,-0.5396561256409816,-0.16617271530460712,-0.724280726454977
2015-03-11,-0.1682613174121772,-0.007190424946038498,-0.7360089940837163,-0.0057535811527795145,-0.16003464483575694,-0.7007775130557965
2015-03-12,-0.2130829425614719,-0.8150751878712993,-0.7371879795026338,-0.6522008468524287,-0.1495166702688589,-0.6398588004347305
2015-03-13,-0.0608634601544507,-2.323502114111766,-0.8153722485705617,-1.859202769311123,-0.13960991865202393,-0.6985435169792581
2015-03-16,-0.3258401038003785,-0.004621196119027116,-0.8157937499455683,-0.003697754596323125,-0.1379681868511672,-0.6681657980802849
2015-03-17,-0.0782400005494851,-1.2832746494174974,-0.8091061843086839,-1.0268412356903949,-0.13293736347023621,-0.6591134896307521
2015-03-18,-0.1048609536685857,-0.5664114509707301,-0.8321327321089613,-0.45322693352352855,-0.1369481626098071,-0.6521542010669297
2015-03-19,-0.1792266383491344,-1.1675009772753244,-0.8597879069978663,-0.9342023133701838,-0.13243252898635172,-0.6931704237133421
2015-03-20,-0.3277600057805799,-0.7817458155686657,-0.8784393557237298,-0.6255315957645525,-0.14652720498849187,-0.6857297718430816
2015-03-23,-0.3606422300068826,-0.27605809785021246,-0.8744549174957702,-0.22089413084527362,-0.16107708945558288,-0.6904915283834661
2015-03-24,-0.3338232586325108,-0.15518073070564997,-0.8588270524319856,-0.12417137153411181,-0.1671890301814515,-0.6767719783873274
2015-03-25,-0.403361883609372,-0.02819494620466023,-0.7793053365209138,-0.022560823915720857,-0.18152222473641388,-0.6146155406542035
2015-03-26,-0.2272807115984766,-1.8030390803719714,-0.8132946183740849,-1.4427425010909627,-0.18221203140532213,-0.6810670413930431
2015-03-27,-0.299798901635828,-0.16307961950041028,-0.7920017958842692,-0.130491846059401,-0.19224339387277778,-0.6800505369085267
2015-03-30,-0.5171055111063553,-3.2520257610891106,-0.8497077717611424,-2.6021819666815036,-0.20497265857721741,-0.7727072261605546
2015-03-31,-0.2255408808225261,-0.02239395814526024,-0.8254857914761691,-0.017919032113908696,-0.2086806683198417,-0.7182650190935759
2015-04-01,-0.5318500249877988,-2.400735294643706,-0.902475054645136,-1.9210026455649825,-0.23463619809395497,-0.775986234885479
2015-04-06,-0.2783893954292438,-1.3369563651213974,-0.9144729070751468,-1.0697958746777654,-0.24693121289594183,-0.814195620616813
2015-04-07,-0.1460298083450094,-0.1274442575282435,-0.9136847505410247,-0.10197740518083771,-0.257259122519742,-0.783184561386812
2015-04-08,-0.0723411885272033,-0.7614587534338187,-0.9218920014220712,-0.6092984441469078,-0.2554559091789517,-0.8025283948999989
2015-04-09,-0.0283586039866037,-1.0977461558032213,-0.9031685580465504,-0.8783864152627209,-0.2419678951306221,-0.7257969339512569
2015-04-10,-0.2689911056318908,0.06287838873423257,-0.899103828832035,0.050313564921888834,-0.24531661555218878,-0.6977031391625487
2015-04-13,-0.1433400899560433,-1.203972054361224,-0.9329109937789144,-0.9633854705991091,-0.24412989043523,-0.743304657707612
2015-04-16,-0.2107444599323335,-2.391026505371308,-0.9852681317994944,-1.9132339382363899,-0.24401853411955676,-0.8033538525354196
2015-04-17,-0.3894839123391254,-1.7807748434504367,-0.9962541733082503,-1.424927268348237,-0.25966712708073175,-0.7826740667752823
2015-04-20,-0.451272706391679,-3.3518739362266325,-1.078453963050781,-2.6820777423723765,-0.26564010815650796,-0.9102159709550942
2015-04-21,-0.4410255034998279,0.13985333850629705,-1.0626529730379544,0.11190681199260051,-0.28291560829700046,-0.8559898734463803
2015-04-22,-0.2455771533546335,-1.154122429691225,-1.0697467556005826,-0.9234971659263103,-0.2896163797106218,-0.8783836940369889
2015-04-23,-0.3701941212324125,-0.8488617594094418,-1.089582392113523,-0.6792359362494772,-0.2987100693717303,-0.8662424379836219
2015-04-24,-0.4596766752568502,-1.6771708490712878,-1.0417710040625778,-1.342026188942487,-0.304991815537267,-0.9003612281349521
2015-04-27,-0.5798901039706231,-1.6793797133080508,-1.0752695066775695,-1.3437936616213713,-0.31543219048792126,-0.9538326343623853
2015-04-28,-0.5245945202864171,-1.2920491058219978,-1.118098129373435,-1.0338623154421054,-0.32451653628096444,-0.9971512507389565
2015-04-29,-0.6115938531734573,-0.8358584622276878,-1.1187909051853144,-0.668831053902411,-0.33443234435544467,-1.0279260235954655
2015-04-30,-0.2806149929275712,-0.22409833921970881,-1.0488107793555792,-0.1793173547572089,-0.3369720720377825,-0.9677629213890963
2015-05-04,-0.6422732329453218,-3.560041079098963,-1.1673247754549105,-2.8486473900422578,-0.3532803735287108,-1.097198899673994
2015-05-05,-0.4042456862413756,-0.10405342370688897,-1.1280174012645567,-0.08326070044748159,-0.34790609615418794,-0.9772502679485646
2015-05-06,-0.5867170798314454,-3.740146299261006,-1.2338085628742328,-2.99276265555415,-0.36510496277366034,-1.1189094881123856
2015-05-07,-0.5805595026077994,-0.9495615677813449,-1.2265439158911,-0.7598131655349833,-0.367424461707946,-1.0636147509681
2015-05-08,-0.7186265556603418,-2.119980687281635,-1.271151744948199,-1.6963504964086806,-0.38838813600466504,-1.0934506853362387
2015-05-11,-0.4648796371908287,-1.8869639986276874,-1.3248486083074482,-1.509896922637459,-0.4035714611877993,-1.1604944718817922
2015-05-12,-0.718065553216205,-3.880020205626739,-1.4490099241381513,-3.104685925384679,-0.43432024045870404,-1.279322447178829
2015-05-14,-0.7201249494813511,-0.4630620368403573,-1.477733717197929,-0.3705295622619035,-0.46726149500607295,-1.2551387875121232
2015-05-15,-0.5200412362194624,-0.909426736618073,-1.5026119544351846,-0.7276983726146786,-0.47921626312929066,-1.2921869750138646
2015-05-18,-0.4711098284928003,-2.242501693635386,-1.4689611521867267,-1.7943884508087178,-0.4948243459167554,-1.3317585455000365
2015-05-19,-0.4438916107334559,-0.29807656919935566,-1.4781505725551969,-0.2385127087065527,-0.5059265911929993,-1.2520099155224251
2015-05-20,-0.4233334876322763,-1.2699652582299263,-1.4404582380080708,-1.0161914253013749,-0.5075384757307683,-1.232546303948765
2015-05-21,-0.5987790529226482,-0.01084616475303557,-1.3962545646624587,-0.008678804044452306,-0.5145625874703382,-1.1052415925998165
2015-05-22,-0.5043732718636772,-0.31977873056884254,-1.4026657137638123,-0.2558781839833469,-0.5175791478686168,-1.122755163836766
2015-05-25,-0.6934041356322457,-2.1473023273085294,-1.4488604995596357,-1.7182125246339237,-0.5389042422627889,-1.1605987523466526
2015-05-26,-0.6342881168071319,-0.8347456740652731,-1.4400938168350375,-0.6679406312853398,-0.5514801468139661,-1.1600608806816937
2015-05-27,-0.6098963803471936,0.047755541083350894,-1.4405979117567336,0.03821267632720044,-0.5586334661039823,-1.0943352204307562
2015-05-28,-0.2787257788699326,0.05930416881073858,-1.3984887043176681,0.04745357200880841,-0.5442923077658542,-1.0280853521626523
2015-05-29,-0.0354517290578065,-0.4588600520424236,-1.3340831558733721,-0.36716724908582615,-0.5209997938978251,-0.9963379680504484
2015-06-01,-0.5250700000409746,-0.09125617468977776,-1.2777658669146834,-0.07302069219972807,-0.516879610415326,-0.9679660460646066
2015-06-02,-0.537166822241742,-4.443256356153738,-1.3141452809122536,-3.5553720704395757,-0.5290963641921912,-1.1287305563351953
2015-06-03,-0.5471517457388733,-1.9218000601203133,-1.382867060866474,-1.537771785158831,-0.5245667695633128,-1.0663079084836038
2015-06-04,-0.7928969171239691,-0.2372455422656926,-1.3523044979522896,-0.18983738663638494,-0.5430739710339124,-1.0713829887783133
2015-06-05,-0.7314431368250878,-0.33907183769427873,-1.335311500561784,-0.27131600001905104,-0.5499656880336097,-0.9417902908956896
2015-06-08,-1.0692726665714951,-1.7657631615848532,-1.3382645776455695,-1.4129153315709901,-0.5732377434604524,-0.9728903940402612
2015-06-09,-0.9708720219232004,-0.4729353844878279,-1.2980497666848956,-0.37842994469627295,-0.5852494323301123,-0.9101322725301467
2015-06-10,-0.7099148835421676,-2.56203486652657,-1.340382625375048,-2.050070146262292,-0.5969177773944617,-0.935854806988472
2015-06-11,-0.6755575248391517,-3.50122605783897,-1.429228211895424,-2.8015852205096627,-0.594893585566983,-0.9214214400896618
2015-06-12,-0.7821792141734909,-0.4125797624998511,-1.435510926004762,-0.33013502864605065,-0.597848550552323,-0.9194978908698592
2015-06-15,-0.8886823205271996,-1.0359602137440118,-1.3513748971595971,-0.8289469962566862,-0.6154028879003105,-0.924319253900431
2015-06-16,-0.8179337783124827,-1.1686004797569605,-1.3868597990279328,-0.935082105149286,-0.6319183140822001,-0.8833999041071247
2015-06-17,-0.5795500249761733,-0.9363008587242123,-1.293398284343373,-0.7492023092537206,-0.6383782385699485,-0.9077184565141329
2015-06-18,-0.6027375365757884,-1.746834081667715,-1.3199740348062519,-1.3977688001395312,-0.6469212885196397,-0.9258888076969021
2015-06-19,-0.5578814333828134,-0.8920908167748555,-1.279044372456026,-0.7138266442502794,-0.6449737828272666,-0.959467276278132
2015-06-22,-0.5066344891624703,-3.223953854356793,-1.3236107009803295,-2.57971959558247,-0.6450814598414948,-1.0701263911161856
2015-06-23,-0.4769395843495483,-0.6220741518138933,-1.2150124991865678,-0.4977667025757755,-0.6347736240661283,-1.0120099233991309
2015-06-24,-0.3334520391656485,-0.582394936956345,-1.1600961377007926,-0.466016481347573,-0.6204480965593909,-1.0023944876878086
2015-06-25,-0.1393264585831113,-0.3559663757742021,-1.1565262823319207,-0.28483454678242826,-0.5980400050468156,-1.017777688788267
2015-06-26,-0.5741144482569226,-0.6208337139722755,-1.146906514910394,-0.496774138180724,-0.6121061321604818,-1.0436932940353876
2015-06-29,-0.8370327854673679,-1.6982876163206198,-1.1287660456665687,-1.3589232478736621,-0.6502766586561751,-1.0909197701681417
2015-06-30,-0.377353314228936,-0.8424717759586522,-1.1469125525585449,-0.6741228464634145,-0.6432425307603639,-1.1195436822759364
2015-07-01,-0.4409961991776442,-1.987274761536594,-1.1708228693354341,-1.5901628483963628,-0.6386629772811211,-1.025962290750069
2015-07-02,-0.4096146345910945,-0.26935445876656483,-1.1794398124692183,-0.21553006241035227,-0.6321135910359887,-0.9629983991906176
2015-07-03,-0.452595670300067,-1.5946749008612904,-1.2219363514789663,-1.2760151900983532,-0.6159087697586602,-1.0147211517364259
2015-07-06,-0.3905977141285511,-1.606252307591585,-1.203901350821735,-1.2852791139500575,-0.5996780353445393,-1.063005109542664
2015-07-07,-0.1441590426310308,-0.3978026393813524,-1.1893365829989377,-0.31831077935550633,-0.5556250056330886,-1.0108810832466888
2015-07-08,-0.3402309018275423,-2.120715359615379,-1.2616189463555618,-1.6969383610932605,-0.525594476104724,-1.073667198313212
2015-07-09,-0.5296301972697699,-0.8300828724075804,-1.2912651810628393,-0.6642095850762233,-0.5170094910441335,-1.0076738382567325
2015-07-10,-0.6825184232715573,-0.47902448419136445,-1.2919373288011373,-0.3833022755466171,-0.5173409623980577,-0.8925175075442066
2015-07-13,-0.3717285489489886,-2.637616301810276,-1.3768159997051541,-2.1105483411967922,-0.4977956926254623,-0.9772990938561467
2015-07-14,-0.3010360106933857,-0.3465023949884062,-1.2402575343329763,-0.2772617285014406,-0.4698125350143283,-0.9510283668201825
2015-07-15,-0.2399137523477682,-1.9653455999480738,-1.241709052327235,-1.5726157337600442,-0.4422877718731514,-0.9813871110397423
2015-07-16,-0.2021757644003425,-2.0314782592821996,-1.3015168095611183,-1.6255332769071562,-0.42431756898858797,-1.0231171571184774
2015-07-17,-0.23268269020584,-0.16830817404345855,-1.2958246874394244,-0.13467559223586864,-0.4066959096376381,-0.9629698615040171
2015-07-20,-0.241803981278256,-0.49877870092154253,-1.2535918720839807,-0.3991090588618797,-0.391644602394564,-0.9479833098188554
2015-07-21,-0.2983357683537148,-1.3383625798983945,-1.2824394452643328,-1.0709210892371843,-0.3817256156893851,-0.8761357618976514
2015-07-22,-0.3683637236844919,-2.352377014006942,-1.2754508501803454,-1.8823076735514253,-0.3765553366100967,-0.9420662843250631
2015-07-23,-0.1513133325622295,-0.9421751349478553,-1.1901491527506416,-0.7539027442377751,-0.36788206486707675,-0.9557751539865015
2015-07-24,-0.2671938284303656,-1.4955472766925606,-1.2262480698903986,-1.1966959795624985,-0.37397098724075556,-0.9991971269760285
2015-07-27,-0.4101055019803168,-3.5221862012775786,-1.3091222694748508,-2.818356953356188,-0.36616103741806,-1.1097486896034314
2015-07-28,-0.3940864994220971,-0.2543689721281437,-1.2786478858872234,-0.20353908633659984,-0.34506835713018996,-1.0547303961969048
2015-07-29,-0.230107636290033,-0.6206802860188558,-1.2681272001303785,-0.49665136933357945,-0.33805665818071845,-1.0462793734764364
2015-07-30,0.1002739428625063,-0.164212535342796,-1.2153731485862143,-0.13139837429484666,-0.3122818895121398,-0.9768143985192214
2015-07-31,0.0651177429019164,-1.2985889138604718,-1.2289230851557347,-1.0390952907607194,-0.28967558582199643,-1.0160317903454295
2015-08-03,-0.1101139962393571,-0.012796604882232887,-1.1218845101732493,-0.010239492828660905,-0.27336693467624834,-0.9557567571421107
2015-08-04,-0.0076364462081555,-0.3741402050605553,-1.1136200452814715,-0.29937674733949227,-0.25513068382289616,-0.9088090253987505
2015-08-06,0.0641701751736541,-0.34734036868699203,-1.1248131203570408,-0.2779322521095572,-0.24521024487981596,-0.9068862383870387
2015-08-07,-0.0136493154565075,-0.2815174961519165,-1.113502579763029,-0.2252625918764274,-0.2296587407669095,-0.8368064398529036
2015-08-10,-0.0900785148769743,-1.1942254734872717,-1.0967005083352508,-0.9555865234657667,-0.20872770827201453,-0.8506815321571676
2015-08-11,-0.3322068214877722,-1.2368638178403917,-1.1098469097313086,-0.9897045590891028,-0.1920462034251676,-0.8795578313734767
2015-08-12,-0.1759218394415326,-1.57210082604825,-1.096007778548364,-1.2579520335588614,-0.18272207440100302,-0.8389580072002418
2015-08-13,-0.1614792050755861,0.01597647180017925,-1.0864967475294725,0.012783935264922797,-0.17607651222872686,-0.825146308925653
2015-08-14,-0.3121338723312806,-3.0967081375691508,-1.1365645220864011,-2.477901057265795,-0.17951556556127507,-0.8682551338544982
2015-08-17,-0.415763510234625,-0.6312147755789401,-1.104063271019313,-0.5050807794229587,-0.1896864106010028,-0.8149002530219175
2015-08-18,-0.431396552582189,-0.23828136392210303,-1.0987458951706714,-0.19066622276285727,-0.19914897547606705,-0.8175664735232027
2015-08-19,-0.1633961721920855,-0.7677549511792965,-1.0536472148894684,-0.614336489179631,-0.19541527028148747,-0.8278153987764288
2015-08-20,-0.4541887087771756,-1.9522897137483455,-1.0910541096008273,-1.5621687711207932,-0.20283683887308088,-0.8512081455327912
2015-08-21,-0.3839426220091143,-0.8622530532506882,-1.1038283952361383,-0.6899512828993004,-0.20357869117425337,-0.7944292697874519
2015-08-24,-0.3924264985481583,-4.529817926641681,-1.1669017827305184,-3.6246362689051863,-0.21506027050691662,-0.9311308662001858
2015-08-25,-0.2099134159760248,-1.290742395188819,-1.1983764494038656,-1.032816721373936,-0.2123326318186147,-0.9233270920007305
2015-08-26,-0.4720653860376621,-1.4948822538377335,-1.182694337866854,-1.196163846483798,-0.2152831024880121,-0.8460798011972832
2015-08-27,-0.3912878347546198,-1.2402278567838498,-1.1563193244502423,-0.9923963709371582,-0.21514983274194174,-0.8836444337973097
2015-08-28,-0.3232342701414967,-0.9267403687391433,-1.1816003976067653,-0.7415522669541006,-0.2195844343539162,-0.8953063813030491
2015-08-31,-0.5343600243953848,-0.4077518092155701,-1.1785661678832329,-0.32627183262753895,-0.24980509946143484,-0.904586069795082
2015-09-01,-0.588853779595618,-3.5619457152496925,-1.2526856057282763,-2.850171427737106,-0.28094660053274595,-0.9908277906034814
2015-09-02,-0.5265658486196567,-1.280509598612637,-1.2169566918817991,-1.0246287177492834,-0.30077764112228406,-1.0391320394092252
2015-09-03,-0.5860050316688059,-2.291190921398907,-1.261923884763501,-1.833348237651074,-0.328319002334696,-1.112178300852634
2015-09-04,-0.7418330727525506,-3.254733191165182,-1.3205634152459218,-2.6043483780932153,-0.366700109378801,-1.22296002113757
2015-09-07,-0.9500047094900956,-2.8422232923247885,-1.2978979849474956,-2.2742692524344474,-0.41128846147563847,-1.320531766878428
2015-09-08,-0.6954710972261514,-3.055339330999035,-1.391263663576525,-2.44479887101379,-0.44011667968274215,-1.391446640571191
2015-09-09,-0.7283198944108594,-1.7975533640113637,-1.4304927661762754,-1.4383529810697184,-0.45897920696479394,-1.4128108511416966
2015-09-10,-0.7583902652239589,-0.992277194368529,-1.458094921477133,-0.7939930402858665,-0.48671579866871895,-1.3907175657477444
2015-09-11,-0.7364265682687775,-0.34946432844871983,-1.4264574352967414,-0.27963178655238224,-0.5140942445350615,-1.404642123929521
2015-09-14,-0.7605641755574604,-2.5530566618614263,-1.5111327705293813,-2.0428860327314724,-0.5354480684982129,-1.3839271227612198
2015-09-15,-0.7402905290664888,-1.1611361592133753,-1.5373659690011416,-0.9291093602391896,-0.550901736061635,-1.404118959942945
2015-09-16,-0.6860787702179854,-1.5862166200460122,-1.5593460831256545,-1.269247105395582,-0.5630294607109585,-1.4554799543540273
2015-09-18,-0.2062006664084783,-0.8240560768530163,-1.5752366067311885,-0.6593871082998676,-0.5650677699593583,-1.4576252219311814
2015-09-21,-0.6126603942054378,-0.36284764288379856,-1.577947611622251,-0.29034074829988293,-0.5726140406940374,-1.3970619827492332
2015-09-22,-0.5903045366932855,-3.8348618672556096,-1.6659688247478626,-3.0685514595508967,-0.5824407985361408,-1.5103286578278807
2015-09-23,-0.7298154229299998,-1.276024148944835,-1.6672741691180106,-1.021039583746205,-0.5985069377924189,-1.3863478632965007
2015-09-24,-0.5011352335756152,-0.2574142319658566,-1.6234512826485976,-0.20597581987308392,-0.6123746433923994,-1.3469744870345555
2015-09-28,-0.7532492744853492,-1.9833187425071297,-1.6900944564588412,-1.5869973502931518,-0.625764352366099,-1.365585606263572
2015-09-29,-0.4444350025586449,-1.1855723670450202,-1.6263899307747034,-0.9486625446310291,-0.6282951698805762,-1.3635030431061375
2015-09-30,-0.5078312468085427,-1.350923696075841,-1.6503802281246003,-1.0809721504524548,-0.6370855021028164,-1.379665894701297
2015-10-01,-0.5608229577068169,-0.07523726259332253,-1.6449454247469741,-0.06020279737183104,-0.6383456417843133,-1.3669959406415015
2015-10-05,-0.4184004840848285,-2.8350038601750867,-1.7138537217135006,-2.2684924605115744,-0.6302288181885614,-1.3392969422021905
2015-10-06,-0.3049411689262047,-0.47074885285889906,-1.664469026350519,-0.3766803419586637,-0.6196752620126827,-1.3084422576407324
2015-10-07,-0.3254856400960442,-0.08229247093525205,-1.6384703402733376,-0.06584818190051984,-0.6072695766996941,-1.2242755883192773
2015-10-08,-0.46442823654297,-0.8096063977293846,-1.5144632893095946,-0.6478248707279068,-0.594059822594476,-1.1311078022542627
2015-10-09,-0.2274126035051281,-0.7542929835269749,-1.4965816422541998,-0.6035645912813841,-0.5596506746904298,-1.0515504374374502
2015-10-12,-0.4932357431813385,-0.6843870380975431,-1.4695651350628602,-0.5476277679213601,-0.550020419735915,-0.9612089563378106
2015-10-13,-0.3711828705527911,-0.21793706146048886,-1.435488775218748,-0.17438726900309465,-0.5330138947902927,-0.9010201129060667
2015-10-14,-0.346661913518046,-0.42267282934676836,-1.4186865239056687,-0.33821122436744094,-0.5134077828042969,-0.8793162169099511
2015-10-15,-0.2408494635091358,-1.0945758249580526,-1.4415806577637515,-0.8758496033307793,-0.48980887305383775,-0.9077075415184462
2015-10-16,-0.3283747437476366,-1.1557328551750667,-1.3613735624279308,-0.9247857843016253,-0.4692284239200366,-0.8544646725455964
2015-10-19,-0.2890804967156557,-0.8224156575496234,-1.346103764392497,-0.6580744896914419,-0.4477422319033303,-0.8415582501385608
2015-10-20,-0.0823158890149631,-0.17594325706779662,-1.2755955089147935,-0.14078497660722578,-0.4189916185127101,-0.7878219582914961
2015-10-21,-0.1524832233698447,-0.24586480699234448,-1.175299896109032,-0.19673428625695744,-0.41643364503467994,-0.7657908715275481
2015-10-23,-0.2741184243938314,-0.6564881631270865,-1.1024420584691086,-0.5253038521001918,-0.4003125988531749,-0.7769795907561342
2015-10-26,-0.5202029010162066,-0.8760541468884329,-1.0297992189987553,-0.7009945401250963,-0.39697442572569497,-0.6642387850691914
2015-10-27,-0.3604773964464858,-0.23667116527364968,-0.9777698123741647,-0.1893777858950088,-0.3793869006550514,-0.6246358423143725
2015-10-28,-0.2237019750609871,-0.7748373793444632,-0.9705218185400292,-0.6200036542655379,-0.3661757931067358,-0.6443514534759179
2015-10-29,-0.0547291647556816,-0.5519983088673397,-0.9772729512206499,-0.44169393187470407,-0.33291293073865635,-0.5898131954559919
2015-10-30,-0.2324149225260768,-0.6198066553002921,-0.9128312843352788,-0.49595231395444117,-0.32281673645139125,-0.5682555654237733
2015-11-02,-0.472433505746276,-0.39056466016621083,-0.8871455677003731,-0.3125191465787262,-0.32113112973414043,-0.5316625652393101
2015-11-03,-0.2403378817258601,-0.3265676684773268,-0.8451572693147504,-0.26131050620224033,-0.30586993563980913,-0.541239122802663
2015-11-04,-0.1953939340555552,-0.7740600893562736,-0.8434907363981924,-0.6193816881008322,-0.29525057611460565,-0.4627100384021514
2015-11-05,-0.4328107119007433,-2.125304962019419,-0.902239313702713,-1.7006108352639544,-0.30133960197053605,-0.5257543476071652
2015-11-06,-0.5170169599548986,0.21993440196606512,-0.7670794380619905,0.1759854861842517,-0.3104601410114339,-0.5142384586507476
2015-11-09,-0.3900843480811096,-0.8341966541153099,-0.7523518549010063,-0.6675013205547063,-0.3069199558465834,-0.5151754324520238
2015-11-10,-0.5325518659337508,-2.6615968588139225,-0.8324912757959418,-2.129736926272751,-0.321450396914613,-0.5878503055468508
2015-11-13,-0.8670542264747344,-0.27156830623636913,-0.7754329279202498,-0.2173015225358646,-0.3392512770714414,-0.5721204843380177
2015-11-16,-0.5338570033975157,-1.284405695132809,-0.7787273721898429,-1.027746267501364,-0.34699766434976165,-0.6127566271236494
2015-11-17,-0.3566043459744508,-0.7224148620382823,-0.7577770777219242,-0.5780565913565073,-0.3474711135143524,-0.6241778350755097
2015-11-18,-0.4593298333077002,-2.6779013234785904,-0.8445325464180997,-2.1427833124466984,-0.3578749406476173,-0.6845080117000774
2015-11-19,-0.5463338396509976,-2.8926211909230086,-0.8464531241096972,-2.314596270891709,-0.36825394521444405,-0.7506894634424623
2015-11-20,-0.3964463957502921,-0.416859926507616,-0.8446568265646544,-0.3335598986851228,-0.37336660707323627,-0.7352363876802566
2015-11-23,-0.4144405416495969,-0.2614137766007265,-0.8506275367535036,-0.20917614597391734,-0.3891820667225045,-0.7384931100310516
2015-11-24,-0.304943258076302,-0.5108950415113664,-0.8406704915462363,-0.4088042228308305,-0.39644206837519297,-0.7485916784393312
2015-11-26,-0.0273935153399097,-0.4449416335127429,-0.8303587798790952,-0.3560301116941066,-0.38469326318214914,-0.7405310241342795
2015-11-27,-0.2778040271366676,-1.2675483528326446,-0.8497974903702653,-1.0142574837824505,-0.37315045966407584,-0.7554483071655821
2015-11-30,-0.1437253778774553,0.29400175043827964,-0.8327328633069729,0.2352521503110954,-0.36282893497031243,-0.7352278340129104
2015-12-01,-0.2435853325107507,-0.35119071225629683,-0.8303501260706239,-0.2810131916031661,-0.3637757615155393,-0.719085431028988
2015-12-02,-0.2500836124001075,-0.725857486508674,-0.818059514788978,-0.580811285191377,-0.37307835426051195,-0.7257100669012105
2015-12-03,-0.2865078271681311,-1.751198149849892,-0.8379083579448056,-1.4012608080014943,-0.3756542068625145,-0.7688199951891652
2015-12-04,-0.5146079731467113,-1.576215599128497,-0.8630350226641014,-1.261244562306487,-0.37766251483396385,-0.8139973959381063
2015-12-07,-0.5183218072786085,-0.5539785934812873,-0.875636200544551,-0.44327850139840475,-0.3908998446221899,-0.8226625385664952
2015-12-08,-0.5813538497197458,-1.7347971954310264,-0.9252672801591737,-1.3881372133683312,-0.4092788882252466,-0.8592699445316141
2015-12-09,-0.6162910200116144,-2.335779422991429,-0.9812436554879851,-1.8690267356979506,-0.41801604575433576,-0.8672897493141853
2015-12-10,-0.6565439843387864,-1.8329606464833237,-1.0131405388078147,-1.4666849189775153,-0.4246601897726161,-0.9455121495599838
2015-12-11,-0.5110818263981572,-1.7355138411774909,-1.0631019613379429,-1.388710653671376,-0.4304219744543803,-0.9798554511369681
2015-12-14,-0.5936081681353728,-1.1937218628990696,-1.0770647774564297,-0.9551835480630102,-0.4333294174163622,-0.9239243378888851
2015-12-15,-0.5731651852920142,-1.4287404856049457,-1.1062895166810165,-1.1432390146453972,-0.41933470116956617,-0.9680165994179106
2015-12-16,-0.4469797091727572,-1.0161378924715359,-1.1195005579200583,-0.8130857175515233,-0.4151976871588633,-0.9577946684679182
2015-12-17,-0.3362800198166283,-1.8171797271671601,-1.1670543934867565,-1.4540574594556621,-0.414229862103729,-0.999508995520259
2015-12-18,-0.2542887036706678,-1.2934954778611383,-1.1992853204662166,-1.0350196627431008,-0.40446599878767975,-0.9467583455343732
2015-12-21,-0.3759388584185948,-2.190884403179915,-1.2465127975936714,-1.7530857083768114,-0.3963519520623272,-0.9200197473193781
2015-12-22,-0.4119922943441329,-1.397964478960162,-1.2222681148250296,-1.1186128968403815,-0.3970922329477482,-0.9574032234220095
2015-12-23,-0.3038947774776759,-2.2102917643063535,-1.3032756537007768,-1.7686149473356017,-0.3918281489395615,-1.0316622139630423
2015-12-24,-0.3762613610946551,-0.49240375554272164,-1.2918825570816908,-0.39400800212923204,-0.39522424908329257,-1.0309576320248706
2015-12-28,-0.323486122322516,-1.8071119267010438,-1.2633997260112613,-1.4460014812003417,-0.4093238970348453,-1.0828610305727868
2015-12-29,-0.3379885671798706,-0.19844104763320491,-1.260962150724489,-0.1587870925805865,-0.4121898275130931,-1.0421243452774598
2015-12-30,-0.3080082896664756,-1.1580560675021636,-1.2567504964701341,-0.9266447551913021,-0.4200128233125702,-1.0974527693490026
2015-12-31,0.0444090995577096,-1.0062333123370224,-1.2662111114800925,-0.8051603437362337,-0.4062988027378816,-1.1224121575458152
2016-01-04,-0.4464870977589907,-4.155018319436926,-1.3154483446787035,-3.3247318860257296,-0.4156513496597332,-1.253075043299832
2016-01-05,-0.2920940048435023,-0.2135029855164634,-1.2261444044984853,-0.17083924284706103,-0.41591735812046515,-1.19448354019724
2016-01-06,-0.2822582886593162,-1.0671723753492846,-1.2478214861265409,-0.8539221133182401,-0.4048530874305892,-1.1750872331025615
2016-01-07,-0.5215157413853131,-3.1273487909511966,-1.3433526532715565,-2.5024188690962266,-0.4050051795309084,-1.2731415363262673
2016-01-08,-0.4725345225141818,-0.656487144348792,-1.3482057233661375,-0.5253030369016969,-0.39982330680683403,-1.2320541945897612
2016-01-11,-0.4708602903720221,-0.7934165398423823,-1.3598215535771252,-0.6348701897592712,-0.3928980339668534,-1.1732848352593475
2016-01-12,-0.5759620477290929,-1.2894722327668244,-1.3605523495749314,-1.0318003721835889,-0.3890607988902013,-1.1525760473167797
2016-01-13,-0.222040238929901,-1.152210491118891,-1.4087594242935038,-0.9219672850336497,-0.37529691377266533,-1.1303501726197451
2016-01-14,-0.4811792575738735,-0.8022288612812696,-1.4237940292610027,-0.6419215680746735,-0.36994315612687967,-1.1154329354774435
2016-01-15,-0.697953342642737,-1.9796649756369333,-1.465587612231945,-1.5840737060914838,-0.3758854493340569,-1.1364250636415427
2016-01-18,-0.7791603700548865,-1.3769425897356378,-1.4531124268948028,-1.1017917567066966,-0.39170357604272976,-1.1501729702679795
2016-01-19,-0.7505348031094287,-1.6601937767651118,-1.4559116994826902,-1.328441600551224,-0.4114299942947679,-1.1441912627011017
2016-01-20,-0.7881340778978161,-2.70045598590076,-1.5274609458966724,-2.1608309357225677,-0.4368512025912987,-1.1978013233191713
2016-01-21,-0.4866789368546465,-0.6935485652250262,-1.4927526582231394,-0.5549585710667866,-0.4421245396596822,-1.1407476501139322
2016-01-22,-0.6047596349619282,-2.225097368265222,-1.4890632563989323,-1.7804619862147442,-0.4513039368319581,-1.172264273417473
2016-01-25,-0.8626827775345643,-0.30623018632694177,-1.438172241060386,-0.2450370098687687,-0.4779128892156195,-1.09971294306191
2016-01-27,-0.715011140098428,0.10420175062678183,-1.376848388000244,0.08337938758727664,-0.4940438310729419,-1.0769802102182664
2016-01-28,-0.3641866564769522,0.26339692427448413,-1.3282777617611254,0.21076300643968288,-0.49598195174696275,-0.9980866631877893
2016-01-29,-0.4709812828616447,-1.6960263931262667,-1.3371872920118362,-1.3571138789906134,-0.5023149382079996,-1.0551498434930284
2016-02-01,-0.6055620702575775,0.06985632609419912,-1.3009874847263114,0.055897119326653755,-0.516484165855195,-1.0083621351826497
2016-02-02,-0.6813964429594467,-1.6812285246563485,-1.2964557779759511,-1.3452730298379147,-0.5510463345464881,-1.0340817869017773
2016-02-03,-0.8560773369278423,-1.593374320885041,-1.3064517394100814,-1.2749745016139884,-0.5705506316497667,-0.93647429240598
2016-02-04,-0.6121336737643709,-0.5916073136454323,-1.2531425030922654,-0.4733879729198266,-0.5857906158840939,-0.9508813747903976
2016-02-05,-0.6844129052493955,-1.0074209785871646,-1.2401243864131652,-0.8061106817487841,-0.6049408357217166,-0.9486046399537568
2016-02-08,-0.6240399040198639,-2.5229555206972405,-1.250546511626195,-2.0187999238047873,-0.6098229387043143,-0.9255751663684503
2016-02-09,-0.8546331605444494,-1.193909476679135,-1.2739300356640753,-0.9553336714725564,-0.6280181119438508,-0.9460528156337291
2016-02-10,-0.6477144253297861,-1.0833094145343414,-1.2498032852585186,-0.8668345302078667,-0.6364397374180302,-0.9570987366074719
2016-02-11,-0.7846448888977104,-3.792278649568444,-1.3695978719896933,-3.0344775347761725,-0.6463770155689167,-1.0524643157785474
2016-02-12,-0.6533419707207555,-0.18934465953222437,-1.3373074917240286,-0.15150841190052308,-0.6669151932732431,-1.0157757980103033
2016-02-15,-1.0406905625679468,-1.754650619519899,-1.362254735296791,-1.4040233796955137,-0.6935585887491513,-1.0520663604684384
2016-02-16,-1.1654665076794388,-2.0859321322530637,-1.2932851957239957,-1.6691057749962528,-0.7158211204175656,-1.0561155066067607
2016-02-17,-0.8807175505858371,-1.1754591849765497,-1.3253504023726654,-0.9405702532601491,-0.7206571766333253,-1.048438292156925
2016-02-18,-0.9767779265997424,-1.1014034552121275,-1.3264914383680937,-0.881312886105136,-0.7314306587042925,-1.0271464486118735
2016-02-19,-1.1990010662415969,-0.37355781990710557,-1.2346984059999568,-0.2989107386866388,-0.7509957533873297,-0.9384835820863529
2016-02-22,-1.2536985315459146,-0.5745043964306924,-1.2319656477360206,-0.45970268687863053,-0.7875204959916757,-0.9339475876012026
2016-02-23,-0.9944652992048614,-2.821793413175998,-1.2995782101804743,-2.2579218225528765,-0.8060779085746727,-0.9566837702839709
2016-02-24,-0.8761183010179503,-1.7275357152964077,-1.3141803262647935,-1.3823267757992903,-0.8067176954072149,-1.0108404258044719
2016-02-25,-0.7061035933256383,-0.35217635538710174,-1.2875125217404007,-0.2818018762474431,-0.8062935265132725,-1.0282300097966013
2016-02-26,-0.8336518555004498,-1.026641541873816,-1.2949929444268191,-0.8214904501910963,-0.8286490121810581,-1.0773849363028287
2016-02-29,-0.8487424542655853,-0.8327740800180033,-1.2567632479061879,-0.6663630157151287,-0.8466376393907695,-1.0444920380516154
2016-03-01,-0.8927580790963396,-3.6692493448791823,-1.3331734730776394,-2.936032853966343,-0.860313639811663,-1.1869648939227104
2016-03-02,-0.5064840554936524,-0.9944023725290363,-1.3109804262697702,-0.7956935496580325,-0.8519844785037679,-1.1607944424855732
2016-03-03,-0.4814139951277045,-0.9472037718300967,-1.2525386858007481,-0.7579265217762334,-0.8341433669894757,-1.136173110112347
2016-03-04,-0.4405048485812492,0.32748331394421387,-1.2185042898284402,0.2620431806325358,-0.8259705657902795,-1.1011525789908057
2016-03-08,-0.6307459063537828,0.23500035803332409,-1.1365010322851552,0.18804085169153706,-0.8234149944142979,-1.0538120297793618
2016-03-09,-0.6054627429242175,-0.5967116710647122,-1.146183748443081,-0.4774723399586347,-0.8225303676954576,-0.9804154781676402
2016-03-10,-0.6285334211309155,-0.6389386618534754,-1.1709550955257562,-0.5112612217235029,-0.8117637134376704,-0.959269171036733
2016-03-11,-0.5360418189108456,-0.36267941983650986,-1.1918243069961225,-0.29020614082374524,-0.8064459702748634,-0.9318106763041557
2016-03-14,-0.5735808501509199,-0.5752253495362237,-1.1544642722097878,-0.46027957381245616,-0.7963953017631117,-0.8092298210201693
2016-03-15,-0.6277535113612476,-1.398117037964042,-1.2033967176783957,-1.1187349703778982,-0.7951768036983732,-0.8552882285667109
2016-03-16,-0.5329468296671942,-0.7454752492380384,-1.172204941831119,-0.5965088817515877,-0.7709985307030992,-0.8168351572360479
2016-03-17,-0.5186853689910709,-0.1229522045811251,-1.123190871287655,-0.09838298741446205,-0.7401994288607959,-0.7420388340178673
2016-03-18,-0.3501476656398233,-1.1464032649113287,-1.141684069663185,-0.9173205016364917,-0.7149341962443191,-0.7409317029881693
2016-03-21,-0.5392785792535955,-1.6236931756825417,-1.1622264762330308,-1.2992348190285925,-0.6941008939897407,-0.7608327474130958
2016-03-22,-0.2613138941852067,-0.0448808285136415,-1.0796239864935775,-0.03591241004462645,-0.6494491238918174,-0.7483090174777619
2016-03-23,-0.3402538389588408,0.2089574001045833,-1.0328617572674534,0.16720198986821666,-0.6059517575781472,-0.7184564138231502
2016-03-28,-0.6920763498081322,-1.5639529024700427,-1.0488832068653102,-1.2514322882189568,-0.5915522837973506,-0.6705283407596301
2016-03-29,-0.3130048546849686,-0.06796801985903805,-0.9247395192083301,-0.05438614838309405,-0.5647373577814943,-0.6072930727874303
2016-03-30,-0.4364144192755045,-1.7971438431539148,-0.9783328253290531,-1.4380252936931348,-0.5518950161600593,-0.6623513307610347
2016-03-31,-0.163143272738179,0.6170766565400131,-0.8992752494603894,0.4937678436996062,-0.5199660360285226,-0.5997199834329061
2016-04-01,-0.5993021846226957,-0.3673500643319194,-0.8419891805296846,-0.29394346265684923,-0.5080879279502898,-0.5819857190015594
2016-04-04,-0.4630858685820462,-0.9139907951192846,-0.8332735675344425,-0.7313504072537753,-0.48762734649722816,-0.47700084058667513
2016-04-05,-0.6743187722606236,-2.7445360466871813,-0.8880446539169442,-2.196102593358587,-0.495619475867084,-0.5436869855247968
2016-04-06,-0.5127493832087812,-0.10049483112035706,-0.8789425542907192,-0.0804132121015287,-0.49711163720427803,-0.5114244469688585
2016-04-07,-0.516281843370959,-0.8379996400210932,-0.8877257290770658,-0.6705443657427184,-0.5007200655275976,-0.5558333777486326
2016-04-08,-0.5926052643546865,-0.17944185266534496,-0.7996473437267109,-0.14358445700543845,-0.4989038444800216,-0.5716250591151552
2016-04-11,-0.4538970477905904,-2.5532687389075064,-0.8271717778470807,-2.043055730976628,-0.49168643042603943,-0.646176649163631
2016-04-12,-0.3283267158080171,-0.6429543896949012,-0.8368643789906741,-0.5144744971830919,-0.47739087302971084,-0.6463296622807543
2016-04-13,-0.1301831730044929,-1.868420059032405,-0.8649236628959603,-1.4950585699455927,-0.45806427084369405,-0.7037035874770328
2016-04-18,-0.3531703859742588,-0.9623775736060937,-0.8692437793488967,-0.7700681824666074,-0.44756853445432926,-0.7184554259843733
2016-04-20,-0.2613267315645196,0.19207103454197294,-0.7405331000348583,0.1536899825294125,-0.4301196401782946,-0.6578637615602156
2016-04-21,-0.2782227701893702,0.11206734129995394,-0.7036507762405585,0.08967321786744392,-0.41798992306030297,-0.625188423483119
2016-04-22,-0.356840308962787,0.01482157687497565,-0.6715832646170561,0.011859819969240045,-0.4102830154399085,-0.6199387659886569
2016-04-25,-0.4335711616063644,-1.0665639008211079,-0.7180515051092335,-0.8534352286621124,-0.4142555628668867,-0.6168966101327341
2016-04-26,-0.0666154144825309,-1.850878747337184,-0.7875808086215839,-1.4810224926452837,-0.3917477931158836,-0.6255531660192433
2016-04-27,-0.2143014965830534,0.08416175236715212,-0.7648850278405217,0.06734392971744944,-0.389509107515781,-0.6206361974591443
2016-04-28,-0.1629323459256791,-1.3691165191885115,-0.7892242897516895,-1.0955295493492467,-0.3810652268951543,-0.6807662707552141
2016-04-29,-0.3479058204083636,0.14116940725086818,-0.7724293288487769,0.11295989416526117,-0.36467615406659387,-0.6157952144512037
2016-05-02,-0.4040416905344492,-0.9091023626657799,-0.7835585626197621,-0.7274388174600984,-0.36901124148799774,-0.6478453415501086
2016-05-03,-0.2415003146764834,-1.3420308708233295,-0.7816890237150717,-1.073856355189755,-0.3597296174594729,-0.6305039635261382
2016-05-04,-0.4619923407669119,-0.3817388848261345,-0.769564478234675,-0.3054570028199887,-0.37396052546084113,-0.6685622895508808
2016-05-05,-0.3954965170390991,-0.40201006473765866,-0.7788664069065594,-0.3216774459174194,-0.36425549367114607,-0.6698829554204317
2016-05-06,-0.5898560199104123,0.015672760778059236,-0.7401305393835799,0.01254091402127237,-0.3702921675439254,-0.634459559169239
2016-05-09,-0.2810145193765256,-2.838142734819619,-0.7806121913548156,-2.2710041020531038,-0.3515633935970636,-0.6380262976785017
2016-05-10,-0.342099640533921,-0.3285435989425498,-0.7900676170357793,-0.26289159165535736,-0.3434372153744512,-0.6467157443239221
2016-05-11,-0.3809286728441884,-0.5522670532843711,-0.8154417654820778,-0.44190897379842214,-0.33699182630174784,-0.6358283447075271
2016-05-12,-0.4297403126236701,-1.0438508751411688,-0.798105031237782,-0.8352608874436968,-0.32923635240979465,-0.6687653175855394
2016-05-13,-0.2948126961704267,-1.528054080314876,-0.8467745665863099,-1.222707033716054,-0.32166090709454875,-0.6297010939064644
2016-05-16,-0.4362087078622403,-0.6657162156929176,-0.80906031233761,-0.5326878870797772,-0.32679814481141656,-0.6305683981872588
2016-05-17,-0.173958404554863,-0.3287096780151783,-0.8405865234894496,-0.2630244835816785,-0.32888267964714846,-0.5719001083604058
2016-05-18,-0.4954760228227458,-0.42212796911242273,-0.8424124536487998,-0.33777524212734295,-0.3356591385446955,-0.5513147302490123
2016-05-19,-0.4169248633325239,-1.7454375651563363,-0.8701273459833682,-1.3966513458667011,-0.34306857339079094,-0.6251405077916844
2016-05-20,-0.5411748395724248,-0.7331730044213035,-0.8030819112411722,-0.5866649623107135,-0.3555901005042697,-0.657347087800168
2016-05-23,-0.5806863506071238,-0.4547535256731353,-0.8148905343929315,-0.3638813191304972,-0.3662494358206667,-0.6752395229953937
2016-05-24,-0.5409292650441508,-0.3307156205110975,-0.7979810670759317,-0.26462958383996577,-0.37136172646056126,-0.6472011589562439
2016-05-25,-0.2618004831769775,-3.492071864989683,-0.9084020674867429,-2.7942602860528205,-0.3806562535412492,-0.7097362919756504
2016-05-26,-0.1031661306177228,-1.3765651326502932,-0.8691786139448359,-1.101489725882577,-0.37536409325718584,-0.7653950374804135
2016-05-27,-0.2026970048015825,-0.5945903047067282,-0.8675664777785633,-0.47577488068647256,-0.3772576484417527,-0.7358829104012339
2016-05-30,-0.3315529773603596,0.2566741001955082,-0.7967300058042996,0.20538358669682555,-0.376478941629943,-0.731481782185445
2016-05-31,-0.1147795686702542,0.7455962357157476,-0.7397975454935716,0.5966056918181863,-0.3627045548745051,-0.6684320436483838
2016-06-01,-0.2728812712464591,0.04805730729720781,-0.7445980030683971,0.0384541413885317,-0.36419888613974205,-0.6154648771446559
2016-06-02,-0.3072698773403745,-0.47135073599358046,-0.764045272311515,-0.37716195236220273,-0.3568311497860974,-0.618879398551428
2016-06-03,-0.3554670280024206,0.8200144834615206,-0.73720550875863,0.6561531359353675,-0.35492498364149366,-0.5723160375108192
2016-06-06,-0.4528648819858731,-0.1038988659812371,-0.7051166742639677,-0.08313702758753232,-0.3484015961212775,-0.5768721299683813
2016-06-07,-0.3134342784770852,-0.4113204443758926,-0.6571313974985914,-0.3291273567660522,-0.34994539417368514,-0.48440180876423583
2016-06-08,-0.3491055730164939,0.1977471890860376,-0.6533452162746285,0.15823188597045895,-0.3502790100061886,-0.4643483098296732
2016-06-09,-0.184189821487113,-1.0827808858327863,-0.643800695162771,-0.8664116160131158,-0.3409104932748993,-0.48456272136370626
2016-06-10,-0.2336342021135043,-0.5342016211883163,-0.6663130627774105,-0.42745350970489066,-0.3315721070601295,-0.4651433224237631
2016-06-13,-0.3644867898852054,-0.8669978381793864,-0.664909578627864,-0.6937479298770001,-0.3348899210465476,-0.4399547936695224
2016-06-14,-0.3921671371340021,-0.04466576189112548,-0.6216640749967905,-0.03574031962226802,-0.3327927033928219,-0.4162906237905934
2016-06-15,-0.1634089004270958,-1.6437374243704435,-0.6637306929816008,-1.3152736779747374,-0.3322903460534044,-0.4663977282855009
2016-06-16,-0.2152316817200606,-1.0088432188868517,-0.683958464786574,-0.8072487194926469,-0.31894537742946705,-0.48875360816003927
2016-06-17,-0.1746426623074577,-0.37086032806867175,-0.696842901081465,-0.2967522795805546,-0.30740812976160675,-0.4363774621464132
2016-06-20,-0.376024595800125,-1.3811846007758777,-0.6482776299466736,-1.1051860977858643,-0.29954383243911625,-0.4610689447880871
2016-06-21,-0.2918243252155469,-0.3719250786456161,-0.6497236792701091,-0.2976042638371032,-0.2857884978966602,-0.4579128945360207
2016-06-22,-0.2937184605647034,-0.4859780499623601,-0.6475140458260421,-0.38886632847323316,-0.27401655482621035,-0.4638289299947477
2016-06-23,-0.5672593787579999,-1.3191803892641882,-0.6566916962968095,-1.0555720255406345,-0.28856221652054476,-0.38103425092273885
2016-06-24,-0.1162745945057212,-1.7651534647911094,-0.6645950091126839,-1.4124274688914238,-0.2891864290866399,-0.39584081011363637
2016-06-27,-0.3919695059472449,-0.11793766405036077,-0.646335724057932,-0.0943704893904678,-0.29819940533167144,-0.377678696242398
2016-06-28,-0.1391457661007857,-0.41224344630018994,-0.6491201830007658,-0.32986591763213047,-0.2890371571764537,-0.4031667678771102
2016-06-29,0.0148922191228982,-1.4045282318363,-0.6818668584248949,-1.1238650321624337,-0.2828623101386845,-0.4850939452095207
2016-06-30,0.2975798117905118,-0.29737195284983636,-0.6335980046813449,-0.23794889399755298,-0.2556974966607335,-0.49825599451361996
2016-07-01,0.0362618348163021,-0.45894837244812203,-0.6244571836155722,-0.3672379206560666,-0.23933884370089176,-0.49778342157523253
2016-07-04,0.0046203944485334,-0.5132152585972651,-0.6264059080463766,-0.41066079701051655,-0.22219182358417966,-0.548584085048846
2016-07-05,-0.0219982582718963,-0.6777233424912448,-0.6379728321123815,-0.5422956611632769,-0.2016743653120855,-0.5704487818857862
2016-07-07,-0.0033132256235269,0.14734945868112603,-0.5166587879900212,0.11790500209687714,-0.18690669612858274,-0.5491615267018373
2016-07-08,-0.159096816775658,-0.31642756321513554,-0.4813208690088493,-0.253196671628959,-0.17785866011711435,-0.568753362778
2016-07-11,0.0443050317762003,-2.557648784848333,-0.5467561516802361,-2.0465605238035574,-0.16697795281886135,-0.62495092981564
2016-07-12,0.0386413444131492,-0.4299146216164489,-0.5696424424073013,-0.34400590824605365,-0.15401245060330643,-0.6209772345080764
2016-07-13,-0.0022166521919827,0.30256400446775994,-0.5844101834489008,0.24210343153286462,-0.13676149166553392,-0.5764128839647495
2016-07-14,-0.017637941319948,-0.6993341519049564,-0.6093232320889731,-0.5595880391064694,-0.11892676805534086,-0.6013580134639971
2016-07-15,-0.1457459452389309,0.009121507414614038,-0.5933074906420333,0.007298780467013752,-0.11808567495114251,-0.5383783725858186
2016-07-18,-0.1084396464618788,-0.5140525978671112,-0.6377763933529876,-0.41133081296612756,-0.11300033993884814,-0.5195251389416986
2016-07-19,-0.0957225991611725,-0.1395270700886474,-0.638964000156568,-0.11164574093871495,-0.10924224169378695,-0.5107105418635158
2016-07-20,0.0421880370403431,-0.43518259839261614,-0.6397594052904588,-0.348221199013999,-0.08932735441566943,-0.47466459430295077
2016-07-21,-0.0166675703040052,-0.9840491482555755,-0.6791526165351792,-0.7874091830875826,-0.07622465180083411,-0.4979886380767831
2016-07-22,-0.0895931821244176,-0.502991876232367,-0.6598263162151652,-0.40248032637995235,-0.06650440044653479,-0.4986369236913888
2016-07-25,0.0802327789887937,-1.8184045394336006,-0.7026330801566747,-1.455037520693318,-0.03567144055383033,-0.5176590901272308
2016-07-26,0.0837579713430795,-0.6576663895881013,-0.6956553652036318,-0.5262466366519639,-0.026146080275316005,-0.47546000287773277
2016-07-27,0.0293211924758454,-0.24235379236773763,-0.7022449662195189,-0.19392486849335178,-0.006084618445645042,-0.4802006875969177
2016-07-28,0.4225066142423242,-0.03001710771552768,-0.6484542889976884,-0.02401886766208172,0.020660732999264953,-0.46563654236024865
2016-07-29,0.1180002850572509,-0.20116913039758105,-0.6215318193813795,-0.16097002970796542,0.025570640900900797,-0.41978439938622647
2016-08-01,0.1736887491186329,-0.03161809271882848,-0.6102237448697179,-0.025299932023368228,0.019671066487954185,-0.40965825833983666
2016-08-02,0.0427395003089782,-0.07647651164390107,-0.5667334752319854,-0.061194410528844494,0.01997952674951019,-0.39508475785758795
2016-08-03,-0.0593893254663103,-1.2935127022097432,-0.597453062684123,-1.0350334451952155,0.01693144484880335,-0.4248167887235261
2016-08-04,-0.0037237030924464,-0.039366127642157966,-0.5825659986067829,-0.031499697411436454,0.017801661762110486,-0.4004931714020098
2016-08-05,0.0840322789088101,-2.170483289402123,-0.6109427619447142,-1.7367612957574574,0.021960971501745582,-0.48881061415697813
2016-08-08,0.001449347888409,-0.02868522516065347,-0.5530604872903654,-0.0229531317114321,0.029606026961939248,-0.4778466360656674
2016-08-09,0.0416916045847417,-0.21824173659149254,-0.5564039563750699,-0.17463106170027445,0.02948157804806027,-0.3887071378702729
2016-08-10,0.0245239527621689,-1.6115750971945717,-0.5963816780715493,-1.2895382644411326,0.02880932130277549,-0.4337324881652767
2016-08-11,0.0242636264155313,0.05280696638196258,-0.5478038381309406,0.0422546885324432,0.03007028695075235,-0.44324909497482057
2016-08-16,-0.1597919655687988,-0.24577334818457847,-0.5460838846420987,-0.19666110342331863,0.02330104770080707,-0.4259668599422896
2016-08-17,-0.1867443762756476,-0.06092941754768949,-0.5328165861454175,-0.048754051545367896,0.02134874146096342,-0.4286360424190696
2016-08-18,0.0088146088313772,-0.5029795271130254,-0.5324753950959429,-0.40247044495280027,0.026932277427308943,-0.42821412013272064
2016-08-19,0.0763920978156295,0.2781934491719947,-0.5006115020405015,0.2226027805025307,0.03512821537858523,-0.4122975238736138
2016-08-22,-0.0779806551803131,-0.5593686001173,-0.5241687706671158,-0.44759143711876287,0.02940589670141112,-0.4170294399738407
2016-08-23,-0.0330998084043738,0.23062462301959274,-0.5059336977926248,0.18453950835042676,0.028623409172822144,-0.37074616895298307
2016-08-24,-0.0261960249970905,-0.09238593936038486,-0.4237582696096932,-0.07392469895380221,0.031642321416980576,-0.3551006628850712
2016-08-25,0.2412883075021772,-0.5073701618341997,-0.4263401209502849,-0.4059837106318209,0.039311632298570265,-0.3051457195488094
2016-08-26,-0.1952303934492384,-0.32755210987872585,-0.44734399142850106,-0.2620982292555526,0.026026472070364653,-0.2925672239585041
2016-08-29,-0.2923267239859907,-0.790595456018873,-0.45038603489896495,-0.6326128357309396,0.010709904619801031,-0.31345712716029395
2016-08-30,0.1068881218565653,-2.4001218046600883,-0.5306941453014551,-1.9205117476787448,-0.004319547398568445,-0.40376631192299217
2016-08-31,0.2275023167752907,0.5278260959887492,-0.49596485550625974,0.42235198901556,0.0008948350641953566,-0.3759890729361577
2016-09-01,-0.0808495886527865,0.41076733278449573,-0.47762170874382165,0.3286847720159829,-0.011226038163015092,-0.35913265845809333
2016-09-02,-0.0514578223929815,-0.10280483502985155,-0.46654244996506283,-0.08226161397711446,-0.015711624958346507,-0.3601358586222967
2016-09-06,0.0484816637554012,-1.4770909458936983,-0.48297717655300026,-1.1819277290306136,-0.010574911185884054,-0.3671308245192204
2016-09-07,0.172337087043324,0.4816600253366826,-0.45015544650069855,0.3854111634044126,-0.0021910640365616525,-0.34727792638513233
2016-09-08,0.2658518354771498,0.04425089178143171,-0.38806693212686416,0.035408351920513455,0.006467010085740238,-0.2628888955433242
2016-09-09,-0.0238200545041306,-1.0018993272834127,-0.39954136338337454,-0.8016924075700105,0.005263705209905019,-0.2999717182032565
2016-09-12,-0.2125883051254735,-1.6481906578702168,-0.44640259223345713,-1.318837033482306,-0.006844861919152847,-0.35445771685954375
2016-09-14,0.0128487193767144,0.17887928144058862,-0.43943937926158666,0.14313430291577967,-0.0074008254136983,-0.2862352136520717
2016-09-15,0.0375922967499987,-0.11256590374482223,-0.4364859383731614,-0.09007215388413203,-0.00676612682634271,-0.29253649186238484
2016-09-16,0.4341421980746665,0.05818310841540114,-0.4334925650020203,0.046556530177463584,0.021516452394774684,-0.2809546997861571
2016-09-19,-0.0403960206065784,-0.45341049546264584,-0.4460570311293119,-0.36280666313107063,0.028485421712349406,-0.2959095860521429
2016-09-20,-0.0612997589403765,-0.5182330647267133,-0.42021437654654414,-0.4146759080771586,0.025146642294646852,-0.29649079858187427
2016-09-21,0.0226025366433721,0.056008365002222504,-0.4170352267917315,0.04481636004731136,0.02258523461977745,-0.3049568186035514
2016-09-22,0.1516141277692939,-1.0009603447370758,-0.3780511286362299,-0.8009410594477594,0.03351831952213969,-0.32178299109540837
2016-09-23,0.2209607735659078,-0.19011887956849116,-0.3834322504498245,-0.152127921573762,0.045616442473105485,-0.3378147734727507
2016-09-26,0.0162455803052159,-1.5990617350699892,-0.42945958373244103,-1.279525414711357,0.047637471297024836,-0.3952243313659676
2016-09-27,-0.0103121240125754,-0.23208556367686795,-0.38347659928185096,-0.18570851306073238,0.0356564983677509,-0.38473503624353483
2016-09-28,0.1997655900485493,-0.4004493402872096,-0.39858514283748997,-0.32042859694810577,0.0544658309152646,-0.3875126728003231
2016-09-29,0.491237610256399,-1.1214007548408862,-0.4277727230593669,-0.8973141776997191,0.09177841826014028,-0.4001174986083602
2016-09-30,-0.1113332274408721,-0.13282256506037665,-0.4301691613097899,-0.10628097959861757,0.0813869254364528,-0.31372555727121126
2016-10-03,0.0305554862758815,-2.5185078049345364,-0.49735343723717357,-2.0152409834393343,0.07200850493648094,-0.42980141310239667
2016-10-04,0.106172478543392,-0.060084829068217493,-0.5086293798451806,-0.048078234970712924,0.08091431766010848,-0.4477425086731917
2016-10-05,0.1712152273582106,-0.3110630434617817,-0.5003525279566633,-0.2489041298142198,0.09151779621968907,-0.45567786657019677
2016-10-06,0.0836199115505392,-0.5107013100770237,-0.5250633923932172,-0.4086492042418458,0.09319104611469563,-0.4188550796754936
2016-10-07,-0.0710634385724832,-0.0766616307795277,-0.5245392487738553,-0.06134253779221954,0.08160054489489528,-0.44012906544676184
2016-10-10,-0.1459479890082506,-0.3080579022049502,-0.5178955067862137,-0.24649949806762547,0.061991029443209555,-0.45355324877953024
2016-10-13,0.0270583318651818,-1.64129408092768,-0.5616869058211788,-1.313318581455748,0.06441380974651015,-0.47791639991694634
2016-10-14,-0.0136566149961625,0.03500850783469445,-0.5341667736927266,0.0280128493623505,0.07388674737171544,-0.413780691210058
2016-10-17,-0.0568302715926749,-0.7593423149026324,-0.4794741240341447,-0.6076049279868149,0.07056870018269688,-0.4495301783958958
2016-10-18,0.0710685406744103,-1.811215252925573,-0.5574421689979554,-1.4492848504874611,0.0721628070362403,-0.5142545925198638
2016-10-19,0.182338174508076,-0.06687752492808274,-0.5733636642550413,-0.05351356419940076,0.06017213924735504,-0.5190198351092382
2016-10-20,0.0866743695112713,-0.4014085288522416,-0.5833171207157878,-0.3211961133732332,0.0662231102053479,-0.5170383803588651
2016-10-21,0.0561915713955784,0.06908003138869201,-0.531778088139708,0.055275949559897536,0.07181793545944097,-0.49465972047138623
2016-10-24,0.0548754905653065,-0.061578486768260166,-0.5498860385432062,-0.049273418962780785,0.0733547427890569,-0.4991401861385335
2016-10-25,0.0488132751163094,0.07548708881732286,-0.5488448319753431,0.060402701475507324,0.06845946409129573,-0.45812381657075885
2016-10-26,0.0975679100771042,-0.4705359106084292,-0.531132718086177,-0.3765099514006468,0.06258361344897174,-0.4688086751339439
2016-10-27,0.2784322367350437,0.41557458677560216,-0.4623405432646497,0.33253140502688666,0.0750686923265826,-0.3920440646702179
2016-10-28,0.1626515269557599,-0.1531023805706192,-0.47340659866502327,-0.12250833266568173,0.08330505665840808,-0.3890345322704536
2016-11-01,-0.0017156415348447,0.02817855206220876,-0.46871511680478883,0.022547705771838983,0.07371071229729409,-0.3727023273790277
2016-11-02,-0.0893814951731833,-1.6668564079853132,-0.5262164340181461,-1.333772855616698,0.04606218346731398,-0.3934860739465029
2016-11-03,-0.0035776595862244,-0.256455223317291,-0.5196512582799675,-0.20520844741218638,0.05119340098420196,-0.3981969057471491
2016-11-04,0.0016266403269173,-0.4148209340814619,-0.5162041872584592,-0.33192835277763855,0.04981583689139415,-0.3180391614299254
2016-11-07,-0.2794998723072666,-0.7414864737273786,-0.5427873485494459,-0.5933171728090658,0.0314504868508866,-0.3440029203746089
2016-11-08,-0.1587506339687667,-0.40169004356459115,-0.5228116718436964,-0.3214213737375872,0.0157378267876972,-0.34745612246619784
2016-11-09,0.2885457920675511,-1.664035130960305,-0.5719422135567568,-1.331515346993817,0.02549620205041205,-0.39140212926391066
2016-11-10,0.0109336042094292,-0.5512684054198743,-0.5370157692350863,-0.44110988312234206,0.02940082313526502,-0.4094862885653451
2016-11-11,-0.1110880698348412,-2.405428279994939,-0.6094605264456887,-1.9247578439391766,0.031060819286379753,-0.4894033526544666
2016-11-15,-0.0619958894730578,-1.4077594476936248,-0.6430375300259025,-1.1264505626139423,0.02682014207979692,-0.4805048755667616
2016-11-16,-0.1292915144640634,0.1567585083727791,-0.6004322212521137,0.1254338660204612,0.02131371829561116,-0.47586577953542303
2016-11-17,-0.3437120238951748,-0.4100298097750268,-0.609672462742602,-0.32809462629874386,0.007652682471682596,-0.46255576516932434
2016-11-18,-0.3033725466439221,-0.11865648389928185,-0.5296774187080936,-0.09494566935076698,-0.010177845495857044,-0.39806342321043414
2016-11-21,-0.3016963351405466,-2.3196530636178587,-0.6049963598597483,-1.85612286450104,-0.03322710786007717,-0.48390196132003593
2016-11-22,-0.3179870576995006,-0.8751594686210487,-0.6237995740317238,-0.7002786430737183,-0.05249669963201868,-0.5019535103533924
2016-11-23,-0.2595423463612316,-0.4371931582669796,-0.6213493023047223,-0.34982999397208375,-0.06753164809662869,-0.521244269569201
2016-11-24,-0.142736796322978,-0.38050417302465683,-0.6314773870462267,-0.30446902024546635,-0.0769417569960708,-0.5333964410588528
2016-11-25,-0.3415987801759699,-2.7417350448180633,-0.7125999584666637,-2.193861308360273,-0.09553280724808409,-0.6407423462891281
2016-11-28,-0.3590242254089701,-0.060927894147928874,-0.6599210855740054,-0.04875283256259336,-0.11727528989027812,-0.6251348644396969
2016-11-29,-0.3580457407443121,-0.0419507943108508,-0.6624863956455235,-0.03356787690608559,-0.14758376500834267,-0.6425681635793622
2016-11-30,-0.1128526794718939,-0.6624272692970268,-0.6592558941253367,-0.5300561622320924,-0.16070301293346906,-0.6619752030825247
2016-12-01,-0.2102067630943765,-0.5049842936990554,-0.6157148621511195,-0.4040746042801931,-0.17063116157916106,-0.6822905511802405
2016-12-02,-0.469239284334187,-1.774908905125606,-0.6726492414910369,-1.4202335051225028,-0.18871962772968504,-0.6864077249662311
2016-12-05,-0.5856834909911554,-1.1856672964298172,-0.6987912004102894,-0.9487385045253763,-0.21643895303468175,-0.7218139181620974
2016-12-06,-0.5046644259122502,-0.45573764158150953,-0.7162851228426295,-0.3646687817332037,-0.24054805142702307,-0.7233729862076005
2016-12-07,-0.477246369946044,-0.8341980846913694,-0.7420391094400665,-0.667502465262497,-0.24996455131458387,-0.7269056191815734
2016-12-08,-0.5104584817934209,-3.105494965437725,-0.8480718445819014,-2.4849320363243006,-0.2667125440681388,-0.8299299364476073
2016-12-09,-0.4458329800157325,-0.07404687417036693,-0.8348555433672993,-0.059250281151134156,-0.3016829617863904,-0.7693458856931938
2016-12-12,-0.6098892912339412,-2.661731633720571,-0.9374324173838384,-2.129844769462629,-0.33124595680750335,-0.8497618326617788
2016-12-13,-0.5949889084730752,-0.6382068840111373,-0.9536025674985223,-0.5106756731316887,-0.35428885388551445,-0.782424586432851
2016-12-14,-0.5395222560768266,-0.7701934299551417,-0.9802149668991007,-0.6162876931253571,-0.3770282046761701,-0.7581311164572041
2016-12-15,-0.448231767326971,-0.4767385784100168,-0.9405443725799242,-0.38147315633331674,-0.39221583576488,-0.7822695460930983
2016-12-16,-0.4222898080018676,0.13350297168695696,-0.9275457660797826,0.10682542235023643,-0.39595763500805586,-0.761559067586004
2016-12-19,-0.5813441082854406,-1.0464660787861475,-0.9486006042366054,-0.8373535017906029,-0.40919437603860437,-0.7969118215117105
2016-12-20,-0.5548018979636927,-0.5898875449827744,-0.9435473066117853,-0.4720118611268703,-0.4212470218873256,-0.731001773731988
2016-12-21,-0.4614169927052801,-0.6096600710407164,-0.9504796408609895,-0.48783329506486145,-0.42807701879236276,-0.7208853285887092
2016-12-22,-0.6213981479563588,-2.225856284956393,-0.9692070126608592,-1.7810692505702752,-0.4453082474397497,-0.7890395789029088
2016-12-23,-0.5060465683713692,-0.39439038356222333,-0.963977745265604,-0.3155803856838191,-0.4626087127753874,-0.7895686915428303
2016-12-26,-0.8175181291044833,-2.52175976179962,-0.9678554613257601,-2.0178431102773184,-0.48527153891484043,-0.7811868725864992
2016-12-27,-0.3541273578797956,-3.7311323465696713,-1.0453012246216282,-2.9855499374316294,-0.48503835474678453,-0.921034353770739
2016-12-28,-0.4263275087735286,-0.21162200752957405,-1.0575805751517067,-0.16933413576710693,-0.4882898675100806,-0.9274994137165019
2016-12-29,-0.162704962748589,-1.101384473818539,-1.080625730619824,-0.8812976977137372,-0.4906637857613517,-0.9442252011203898
2016-12-30,-0.331203596968235,-2.0249741248479403,-1.144169651984779,-1.6203288466298162,-0.49642553975534504,-1.0021420698037051
2017-01-02,-0.4392002329953297,-0.3823446401011304,-1.0795927045342213,-0.3059417116041801,-0.4949951087392089,-0.9490805558266422
2017-01-03,-0.2241733135533194,-0.4145885291756293,-1.0642403398860407,-0.33174238873572903,-0.4777803383850262,-0.9196997884080876
2017-01-04,-0.3033426416825991,0.032817580638433985,-1.0485733152558605,0.026259729412122398,-0.46819358675504286,-0.9010841450202148
2017-01-05,-0.1460434113253946,-1.350455206340163,-1.0809050163663771,-1.0805972777942048,-0.4524220172969167,-0.9207553265693437
2017-01-06,-0.2341047270575454,-0.6703882690693509,-1.0118601238414202,-0.5364263362608982,-0.43926231469044646,-0.8279693408520388
2017-01-09,-0.3785774143426457,-0.360424958911284,-1.0218433593335319,-0.2884021829232869,-0.43605966870601376,-0.8388813361745223
2017-01-10,-0.1109879833434525,-0.8564612797131125,-1.0489937088469408,-0.6853168643055388,-0.41230246356837136,-0.7700942930718038
2017-01-11,0.0662160267626138,-1.1238867725056654,-1.0643756922872287,-0.8993034209626549,-0.3808165142714338,-0.7886003763018498
2017-01-12,-0.0430439799261892,-0.09071686512918575,-1.0505667780015664,-0.07258915145677852,-0.357174691597594,-0.7627099695557271
2017-01-13,-0.0760112143549218,0.008883711771561886,-0.9911070241049942,0.0071085029047909636,-0.3394499033608297,-0.7442060810205791
2017-01-16,-0.2652763375650623,-0.29836220257713464,-0.961530187643238,-0.23874126471420556,-0.33197307143526755,-0.7606616375474572
2017-01-17,-0.1427090934067451,-0.42230133965911776,-0.960415644245825,-0.33791396849155614,-0.31108568977437734,-0.736878802628455
2017-01-18,-0.0017970444489663,-0.17320290875374678,-0.9383824717145708,-0.1385922249228546,-0.28475212532129507,-0.7210016770949305
2017-01-19,0.1067712022053132,-0.030574510412836653,-0.8358851232137412,-0.024464886037603835,-0.25769554461126687,-0.698936514760299
2017-01-20,-0.0247331719044561,-0.9453153133943554,-0.8649274045212075,-0.7564154290459384,-0.22928292670403336,-0.6501434756400926
2017-01-23,-0.1434006592238256,-0.3884548586333338,-0.7891515120182997,-0.31083094116294535,-0.21201407388748367,-0.6499173116152891
2017-01-24,0.0292710504698352,-1.1318598697920366,-0.8056066115443296,-0.9056832750909457,-0.17169077962203994,-0.596957319463557
2017-01-25,0.4520909564305435,-0.7649409449593374,-0.8054315287111361,-0.6120847984558605,-0.1332994313215476,-0.48393516998852043
2017-01-27,0.2596963749370845,0.21625843197277064,-0.7823316283650431,0.173044075651449,-0.10063162733532793,-0.4676314456352559
2017-01-30,0.1307451825081324,0.6763585250013134,-0.7642364432545646,0.5412035715794241,-0.08665781089453167,-0.3998932899546291
2017-01-31,0.0526091117514554,0.6431305709808552,-0.7079165549289979,0.5146154726238976,-0.0683810152412131,-0.29822927475207134
2017-02-01,0.1524952336099902,-1.085266053635279,-0.7244291718840814,-0.8684001792395208,-0.04020504064095976,-0.3250130113061352
2017-02-02,0.292364028066425,0.41889676522080754,-0.6901439440086973,0.3351897212504692,-0.015608024373352881,-0.2932543394020305
2017-02-03,0.2417306159751546,0.3237934842103272,-0.6051556183698066,0.2590906799148202,0.010347845038921102,-0.2821671512828544
2017-02-06,0.3202924723167077,-0.34719802569783886,-0.6035825397743272,-0.27781835314728887,0.03255431568854502,-0.24393958344252512
2017-02-07,0.2479933188652652,0.05573086939757799,-0.5176661854010871,0.04459431566289126,0.055511365494393144,-0.2162719333509161
2017-02-08,0.272879883799194,0.34049754738365323,-0.38194518893597634,0.272456813873544,0.0865331415963855,-0.18956436207487648
2017-02-09,0.2888304507780055,0.0036119846072175665,-0.3747707225314166,0.002890211178919879,0.10557211464978826,-0.15679259657561656
2017-02-10,0.2176669275205849,0.33517436379024623,-0.32688542794445713,0.26819734812212276,0.11278406230492977,-0.10119732185729384
2017-02-13,0.084243056087331,0.18169871956859623,-0.2533296664639059,0.1453903401036335,0.11884534973414498,-0.09081734606870279
2017-02-14,0.0016104483653824,0.20322383969646052,-0.23381071713731952,0.16261415182664485,0.12254161938749282,-0.08341231516766212
2017-02-15,-0.0626564447704406,-0.5306787178673048,-0.2376803900937087,-0.42463457893195966,0.13219018571104624,-0.09226437774945993
2017-02-16,0.0330632664046229,-0.4479699674829902,-0.2537066416977562,-0.3584533016149107,0.14056029808301615,-0.09324244123152443
2017-02-17,0.0492677652098198,0.16985600597693018,-0.20302960128718642,0.1359141249661228,0.14299195568581546,-0.08017071028443026
2017-02-20,0.1413099004467837,-0.6748618649630675,-0.20317872115031033,-0.5400059851985349,0.14463665560207598,-0.1047202864349508
2017-02-21,0.2739042185289262,-0.11778460049601802,-0.19509070920313476,-0.09424801212548652,0.15885748371795133,-0.07318850467683405
2017-02-22,0.066524211267927,0.38156885187380574,-0.15382303815023748,0.30532094710739854,0.16885390612232049,-0.04384793856872242
2017-02-23,0.3934734391110603,0.8271781481158299,-0.08878754079618764,0.6618853042354593,0.1861968770099979,0.03079818425634448
2017-02-27,0.1258853359894259,-0.22283046112302016,-0.09319132732931547,-0.17830283342142195,0.17066327603661133,0.05145446830560346
2017-02-28,0.1937333559173063,0.596927095832603,-0.07358988119394742,0.4776447169591166,0.16752217989281237,0.06595926074882573
2017-03-01,0.3167799692428056,-0.3794181217384703,-0.07629174516599195,-0.30359999174464064,0.17638097926113014,0.025730519638155973
2017-03-02,0.2933325561528225,-0.31295614399932115,-0.0726469053106654,-0.25041893702726303,0.1878440004231,-0.010699690345232625
2017-03-03,0.0403850149243693,0.4183858192799291,-0.0529272810428762,0.33478087629935854,0.18250541858092756,0.04659464563280925
2017-03-06,0.0141693506811519,-0.5952482293113986,-0.07174973833949494,-0.4763013339397629,0.16925805299115268,0.00795221443327439
2017-03-07,0.0988432353775613,0.10814837799725929,-0.036634281959774445,0.08653737074212986,0.1624538920103149,-0.0002646098130441984
2017-03-08,0.1549035544205833,-0.04388515575989027,-0.025148625197326326,-0.03511569997070014,0.15457822925335657,0.011292659385840979
2017-03-09,0.0554125986139165,0.2811081189230866,0.021950307759844447,0.2249350194275334,0.14540771876519715,0.019880311946062032
2017-03-10,0.0637077449469028,-0.010782868982904592,0.04708891029239221,-0.008628156502365529,0.13544714072461184,0.006495313356733009
2017-03-14,0.2805493304854091,-0.6940796723246324,0.016744306815812106,-0.555383548425056,0.13505280166305964,-0.02008915138631346
2017-03-15,0.3996237358754496,0.6513826429409352,0.015911777413799497,0.5212185546471737,0.14371741158471985,-0.00804052250416818
2017-03-16,0.4181072430533791,-0.18878565816947,-0.011818763557878012,-0.1510611143166864,0.1596157062021507,-0.022157258428945316
2017-03-17,0.4380258041408135,0.5897662529582678,0.044015646661906875,0.47191480657009366,0.18039738981050457,-0.00742865582211442
2017-03-20,0.347925204629779,0.6150101509161358,0.050552759518417825,0.4921142824846733,0.19994889692480072,0.03622605186439191
2017-03-21,0.2799677274407683,0.5171106701983825,0.05699666571801966,0.41377779870912534,0.2117062522122362,0.07299896140363173
2017-03-22,0.2775230245446033,-0.3659169041447307,0.05637270310312326,-0.2927966871180173,0.2225755502757974,0.05258416082819648
2017-03-23,0.3104053479030779,-0.27454170416081103,0.045363617317843635,-0.21968075413708035,0.23062771444038277,0.06783774325969431
2017-03-24,0.2933571126802139,0.24273141953659094,0.042104746389608226,0.1942270354136393,0.23155404273330124,0.08157465028536698
2017-03-27,0.3020022974141118,-0.363027411137243,0.0298834331981262,-0.2904845939338543,0.24276728493073862,0.05320295785483112
2017-03-28,0.3379111303755686,-0.24590409592556153,0.010514151207599276,-0.19676572418550367,0.24012146070523904,0.012314813644309076
2017-03-29,0.5195529743568024,0.23127703720480328,0.012166761795472847,0.18506155231695226,0.2588675387227331,0.029617879631850707
2017-03-30,0.757531829054121,0.6393655033427221,0.026704817250348234,0.511602768595377,0.2857150850625815,0.03123492970976787
2017-03-31,0.5692404186001394,0.4583243410133956,0.05967158587970491,0.36673858778930024,0.2977370112224545,0.06315581444947933
2017-04-03,0.4247896309378326,-0.875875917975277,0.045408054196628696,-0.7008519262290736,0.3039968719265026,0.04170662448748836
2017-04-05,0.3922296341574406,0.03429461624247049,0.04088934120548003,0.02744161285811426,0.32075137760426786,0.027071421466476734
2017-04-06,0.3627741382035788,0.36976266494570953,0.07571015886910594,0.2958739596058992,0.3373516055815263,0.06384167354007968
2017-04-07,0.4868082065278334,-0.39022911500237156,0.06662867505222748,-0.31225065252655815,0.35582612801725355,0.04485176767014217
2017-04-10,0.2773645665779127,-0.13645528018492548,0.04936120398360311,-0.10918777876985976,0.36165760478665016,0.041324525822563137
2017-04-11,0.4271833060426705,-0.25508662992881104,0.013285711382115078,-0.2041133364577057,0.37936097180706707,0.020893651732789842
2017-04-12,0.4359683194727632,-0.3383364198578003,0.009435512757622408,-0.27072753880359646,0.397087665832108,0.00841272876606456
2017-04-13,0.2597781594980188,-0.4431528155622995,-0.025233817622207673,-0.35459874855177986,0.3960985624517561,0.017973909712411043
2017-04-18,0.4130009588794619,-0.5969112087564528,-0.03248358718947376,-0.4776320045558015,0.39673557307099483,-0.029590402630587775
2017-04-19,0.2548258548008401,0.3313749816662476,-0.011005883000621466,0.26515718658161574,0.38896026886849294,-0.009770483540192438
2017-04-20,0.3831884494571517,-0.08115909820195744,-0.027657380250017686,-0.06494128807347954,0.3863489662645091,-0.035335059475600686
2017-04-21,0.3908821554055055,-0.21486736047535326,-0.014978017955482837,-0.17193097832969323,0.3883945353490674,-0.0669562623715229
2017-04-24,0.4472985228314906,-1.2191797365237245,-0.05922228843951562,-0.9755542414470465,0.3963626684629113,-0.13311493095038823
2017-04-25,0.4637896466802833,-0.8611745529634658,-0.08646526834630149,-0.6890882965010834,0.4052325076122294,-0.15198595996862949
2017-04-26,0.5319205822412669,-0.18536327155718008,-0.10201431469564372,-0.14832261426171434,0.41578085210452415,-0.14858795330789776
2017-04-27,0.5585873020407279,0.4299211191032084,-0.08732418175943994,0.34401110735704515,0.42841086112169147,-0.14145537845344988
2017-04-28,0.4183911212733655,-0.2606266255464009,-0.07287574686683222,-0.20854628925410637,0.4339531860673703,-0.13755355442108091
2017-05-02,0.2748437364727142,0.01648618357920928,-0.09403896217888975,0.013191792673516292,0.430949976833901,-0.12755557742779425
2017-05-03,0.4459478753374152,0.2294134363779955,-0.08009899236064091,0.18357034996467203,0.4274449721186921,-0.12762658706361713
2017-05-04,0.4110609501142405,0.3554647250796627,-0.08790904328992774,0.28443313963291617,0.41094635883584063,-0.13844418844278192
2017-05-05,0.4386031897191528,-0.3774455040646377,-0.12099089845595354,-0.302021557096483,0.40472553841293646,-0.17028990962781923
2017-05-08,0.3140323993266171,0.03473668063924146,-0.13707003144125823,0.027795340683752428,0.3994513845266881,-0.13559242072720845
2017-05-09,0.4992458198412696,0.1720723009756724,-0.1191370579372448,0.13768754353727272,0.4045473933687752,-0.13034261450439139
2017-05-10,0.4743750829175504,-1.149563121074065,-0.14830443850101993,-0.9198489320143699,0.40986172406944055,-0.18823418077202325
2017-05-11,0.4106661212068324,0.2151137121936582,-0.14922502874578436,0.1721281022290514,0.4062359104827262,-0.1651685257836609
2017-05-12,0.2666182807902456,-0.09720994836685876,-0.1403644466534382,-0.07778473886921529,0.40572418258807535,-0.16367314293124924
2017-05-15,0.3955312351974859,-0.39846965038074655,-0.1454499651352777,-0.3188445032930499,0.4042169411192571,-0.1691365318281704
2017-05-16,0.413318475255281,-0.550469055353167,-0.17150816822054338,-0.44047026508685805,0.40313837710890077,-0.17721951879404
2017-05-17,0.2932332881738519,0.39009959290938956,-0.17981703190165446,0.3121470124943443,0.4047314784744166,-0.14546972064898644
2017-05-18,0.42620583931068,-0.6967488020628294,-0.2183194700041953,-0.557519312955145,0.4053602823044747,-0.14927387819181234
2017-05-19,0.3104447163865665,0.3581173408913899,-0.1771863613753064,0.28655569017123017,0.4080087995228426,-0.14825490183040216
2017-05-22,0.239674092455862,0.2621360935174072,-0.16959164546614183,0.20975412419208217,0.40117478252278116,-0.13517416791299444
2017-05-23,0.3884408593687379,-0.05884216087065647,-0.18387847299335405,-0.047083885905907556,0.4010585303305541,-0.12922906827376654
2017-05-24,0.2602558092504543,0.07573846186108729,-0.16834622043123873,0.060603843302002136,0.39215173444574286,-0.07988820709524042
2017-05-25,0.3837913466407792,-0.7434079982830306,-0.18857797770117557,-0.5948547241430929,0.38834229158671885,-0.0754008941258123
2017-05-26,0.3665688971235344,-0.4902800563369997,-0.19641775858144855,-0.3923086761761883,0.3804684018192078,-0.08701927802650154
2017-05-29,0.2464478635961174,0.3645933004981716,-0.17298676790291614,0.29173757572310893,0.3656046190361312,-0.08950849381859373
2017-05-30,0.2451955664853527,0.24952901840840558,-0.14989737343722595,0.1996662878982342,0.3573572116652734,-0.07006979966848229
2017-05-31,0.382279011486879,1.1036834276506045,-0.09321088555699074,0.8831372576199402,0.36247317714213834,-0.028643825147223995
2017-06-01,0.301010195883739,0.3612733102700815,-0.09221427460352961,0.2890810104509441,0.3555713828824395,-0.023619507981211044
2017-06-02,0.3053310506843755,-0.0738759808092701,-0.09197150402377338,-0.05911353696300607,0.3505366257667316,-0.03997887353339781
2017-06-05,0.2280211753622508,-0.17827337574843005,-0.09075170453287591,-0.14264947377189197,0.3405089107973553,-0.0323897267084173
2017-06-06,0.1825948680424396,-0.40733575357146096,-0.06369023843446714,-0.32593891629360616,0.334249980736204,-0.04923421513591056
2017-06-07,0.1867135620379481,-0.0012398247642799731,-0.03502574749449428,-0.0009920738273523297,0.3193674922693792,-0.05583800643898794
2017-06-08,0.3147449860952616,0.09575113515929201,-0.02565526727061188,0.07661743648591228,0.3117660590873655,-0.00838722698659355
2017-06-09,0.2072266692017298,-0.025913756816371425,-0.04084976313459787,-0.02073547863100136,0.3020784661347415,-0.017571207027548445
2017-06-12,0.2360064896002733,-0.5197398813609692,-0.04948687166175015,-0.41588162148806446,0.30062076179236186,-0.03367105858082698
2017-06-13,0.2003716189325998,-0.034000538891803433,-0.0511697624107839,-0.027206300214568695,0.29132744673212924,-0.0197835251008993
2017-06-14,0.2421290242063271,0.309797241627939,-0.048490302235785786,0.2478912698471112,0.2831755681107505,0.012995595610242095
2017-06-15,0.2550177269887648,-0.15914873895514098,-0.06564408437027924,-0.127346463082898,0.28135577948288915,-0.007932665131531347
2017-06-16,0.384064771241168,0.4479271980366331,-0.038131660966903555,0.3584190786750552,0.27934906195576953,0.035683448755621044
2017-06-19,0.1847861814325739,-0.8117007248355069,-0.06634624114939516,-0.6495006939311212,0.2733653221960556,-0.008890664773062355
2017-06-20,0.2703704136825194,0.3427753712815169,-0.06065613880586702,0.2742794661849795,0.2748270517782774,-0.0058180294400672445
2017-06-21,0.2465604594384063,-0.005958323388419173,-0.02253597888301215,-0.0047676872239185535,0.2680708422577854,-0.0038029723599725296
2017-06-22,0.231332800926266,0.3222246586826027,-0.018965614000047332,0.2578353486852954,0.2666935561471098,0.0055890040868509586
2017-06-23,0.206011322406917,-0.40003868522477687,-0.029059905228644604,-0.3201000020117511,0.258227840707402,0.018672562283581523
2017-06-27,0.109064648499346,-0.5556443607945954,-0.03429906224243957,-0.4446114027902825,0.24596573363005975,0.01618195625433894
2017-06-28,0.1639477995755476,0.13199514090850067,-0.011550255700383977,0.10561889744891086,0.24203715915288976,0.007319162050805696
2017-06-29,0.5263749678368542,0.446242025040138,-0.009678841296025698,0.35707064938685984,0.2554266544553422,0.014814607835978346
2017-06-30,0.2299561651969986,0.042990287250058934,0.014979128347737247,0.03439965069252667,0.24817318558439555,-0.025601468684374677
2017-07-03,0.2518194610461641,-0.7701304325749023,-0.022629130767805827,-0.6162372843466911,0.24583076963974912,-0.06871186367473825
2017-07-04,0.2935987032217177,0.19559759097592022,-0.02484708085252206,0.15651183642328476,0.2452720864272416,-0.058443988751581556
2017-07-05,0.3563196033086226,-0.15620452019258302,-0.028092492829919612,-0.1249905798480346,0.2513815353770688,-0.05760308904092168
2017-07-06,0.4272600229307161,-0.2933370769429584,-0.04039501079005447,-0.23472029678030362,0.2630322570384153,-0.053259345254573945
2017-07-07,0.2338599959794413,0.14258155105011017,-0.010862025812283108,0.1140898529659313,0.26527732532134357,-0.04777925350251282
2017-07-10,-0.374400280887719,-4.603137690869421,-0.14795728029669714,-3.6833047365900384,0.23246088403643975,-0.2268231665061295
2017-07-11,0.3234756176528221,0.2628348072949345,-0.15134923007013834,0.21031321582459883,0.23799654824839653,-0.2158208477225295
2017-07-12,0.2967514565285304,-0.08524333191229017,-0.16250830841416156,-0.06820938005353237,0.24088916572117067,-0.1992650267018375
2017-07-13,0.3615686367636035,-0.33653139457435993,-0.2105154691549937,-0.2692832069971966,0.2485652141893137,-0.21079249845339124
2017-07-14,0.3017450984535369,0.20616227330743508,-0.21568583705374858,0.16496540594162087,0.25140407486775224,-0.2147413491155574
2017-07-17,0.2840549372525825,0.08491687487986643,-0.2103927418641107,0.06794815807527228,0.2527867991660293,-0.20544160525088265
2017-07-18,0.2902798179117453,0.0484491251312859,-0.20283532516812017,0.03876766329056016,0.24832084900748536,-0.22066310122157284
2017-07-19,0.4200009649190072,-0.1987565758666735,-0.19588268591129393,-0.1590395696331778,0.2595215529830298,-0.1973078095883375
2017-07-20,0.4006725280602966,-0.004083287278108416,-0.1959774679950882,-0.003267334670901497,0.26572641557244775,-0.21052432391480802
2017-07-21,0.3511157449216172,-0.11292080267133586,-0.20293319925610911,-0.09035613428724518,0.27070523869069585,-0.2145999642511569
2017-07-24,0.312449955143484,-0.18665276057568078,-0.2082911660480861,-0.14935442806538254,0.27456796032008723,-0.2339899536202368
2017-07-25,0.3441863129750265,0.4043961137204389,-0.17748663287870584,0.323586696978375,0.2811477217757115,-0.20333820604927838
2017-07-26,0.4390153720286693,-0.05106847557815003,-0.17805556410158405,-0.04086359579478528,0.2968596609913935,-0.18411212000187377
2017-07-27,0.656045611482357,0.5753248922648116,-0.1692046424136883,0.46035922517818323,0.32029289012981305,-0.167219723443337
2017-07-28,0.3682540285484345,0.31302996020634527,-0.15346535244163875,0.2504780027348814,0.31276332159226927,-0.17229556376009786
2017-07-31,0.4734822081397171,0.10792717302391233,-0.16479868660872946,0.08636036857951754,0.3243597998276368,-0.16982124386071737
2017-08-01,0.4359255434284252,0.054465295287255966,-0.1359264859379707,0.04358163791390687,0.33312675613155396,-0.13840129518164127
2017-08-02,0.4154560557883205,-0.14764637839585842,-0.15227387759388317,-0.11814258912231484,0.3389294872061541,-0.15148007735047933
2017-08-03,0.4135203952055949,-0.28834551745719966,-0.16168678406284256,-0.23072618755925325,0.3416533344393433,-0.15651510628910878
2017-08-04,0.4845631304987714,-0.25983444937677025,-0.18108875433148833,-0.20791241157462656,0.34438205384734594,-0.1552385403269337
2017-08-07,0.2825719848112283,0.157854000584418,-0.16249233147118183,0.1263104488913214,0.3467016723631453,-0.1546566071876294
2017-08-08,0.3265886289026523,-0.5516547368057385,-0.16235934400488658,-0.44141901491874036,0.38008209663887726,-0.0002810966318533149
2017-08-09,0.3485517114435769,-0.5117598038644688,-0.18381784216398556,-0.40949618198676124,0.38127619634319887,-0.029795829860965697
2017-08-10,0.4572911915037306,-0.35699541279443053,-0.21059242342513784,-0.28565795402880545,0.3889209456277322,-0.04015052385978823
2017-08-11,0.3731466260040208,-0.11614425511309728,-0.21589690817057638,-0.09293545266619857,0.3894722784487045,-0.03175301174878832
2017-08-14,0.0245329204539023,-0.4311231416256445,-0.20459666513893449,-0.3449729328655786,0.37627169854396,-0.056035789787226384
2017-08-16,0.2983619451990845,-0.6509965813537215,-0.23281647088325583,-0.5209096387362665,0.37695298463665056,-0.08407663725444252
2017-08-17,0.2876740989579396,0.39302170763514094,-0.21450892995566503,0.31448520868421026,0.3768289027817075,-0.07094723033093538
2017-08-18,0.121121846864268,0.0198017408997182,-0.20407096936090918,0.01584481085441709,0.3625965638267199,-0.06261940268866895
2017-08-21,0.1721500130900642,-0.6687872839675884,-0.23111659719483246,-0.5351452718208254,0.35171453930432783,-0.087946923505332
2017-08-22,0.1493973015373476,0.2122023121619565,-0.07060526376045323,0.16979847964397293,0.3421088991431721,-0.07555860855622637
2017-08-23,0.2170458769959344,-0.7193195636197303,-0.10334374279094206,-0.5755798183177979,0.3375658478028127,-0.09585505571110328
2017-08-24,0.3518572450436501,0.48007379948299267,-0.08449983841109929,0.384141908910508,0.33793113028227095,-0.09297147419052554
2017-08-28,0.1375592038724077,-0.30105162056931256,-0.08331717927759771,-0.24089326334959474,0.32357607465578225,-0.10249669645504027
2017-08-29,0.2581659800890515,-1.151938387683358,-0.12858720131062415,-0.9217495553153036,0.3046294255418153,-0.16831140028806346
2017-08-30,0.3577512136923302,-0.8076864838771657,-0.15834064660252523,-0.6462886082346624,0.30412929150104845,-0.2110145722389941
2017-08-31,0.6068213953443204,0.6501317950496845,-0.13828455760524525,0.5202176604154553,0.31047877660602957,-0.19035470119918751
2017-09-01,0.3617516310552671,-0.43723861758588867,-0.14623395899588576,-0.34986636927430254,0.3069466855406411,-0.20909032058910226
2017-09-04,0.2747574669584608,-0.8334277502023171,-0.17387877442669272,-0.6668860646977446,0.3002467527392192,-0.23522096228317033
2017-09-05,0.3646629914169954,-0.3517441316841196,-0.1818395520604522,-0.2814560226755157,0.2979202097016668,-0.2376366687172781
2017-09-06,0.37590493532998,-0.16387905105733486,-0.18108042840984065,-0.13113152930112557,0.2927460099317244,-0.23398043622806378
2017-09-07,0.3182380357496135,0.3554110731360835,-0.18271326309598585,0.28439020881676774,0.29444439330974276,-0.22645282861256635
2017-09-08,0.3665670848767096,0.31383501145067866,-0.1705498135283582,0.2511221826965916,0.29634812930850735,-0.19347467634516957
2017-09-11,0.43892931472223,-0.4037602364560532,-0.20318598448572037,-0.3230778854030762,0.300651824702729,-0.18935951936499407
2017-09-12,0.5929501907102126,-0.49501019127488927,-0.23012065620176153,-0.3960936006323907,0.30711177704589476,-0.19461835967945051
2017-09-13,0.6080673497626748,0.4044145866474367,-0.22023774241431074,0.32360147850873083,0.31829847817725926,-0.17478326771873962
2017-09-14,0.411100462531521,0.5565793371990099,-0.2035006076839189,0.4453595453074653,0.33670645637143154,-0.1371483878057375
2017-09-15,0.5926156319430129,0.6767050484893592,-0.176022226787745,0.5414808501860124,0.350718536692571,-0.08655836452372423
2017-09-18,0.3918653993532314,-0.40703252699263853,-0.1799784604389263,-0.3256962826882174,0.3556800271875849,-0.11704319744622077
2017-09-19,0.5667901450859891,0.4513846812511574,-0.15627115608466202,0.36118566207011593,0.37690232710290494,-0.10059839500737798
2017-09-20,0.4182495339022697,0.5460581386581359,-0.14333101814887145,0.4369407703277219,0.3886213519034862,-0.054308583476494775
2017-09-21,0.5287323408013918,0.12180449974078239,-0.12088237693065408,0.09746462542780676,0.406684925201774,-0.05775305272488363
2017-09-22,0.5322012570135596,-1.0629062220081174,-0.13925392420210903,-0.8505084542309377,0.42169232425023234,-0.07084489253027125
2017-09-25,0.3200931580463655,-0.5830640315987758,-0.14678954482892054,-0.46655187255922,0.42017974867893304,-0.11135412021930591
2017-09-26,0.2295467780775713,0.35607352908838885,-0.13104895202220435,0.2849202879303577,0.4245601093553694,-0.08631537968216532
2017-09-27,0.2921283823750972,-1.508994589975737,-0.16697800030054075,-1.2074561514358233,0.42617736660708594,-0.09992045568790435
2017-09-28,0.4120333706556259,0.6338348080144344,-0.12415028732160223,0.5071772576358143,0.42876223122438567,-0.044993509694072134
2017-09-29,0.3235747264694107,0.1804639596531511,-0.13123554558766856,0.14440231902963177,0.4152742946112947,-0.0628894783314923
2017-10-03,0.2189307237661086,-0.5557255213842307,-0.1504197876638002,-0.44467634527176003,0.40847329902609675,-0.067404239093276
2017-10-04,0.1763630907956636,-0.511239730024411,-0.14516820253236096,-0.4090800331406685,0.403787852542154,-0.055127761400081896
2017-10-05,0.2683773979044724,-0.11787583922647743,-0.15617080757864207,-0.09432101885929077,0.3992028242796529,-0.04621657074216642
2017-10-06,0.5963117336055747,-0.5159758202218119,-0.14939268279871148,-0.4128697228324642,0.40969838610230025,-0.059632675196039694
2017-10-09,0.4485486658780017,0.13073743332679477,-0.1610372283372514,0.10461251428072289,0.41590365420365216,-0.06819351779299421
2017-10-10,0.4402348511461761,0.008114714933985412,-0.1507316838204748,0.006493172692121785,0.4194116430736267,-0.07984251826939753
2017-10-11,0.6114071242502149,-0.08798288406762295,-0.11526650036661695,-0.07040149467349865,0.42762487209876887,-0.0678103091870367
2017-10-12,0.5314434871636549,-0.8225579362042749,-0.11576221544418726,-0.6581883371750036,0.4246959814536947,-0.08029101092716112
2017-10-13,0.5394655649871701,0.013304334040038557,-0.13698979747784215,0.010645763798040532,0.4214292297977182,-0.09519366400862256
2017-10-16,0.4522209636056654,-0.06575762384061157,-0.1246070976863329,-0.052617450014466216,0.42338734889648705,-0.11890685426204788
2017-10-17,0.4770393319783098,0.5559939739842287,-0.07829304021344805,0.44489115369147997,0.41788371556483445,-0.12350636361893037
2017-10-18,0.4754267915415437,0.5367812886519675,-0.048675526202245134,0.4295176889725557,0.42186282947856363,-0.08754379353984594
2017-10-19,-0.5335623870862434,-4.38229910103059,-0.1892895278680203,-3.5065957440285764,0.3694650898513145,-0.2717238604969265
2017-10-23,0.3411219821125413,0.09425875551660315,-0.19799460512200298,0.07542327516034303,0.36579234928989884,-0.28893897931442075
2017-10-24,0.4060833686889067,0.41136917552325736,-0.19474346631958367,0.32916635009581313,0.35995192204644716,-0.2779055638540395
2017-10-25,0.7034797485389622,0.9634803270953074,-0.14916878086787166,0.7709505756129552,0.36810804069051395,-0.20069322909956838
2017-10-26,0.7699151324863291,0.8445279772460391,-0.10451750858384073,0.6757681624304437,0.38952813471146464,-0.14629703695720345
2017-10-27,0.6174878169323619,0.7862855641073427,-0.09178847600184385,0.6291641782372887,0.40800151751407365,-0.12990447075211153
2017-10-30,0.5924163007371634,0.4437901293767046,-0.09554811626258734,0.3551087096150684,0.4223009421979816,-0.05549662022587858
2017-10-31,0.7128739052064955,0.49988952942754944,-0.101441966897981,0.3999979134155545,0.43662668193849924,-0.06060039852208142
2017-11-01,0.7969058490316682,0.0013177988685730835,-0.08783028936927396,0.0010544665705133232,0.4591662592033686,-0.06742648673442041
2017-11-02,0.7381588209872916,0.4785359167766549,-0.0869252481850907,0.382911337279377,0.48389140669009156,-0.028017549470080543
2017-11-03,0.6199117785928335,0.29907508655172826,-0.09515801658863764,0.23931169495040622,0.5050127727756711,0.00285824710568492
2017-11-06,0.6492952618942595,0.4426791805669234,-0.08446219389443295,0.35421975879760914,0.5231517186799467,0.02421733175601349
2017-11-07,0.8044510693840526,-0.15054636499563748,-0.054050198660683606,-0.12046307899169269,0.5330631156217789,0.03814145765319308
2017-11-08,0.5380887000328326,0.3196043369610029,-0.02396125304202431,0.25573863899362087,0.5373269267720091,0.045337939782378704
2017-11-09,0.6073716040178233,0.45967397108335856,-0.020507904975525317,0.3678185248155594,0.5452858197658971,0.06254390893111383
2017-11-10,0.6702483865210471,0.5865706707876768,0.049344270383255145,0.46935778921898386,0.5480877846359367,0.08824673197361299
2017-11-13,0.4671357293253504,-0.5095829387787116,0.011230345490150277,-0.4077543141523075,0.5450255104531602,0.10017216164136042
2017-11-14,0.4473696158576961,0.5734655152351505,0.024330397342883593,0.4588714025927233,0.5406399890660424,0.12151623967920247
2017-11-15,0.4776996427461148,-0.15839593717276162,0.03757471681659923,-0.1267440917099427,0.5418532595013018,0.11798639959846549
2017-11-16,0.4182438426147922,-0.6705494389673671,0.03226439318516736,-0.5365553000001182,0.5390534742935154,0.07125085418457984
2017-11-17,0.6232336551056245,-0.13057999638595144,0.03184092127985156,-0.10448653755161491,0.5460918963679954,0.04582208149295268
2017-11-20,0.4542875143803036,0.148264697060271,0.05398227185592099,0.11863735078670679,0.5931323678664023,0.21845222886510904
2017-11-21,0.5582185946677913,0.2701353692572969,0.058628869720271065,0.21615492560205707,0.6034703017976047,0.22515373602900018
2017-11-22,0.5087681705835027,0.17260745219471135,0.06411196096229525,0.1381157568891757,0.608360054268776,0.216056088733446
2017-11-23,0.5827183606707169,0.21623087321001355,0.07425241953821647,0.17302202388410798,0.6026095119893358,0.18758330055588185
2017-11-24,0.5794259700006871,-0.29770814266451157,0.09174741265620859,-0.23821790388166805,0.5935385994900194,0.1440601545410194
2017-11-27,0.462888706136615,0.11500646879163434,0.09513748381459511,0.09202502720676085,0.5861767370711745,0.11848209973004188
2017-11-28,0.5696507856033117,0.27781119745918437,0.10658977785792165,0.2222969131488001,0.5850926649219433,0.1121577284697434
2017-11-29,0.5633319353625649,0.26764557561383157,0.09697816457890841,0.21416266090437092,0.577971618738899,0.10330843073111559
2017-11-30,0.7673437664135174,-0.011409440111383645,0.07870514028679669,-0.009129521562532036,0.576563900518987,0.1028234789152563
2017-12-01,0.5260241290589804,-1.5158432932215864,0.1742536672137635,-1.212936296241175,0.5664622485224008,0.026830734461896683
2017-12-04,0.3175827004285422,0.10088945682571315,0.17447469059073384,0.08072898078526987,0.5520656257526727,0.01927917664450923
2017-12-05,0.4108364499234143,0.11684347440100246,0.164657167219992,0.09349494879427914,0.5407104442302515,0.006863709501493517
2017-12-06,0.3740711830760317,-0.5254699485958731,0.11502549136361931,-0.42046666438807706,0.5202161639298696,-0.00742217551738193
2017-12-07,0.4743182725168522,-1.2675807158770396,0.0446218682595167,-1.0142833798044069,0.517179476905299,-0.0678994145077642
2017-12-08,0.5860806761505305,-0.427716984029141,0.004155116654967234,-0.3422474188246541,0.5161656231973326,-0.10171207849063152
2017-12-11,0.4085898824545948,-0.3422557903001672,-0.02204641400092849,-0.27386371171092794,0.5037056944322635,-0.13710357853491303
2017-12-12,0.4332084867617645,-0.5797883803350555,-0.05803567765968199,-0.4639307861122492,0.5020901114530452,-0.13977864862824357
2017-12-13,0.5355969117884107,-0.3059840060327281,-0.06827907115639203,-0.2448400231382759,0.5062914112592697,-0.17328871652019592
2017-12-14,0.4752920441193107,-0.6906885118511839,-0.10725321877732,-0.5526700346713471,0.5061767637056123,-0.1935709042802628
2017-12-15,0.4809416820432195,0.18533191127052262,-0.11104465795336017,0.14829752061904353,0.509162375106966,-0.16095886520315986
2017-12-18,0.6380719221449661,-1.0306344350300785,-0.16015511180659356,-0.8246854539608797,0.5098689592516965,-0.19525405169883917
2017-12-19,0.6276263804424594,-0.3796120314707626,-0.16779063402243108,-0.30375515300276246,0.5181231909689421,-0.21536798045071864
2017-12-20,0.6288982054176114,0.2576760540920878,-0.16985491011806159,0.2061853227692522,0.5214888867189336,-0.21584272344275693
2017-12-21,0.6666051654093088,0.33080877676367226,-0.17415041659538447,0.2647041249224624,0.5290049340915909,-0.20981470591736237
2017-12-22,0.6519249968971984,-0.3728709941016368,-0.20613180542502824,-0.2983611594838456,0.5323004881976139,-0.2322615241729792
2017-12-26,0.6216336034763763,-0.10220135647832046,-0.19255241934834855,-0.08177872696469812,0.53431037550598,-0.2248120395578854
2017-12-27,0.6506020378667483,-0.12431120600480289,-0.2158116433896803,-0.09947042314135632,0.5432491055883674,-0.23393087052684333
2017-12-28,0.9814382065544176,0.6538623931597157,-0.18873636571193106,0.5232027828714373,0.5628580303955628,-0.21960201958767014
2017-12-29,0.8190283205745267,-0.22606259723895944,-0.1739201376543175,-0.1808891002386751,0.5750340487389896,-0.23841400821352948
2018-01-02,0.6990845585945865,-0.7936994441430281,-0.19602411924622004,-0.63509656203413,0.5717836102714214,-0.2682219625217008
2018-01-03,0.7496948843084412,0.33245455700223264,-0.18988445724815464,0.2660210332044154,0.5824345986166338,-0.1977954230242917
2018-01-04,0.7892966530452424,-0.21484783267830423,-0.20605056397934135,-0.17191535272120698,0.6048971677888577,-0.2098261055722192
2018-01-05,0.8155208819128478,0.021236049299258708,-0.21109627740918976,0.016992505161332466,0.6241678550264498,-0.21346907907855
2018-01-08,0.7580637270713662,-0.1503853889738269,-0.22331681948198448,-0.12033427038690372,0.6424532142643229,-0.19917706031658935
2018-01-09,0.7791636064874553,0.48887691360226837,-0.19709731760642513,0.3911859197808729,0.6569696587391135,-0.1322499508125284
2018-01-10,0.8511852322439963,0.4035775939358963,-0.1874782801016164,0.32293173985958656,0.6695936852197546,-0.10057475277994554
2018-01-11,0.7277180408872009,0.17707353856011465,-0.19083620206491872,0.14168939690788285,0.684790264192736,-0.08078650951238311
2018-01-12,0.8000635960177721,0.042154054723051504,-0.1983525860946114,0.033730520322230194,0.7022595551096887,-0.0570883520631222
2018-01-15,0.762598225287914,-0.13170670534399118,-0.2023624949356983,-0.10538809920816451,0.7130691414668079,-0.050447784256926406
2018-01-16,0.5872168311723337,0.2277083599307542,-0.14424410649728694,0.18220599448018818,0.7183988932312376,-0.015453687630662825
2018-01-17,0.6662759298558384,-0.11519923952709948,-0.1514470630423807,-0.09217927707080818,0.727224333603267,-0.026904963711131956
2018-01-18,0.7728332953341844,0.608326403663582,-0.13506429873362805,0.4867661309483129,0.7336415418503727,0.035545111760734355
2018-01-19,0.601689565903917,-0.19183290686152873,-0.1239430640091499,-0.15349943927995896,0.7324064554437754,0.04270014574753452
2018-01-22,0.5808095508206813,0.0927914721694324,-0.07859732440760084,0.07424919520325772,0.7301165195105883,0.03641747300629669
2018-01-23,0.7725352017788942,0.09906749643656027,-0.061037841725410796,0.07927109797099786,0.735160806956759,0.02758732886575076
2018-01-24,0.7935491731572537,0.8522739799735364,-0.021220182716287343,0.6819663017110528,0.741904815350095,0.07426958892265068
2018-01-25,0.9592523438291974,0.8221242246629443,0.025510237450312657,0.6578412930755714,0.7579818982240388,0.10948958987694922
2018-01-29,0.5737339671203953,0.23384021888587792,0.04350437828093286,0.1871125401128137,0.7543215139027839,0.12313639765095734
2018-01-30,0.6111354147804566,0.04835389839856993,0.06813912528925799,0.03869146546655015,0.7366880476278335,0.10006443015548652
2018-01-31,0.6566142765002084,0.5504127795931852,0.08030848756668006,0.4404252347646713,0.7289540455290563,0.12965082706040776
2018-02-01,0.7580191855591916,0.19393020139207245,0.12112730878075177,0.1551776369349424,0.7317604563368947,0.16728293177322073
2018-02-02,0.7786875516408438,-1.227235523229096,0.09287319238880733,-0.9820002613842101,0.7331410595431995,0.10785334631661952
2018-02-05,0.6118749430737704,-0.13932313848811423,0.07963988596946724,-0.11148256045604675,0.7246924066874152,0.1107310983292462
2018-02-06,0.708751919101623,-1.3203273910327424,0.02460201370958676,-1.0564898249484975,0.7196081703630711,0.05961289213354001
2018-02-07,0.5455361679459718,0.14358244950339968,0.041817128496421316,0.11489074450153744,0.709487810404719,0.07081408331870388
2018-02-08,0.5970454693268686,-0.4611197368733321,0.029853182483254262,-0.36897538701257016,0.7008155181589768,0.03461592585234945
2018-02-09,0.5779231007923603,-0.6848906188103223,0.011167202056403617,-0.5480307194186212,0.6878030357088989,-0.006858476970422353
2018-02-12,0.6067487125014754,-0.10562936529287124,-0.014149189892015948,-0.08452172575197152,0.6820425915000548,-0.01763043519232018
2018-02-14,0.627852773775113,0.06354293264868405,-0.0044956722290944995,0.050845314765615296,0.6738420761551663,-0.016815444980730412
2018-02-15,0.5645641288294527,0.03899219094272732,0.02326071560709735,0.0312004835037311,0.6644118810857158,-0.010311226756354432
2018-02-16,0.4426164839524468,-0.8788456009979098,-0.01711595632624073,-0.7032281852675835,0.6575261502657211,-0.05247475912529594
2018-02-19,0.3322255713976247,-0.7169586664772374,-0.03385298411953851,-0.5736906930707312,0.6416189903391396,-0.07540387417291133
2018-02-20,0.3344444429778214,0.22628581563400607,-0.027017991908380258,0.18106771348620126,0.6207433307031222,-0.08996094167110712
2018-02-21,0.3759701445417427,0.3151274169983046,-0.011500898375975873,0.25215633022700507,0.609994786828733,-0.07064400026601358
2018-02-22,0.6590963853429592,0.8218286008841442,-0.0004025087999133444,0.6576047430225798,0.6137227313297938,-0.04286516465556968
2018-02-23,0.4751552635365221,-0.48242669622818146,-0.029935985138715936,-0.38602463245871826,0.5995617818896809,-0.06502210419984188
2018-02-26,0.5941525225735129,-0.5167758361861085,-0.053064297630256704,-0.4135098737009655,0.5900667032904552,-0.11718763636231894
2018-02-27,0.4686256659850286,0.10422958423002582,-0.050995113313357564,0.08340165927444958,0.5667035281550186,-0.14454190463856284
2018-02-28,0.4705373386044512,0.40734985079037866,-0.0330265614422119,0.32595019650217394,0.5617894029875926,-0.1379305876676409
2018-03-01,0.4626184668310978,0.03027422125284901,-0.03960769939814208,0.024224602874335414,0.5547171673709566,-0.1386194858863178
2018-03-05,0.2899351564344837,-0.5695677939365331,-0.054753317878456526,-0.4557525527374194,0.5372562568916364,-0.1812946186245126
2018-03-06,0.4532842190505514,-0.9433781425688017,-0.10647680275286932,-0.7548653579951639,0.5227450680102724,-0.22462999933547007
2018-03-07,0.3901661412260356,-0.17069087088119844,-0.10577206822019164,-0.1365821610021503,0.5042440484667102,-0.18437199455537195
2018-03-08,0.427108605430412,-0.3664871603568686,-0.12108135597106835,-0.2932529905241491,0.49544565143607405,-0.1930277293205197
2018-03-09,0.2577475959176291,0.2066777084462893,-0.11749434890407737,0.16537784302602798,0.473969255093979,-0.1348435546550661
2018-03-12,0.4385874065616331,-1.3205553280926507,-0.18992199250628364,-1.0566722139424376,0.46887645693282015,-0.19063226696192204
2018-03-13,0.4160571164885477,0.5683298035790204,-0.19838180654241444,0.45476194675213294,0.46025796394051915,-0.15140667963979335
2018-03-14,0.5121494147307057,0.2092436371734553,-0.19920169259949513,0.1674310289329518,0.45712588365186885,-0.11733707257543272
2018-03-15,0.6067616510453852,-0.14702096632881803,-0.2057141880904081,-0.117642151511374,0.4571264997730074,-0.11891423570683282
2018-03-16,0.6509553804284971,-0.42431581763722503,-0.2382051413314218,-0.33952589860897076,0.4582266238993591,-0.13750334110562262
2018-03-19,0.4463517571800839,-0.696955588306222,-0.2679013343213649,-0.557684777644863,0.4525974633446272,-0.16554549639841282
2018-03-20,0.4237123565964206,0.0478258595409366,-0.2253992882290305,0.03826894323149246,0.451697266803864,-0.13023610932702825
2018-03-21,0.3983936849868286,0.11050407469954071,-0.21707171445610868,0.08842233473933843,0.45484812935573093,-0.09870691752654877
2018-03-22,0.3754739720141073,0.1172087688018586,-0.169153842461622,0.09378724737131108,0.45680191645269697,-0.1028631301986864
2018-03-23,0.517685691874392,-0.04964525032577256,-0.17559476578926106,-0.03972476991874976,0.4635502758494898,-0.11676223020562711
2018-03-26,0.5775661696978244,-0.7592326583728964,-0.18553186317257986,-0.6075171838343478,0.4596678846282928,-0.1770061314845284
2018-03-27,0.5297427628882796,0.14848195607166526,-0.15775277734318027,0.11881119549861333,0.4622672893593289,-0.15296633015322691
2018-03-28,0.7585253326883004,0.5523203802693502,-0.1358211191577729,0.4419516445915982,0.4700945660314616,-0.11223006737739052
2018-04-02,0.1303042381309292,-0.3284178375592476,-0.14888647816470393,-0.26279096084005155,0.45398402184793313,-0.12871543023998583
2018-04-03,0.481797102090497,0.15196782642509948,-0.1451206236486249,0.12160049350492996,0.45452020106155433,-0.13844636847794983
2018-04-04,0.5522421470841582,-0.7564259118904983,-0.1410399673450445,-0.6052713021537867,0.45878799535931913,-0.16842236395547944
2018-04-05,0.5016815715869848,-1.050752527969311,-0.1521664293947803,-0.8407834010549277,0.4688711579856287,-0.18675716625631317
2018-04-06,0.4918715161810194,0.4768165572186381,-0.14381540467529252,0.3815355528407523,0.47070864832517484,-0.1326428371688886
2018-04-09,0.3992353563203085,0.1978343348285166,-0.14772517408095215,0.15830161760735592,0.4711405157106163,-0.11860075247319783
2018-04-10,0.4300462621092722,0.6287747070923616,-0.15416030387401156,0.5031283034342349,0.4712804041238954,-0.08067783371327478
2018-04-11,0.5210662130868621,0.5624028032530024,-0.11933265389130546,0.45001932338505535,0.48381938589385887,-0.06712347750570205
2018-04-12,0.4898578826126404,0.3213397302208727,-0.09139546834440608,0.2571272531614316,0.486260837134383,-0.004561598119803521
2018-04-13,0.5423772594861812,0.3839753481284121,-0.0820706095477932,0.3072465595153784,0.4922760820390323,-0.011586140369172784
2018-04-16,0.446344390901202,-0.22728156056925877,-0.10322498992644777,-0.18186448131778707,0.4891425094757225,-0.028219259904922255
2018-04-17,0.4216118017813967,0.3886922463443023,-0.09127772242339934,0.3110208923090863,0.4803258499869612,-0.007806734008709861
2018-04-18,0.4165008373009199,0.2846288845028364,-0.0628044998087537,0.22775223963844268,0.469161347933267,0.0192065106697384
2018-04-19,0.529627825737752,0.6070228250676198,-0.0111244675542063,0.4857230430505624,0.47312687500744177,0.06889259736952055
2018-04-20,0.5834902826994853,0.7249072116533114,0.018728801863610693,0.5800509012726524,0.48073534767901627,0.09469173822862341
2018-04-23,0.5386477872767698,0.09807124526127042,0.03421408205088199,0.07847392505999476,0.4874141144547277,0.09421800443436895
2018-04-24,0.5564758886881777,0.3720152994917548,0.03972533508573085,0.2976764560877474,0.49603325334396914,0.10392701437324686
2018-04-25,0.4198568532115616,0.052353798543048946,0.08548897264025418,0.0418920760364382,0.4913747372171676,0.10781353084730344
2018-04-26,0.6877380323658708,0.6928434706156684,0.08963942820814245,0.5543943736673613,0.49662101639183653,0.1631426526330991
2018-04-30,0.395043897917735,-0.6779280604488971,0.060067038287397366,-0.5424594708673797,0.4902067847265726,0.13165357328233754
2018-05-02,0.4624564592460178,0.38523614799462413,0.07780894209817876,0.30825541704495485,0.47610826694360664,0.1252870862563069
2018-05-03,0.2995338012308639,0.10841737061735618,0.09556671503999814,0.08675261127114464,0.48416681756741314,0.14193201826160196
2018-05-04,0.3544072926879477,-0.20055828717233448,0.11211329174446107,-0.1604812496853023,0.47810063616729176,0.12849955430016233
2018-05-07,0.4072541061713177,-0.6562975265600037,0.08864251220776304,-0.5251513099392445,0.47119644374287073,0.13231479202466434
2018-05-08,0.4106583172397779,0.7559448238396456,0.11015720384576655,0.6048863486687038,0.46686200305967046,0.2011562086781706
2018-05-09,0.4531489005133186,0.38198014150050064,0.11898291626905459,0.3056500498047001,0.4650180689802561,0.19754261329550143
2018-05-10,0.4168538259934519,0.23860340267132518,0.12859120470229118,0.19092390935188444,0.46585704372659636,0.19909605575952663
2018-05-11,0.4055059592374228,-0.24731982777706654,0.14565496572215222,-0.1978985540473462,0.4646884578755558,0.1657138244508799
2018-05-14,0.3144715135591516,0.45015260544106245,0.1557106540344654,0.360199788743719,0.45485061504090296,0.1614367037536734
2018-05-15,0.4158869665583048,0.39269900590856255,0.1503899415557725,0.3142269915988579,0.451328190466887,0.16415573891736038
2018-05-16,0.3564009325704607,0.13422631184845046,0.16581141320269577,0.10740421934088035,0.44247217489947166,0.15463943700428903
2018-05-17,0.3818424306549209,-0.03793570452297393,0.15948129550442666,-0.030355111999475128,0.4394006529829821,0.1618541688765896
2018-05-18,0.4448133570916961,-0.10458459595069322,0.18120933936908684,-0.08368572993235451,0.44050548895013925,0.143058615436521
2018-05-22,0.2689958911353091,0.2536443449873198,0.22468923513430786,0.20295925954033747,0.43348144389463394,0.14187799733661122
2018-05-23,0.3053170809061443,-0.014021164274632028,0.20832797775119885,-0.011219351723433106,0.4227999798550336,0.11821407377594476
2018-05-24,0.3265801654959696,0.14650506308650235,0.20661700202646507,0.11722933986339619,0.41056616475010427,0.09617495180407543
2018-05-25,0.3015570571147394,0.0037747992472201217,0.18578367176496036,0.003020490995640796,0.39927612998048384,0.09258193113434429
2018-05-28,0.3784646499024581,0.05490835443799506,0.16886719013779342,0.04393616171443187,0.39079940432402094,0.08049905997371021
2018-05-29,0.3730461676506149,0.07875049527616823,0.1607808823063033,0.06301398996490581,0.388570324059214,0.08150486539887535
2018-05-30,0.2784159422418786,0.44559839826509284,0.16283498397752597,0.3565556368653308,0.36907879595807147,0.07208397317020723
2018-05-31,0.7780271109995974,0.7919826784030904,0.1968104586099376,0.6337228530977096,0.38731609181911253,0.1280926552637829
2018-06-01,0.3241994383631772,0.24800499853967078,0.19212088368311656,0.19844680893015929,0.3807324241580249,0.12286367392498312
2018-06-04,0.2036900606038532,-0.3436712121661607,0.17117754712748334,-0.2749962935308522,0.37616843650911963,0.10563753560107851
2018-06-05,0.2700391131437787,-0.025552410302828232,0.15009170594846838,-0.020446339045295733,0.3721509041498735,0.11230586467917406
2018-06-06,0.1687678973029013,-0.48880601126220546,0.10963459851795117,-0.3911291856698091,0.3607944180132822,0.11868787059676622
2018-06-07,0.3252049470888906,-0.10493887423044176,0.10286759453489408,-0.08396921371092084,0.356725209910859,0.08588522476916505
2018-06-08,0.4172894313338004,0.5632118409769044,0.10924081258439906,0.45066669321855807,0.3550176161404058,0.092790779217444
2018-06-11,0.3798035034732918,0.4167729255247687,0.12138811681712307,0.3334902828809208,0.3532533150680172,0.0995796541473981
2018-06-12,0.4200021955096534,0.08901186055361582,0.1012603964817213,0.07122485348203962,0.3539436120333615,0.11239505450594028
2018-06-13,0.3698566968037427,0.5657637167723721,0.1427167890557636,0.45270863435433595,0.3565810017116754,0.11680023763025538
2018-06-14,0.3238824574129878,0.08375146185068755,0.1326672995176324,0.06701562648079643,0.3521998346095174,0.10502826786272863
2018-06-15,0.432523975344343,0.7893406508425014,0.1553647421918039,0.6316087749880276,0.35582474140827375,0.12999038956021183
2018-06-18,0.2148085856626619,0.48208852648750256,0.17811963598046512,0.3857540382920311,0.3478707487895947,0.14980511100266453
2018-06-19,0.2586932437297047,-0.10444480757743432,0.19651472661321742,-0.083573875103774,0.3390078862485475,0.14981043742307312
2018-06-20,0.1827605209937059,0.027064323921345168,0.17221870994927407,0.021656130923442554,0.3349014400513283,0.1411769551079829
2018-06-21,0.1931694998983492,0.33680342306200867,0.17071281933465773,0.2695008767442994,0.32956107905095716,0.15454458503501775
2018-06-22,0.2208693671674214,-0.14806106025360877,0.1578240039038266,-0.11847440619002052,0.3245272315115025,0.14332059712771222
2018-06-25,0.179134981231732,0.185134129103087,0.17223913579983166,0.1481392607443555,0.3186976088504069,0.15023101473479386
2018-06-26,0.2563470696630778,0.5487669854283718,0.17552628179940868,0.439108315339312,0.3128824859818649,0.16904873633597864
2018-06-27,0.2987915137930855,-0.2188417640060503,0.15514158946892156,-0.17511118720738414,0.30934655008388734,0.15770944218491717
2018-06-28,0.4510089380188533,0.3945173631036211,0.16381795784409395,0.3156819912358787,0.3175652641685052,0.15576307810732423
2018-06-29,0.2603457295642095,-0.3512848724628945,0.15337298557942988,-0.28108853602218004,0.2929137698144391,0.11220063100637712
2018-07-02,0.1869772795318044,0.26039926586195383,0.16553911430651816,0.20836436226020225,0.2863793812986594,0.11267289545066489
2018-07-03,0.1548115836242496,0.13046570556090625,0.16143315965897104,0.10439508516293973,0.2840518347758212,0.13073915157894067
2018-07-04,0.213355252652563,-0.35282140999154427,0.15013981813507396,-0.2823180312789589,0.28135260332385853,0.11826907099638531
2018-07-05,0.2257925288402112,0.4984526011098578,0.16187140273585246,0.3988481227218735,0.2840680619684924,0.15588703806265589
2018-07-09,0.238286398062599,-0.37647967792596876,0.14919625349674615,-0.3012487294666821,0.2799290834434308,0.1455403944552387
2018-07-10,0.3138832378713113,-0.25643820187381167,0.13881803495301928,-0.20519482731919736,0.2750049789928361,0.11430889347725035
2018-07-11,0.2938053031359592,0.6912941364048047,0.15923615632397384,0.5531546388558751,0.27090982659582025,0.12476910090462912
2018-07-12,0.3203357730082126,0.2227730071771557,0.15180864328770924,0.17825686034715327,0.26616380647670407,0.1298658631363012
2018-07-16,0.1705454257658147,-0.15081574911015347,0.12038202903726779,-0.1206786327838217,0.256672793570136,0.10256170755829369
2018-07-17,0.223160142919787,-0.028448634869983336,0.11116690792361265,-0.022763818639180304,0.2518764928799836,0.09828649588591386
2018-07-18,0.2322733894961641,0.2635962677024861,0.13140915725256755,0.2109225155923255,0.242340750696737,0.07825381686707089
2018-07-19,0.104145847104414,0.43676389568620166,0.14681970078553522,0.349486509809064,0.23707109647967753,0.07652679170121532
2018-07-20,0.1413525882553775,0.004183575537572426,0.16325268701219448,0.0033475825900214904,0.23148344621899536,0.0806659087342532
2018-07-23,0.2323527131557529,0.12234309445053418,0.1708287526348937,0.0978955941666881,0.2338449791790928,0.08429635936488393
2018-07-24,0.4672633420998084,0.2976524476474981,0.1619767728572468,0.23817333825410272,0.2468970669029718,0.08280457181773171
2018-07-25,0.4192876010061794,0.674344813009453,0.1705625024400696,0.5395922543832299,0.2563455542286269,0.11414107946407698
2018-07-26,0.6160727874045175,0.9405865261806658,0.19894832462763795,0.7526315830017388,0.27715211642733106,0.142926428143
2018-07-27,0.4696816132286622,0.40201802494316635,0.19349013489999772,0.3216838154559009,0.2873109042161684,0.137334785291409
2018-07-30,0.4234172590985762,0.6472446332910079,0.2122732406146751,0.5179074326327562,0.2932454635164298,0.17033567195046329
2018-07-31,0.5424504178584002,0.47108058566783545,0.20166457177551955,0.3769457854688303,0.29759981969926547,0.17325299548536574
2018-08-01,0.4418688661461319,0.7439848264885479,0.21039444844222108,0.5953162862783733,0.30624377858411883,0.21498655845205875
2018-08-02,0.3828833539556487,-0.18993241473272332,0.20754486153704477,-0.1519787175179821,0.31557263927096857,0.1978273641769071
2018-08-03,0.544141767342,-0.15319314931112213,0.20153627909596256,-0.12258096332639211,0.3341121718289567,0.18701898091551036
2018-08-06,0.5104939458890476,0.46898575293903627,0.2059423567585301,0.375269557680195,0.3482616334116464,0.218332675627851
2018-08-07,0.5105455210586665,0.679461249856237,0.23352643376219168,0.5436862870491664,0.36182129970776333,0.22522973107200786
2018-08-08,0.5305869137758334,0.18154820194448332,0.23340690285690485,0.14526990002230916,0.3757403718845841,0.246492522952436
2018-08-09,0.5516830417507109,0.9371084405231752,0.24635161802673164,0.7498485140959548,0.38706417206931737,0.2919707773055385
2018-08-13,0.3627556588735335,0.09172598542637937,0.25670387634114594,0.07339662188674677,0.3903475223425352,0.2691251574498657
2018-08-14,0.4081833770367903,0.1678684700767365,0.24914891324024982,0.13432375316172357,0.39453074158199125,0.26703310472675
2018-08-16,0.2967220627346591,0.5844392418066494,0.2803397170492346,0.4676522781113983,0.400539152866222,0.29504886238842715
2018-08-17,0.3758991721133119,0.24999017005139623,0.2799927471888826,0.20003528881564822,0.4078124399706755,0.3056583436957999
2018-08-20,0.4237953571570037,0.25086374675200895,0.28400601522858615,0.2007343009711012,0.4169325336688108,0.30517319061859877
2018-08-21,0.5129055735978586,0.6824806247841778,0.31851608305444346,0.5461023081896345,0.436397282549451,0.31453584768434023
2018-08-23,0.4296425683922814,0.7014444129968717,0.3252824767840107,0.5612766122488104,0.4501253768416845,0.3411038967157111
2018-08-24,0.5064640247269017,0.5040367599780827,0.3546330247141457,0.4033164137421491,0.46317829644031056,0.35564774526692355
2018-08-27,0.5749274054623558,-0.4616515301913764,0.34779258043689354,-0.36940091346404363,0.4683051566004319,0.32671563804224996
2018-08-28,0.5755421080864196,0.5880785507288323,0.34435206091436116,0.4705643534589552,0.4757458474137767,0.32342859514109396
2018-08-29,0.6378974958207674,0.5293803205524249,0.3545723046935367,0.4235956369534582,0.4767851192431219,0.30776021675784254
2018-08-30,0.7661188407657465,0.9501920184983008,0.39127256361381857,0.7603176349356191,0.49090117769726876,0.32864754149497194
2018-08-31,0.7133373312546765,0.9775609040573516,0.4248062149113964,0.7822174677420113,0.5047068954189878,0.3412337336430317
2018-09-03,0.6518580922198578,-0.26891750903707534,0.4070557556867443,-0.21518042720142236,0.5099167846742954,0.31303724732540067
2018-09-04,0.6117793389672219,0.3248566466874124,0.40332551405345135,0.259941393417347,0.5180077595705378,0.29706701433201843
2018-09-05,0.4574454356017532,0.22478075350132118,0.41067875331890963,0.17986340397941059,0.521558334887019,0.31286902011760853
2018-09-06,0.4671816741544844,0.22226203646831644,0.41400938471950244,0.17784799557739858,0.5178935685447562,0.3271751610177891
2018-09-07,0.4131143739022965,0.49714009242188456,0.4206589728786486,0.3977978892090206,0.5132564460691966,0.3282479387096379
2018-09-10,0.3146167704367641,-0.15725058595238134,0.3929391262465875,-0.12582761302553272,0.5039265055633917,0.2963663244203665
2018-09-12,0.3899528138371914,0.2363259968234372,0.36946377526801316,0.18910159155259232,0.4972296436615517,0.29845354782657046
2018-09-14,0.3723493724604494,0.008709411009679646,0.35635348813689693,0.006969032207856228,0.4886899451239203,0.26307833440332773
2018-09-17,0.2644896562833112,-0.5122111139663383,0.31770496322831876,-0.4098573079724523,0.48401061166724296,0.2400662425052706
2018-09-18,0.3845772317843322,-0.13703648262967347,0.29743439428506846,-0.10965284105159517,0.482886509512364,0.22844830944749353
2018-09-19,0.3240523070481214,0.3026213900599261,0.28272227973744773,0.24214934991237713,0.48418794971776696,0.21771007477134965
2018-09-21,0.8009958635901561,-0.031805222565300606,0.28799318614302843,-0.02544966820250432,0.5044306493119024,0.20697269586572334
2018-09-25,0.4442324423841578,0.35300501426163117,0.3048664582621203,0.28246494638841074,0.5054038438465288,0.21086463136178568
2018-09-26,0.3299185882350303,0.6069192180284402,0.30946424043176707,0.4856401395347907,0.49669017787687036,0.20798548047345983
2018-09-27,0.4438446805034058,0.5677514325387121,0.30574057985451625,0.45429915008270033,0.497366468929781,0.20289131560840695
2018-09-28,0.4495609194199525,0.648237216736877,0.321296880347596,0.518701670727107,0.4946567972484977,0.2083858516553097
2018-10-01,0.3670413061702888,0.20654656081906703,0.29694481769079245,0.16527290228582409,0.4847574591869707,0.23384650954816052
2018-10-03,0.1533222526852806,0.14593140558021378,0.29875166502925354,0.11677031483481964,0.4646517517869164,0.21699917437558267
2018-10-04,0.2829496537140086,-0.40311420342497,0.27971890924586335,-0.3225609474613539,0.4477494735913566,0.1814679084510678
2018-10-05,0.2545089679136086,-0.25864191484550125,0.251616204024125,-0.2069581780968223,0.42338709869363567,0.13540715544952298
2018-10-08,0.1136547134320729,0.4820241527343809,0.2593506701135578,0.38570252817747264,0.39483078355922596,0.11652549166073542
2018-10-09,0.1644444366258061,0.7004139122579955,0.27433567563042405,0.560452033774851,0.3716206094833187,0.1534603707548437
2018-10-11,0.1000486256118937,0.4090727003637416,0.26522207814974286,0.32732877355551454,0.34725248027592215,0.15666929361856594
2018-10-12,0.0990149000839587,-0.7150742306305153,0.21800479002882991,-0.5721828191060225,0.33018435953697955,0.12085756870973581
2018-10-15,0.067351418497996,0.27290145875811156,0.21030027998816422,0.2183682746792293,0.3111448235533373,0.12278710580982297
2018-10-16,0.1571696161354246,0.23901222345567263,0.23365573844306584,0.19125103654914172,0.298956977945391,0.11295154139744777
2018-10-17,0.1421818888234197,-0.8450194541647846,0.18588580494661192,-0.6761614288031451,0.2907457931066603,0.08674516921756148
2018-10-19,0.0553964069268308,-0.018866020564250296,0.16761092690938945,-0.015096073063975608,0.27481453563473834,0.07702147090248682
2018-10-22,-0.0110615886313806,-0.022062104436501334,0.13520245614489604,-0.017653491863016096,0.2565568708208417,0.0758489697562548
2018-10-23,0.011720576083875,0.0027081206490721516,0.10270736336462005,0.002166963989318383,0.24452024795420185,0.09546917318300578
2018-10-24,0.1309615376090212,0.12258249064859618,0.11575736335414243,0.09808715244920317,0.2324433101363299,0.10536155382590093
2018-10-26,0.091663919561434,-0.30169444889584784,0.09487232683470044,-0.24140763697448936,0.22137719644648768,0.08233503064081205
2018-10-29,0.1767352198926301,-0.9712978129175874,0.05500304128740347,-0.7772059137086498,0.19165049912755788,0.04653711418813846
2018-10-30,0.2335667300199754,0.26375012029506323,0.0563859774149617,0.21104562422409637,0.18161879853878726,0.04313619408507587
2018-10-31,0.2801367738627209,-0.8158987053037817,0.012618017490772819,-0.6528598029522524,0.1792482359496297,-0.011078088890497606
2018-11-01,0.3771751735879324,0.7806590601784031,0.04388167236179897,0.6246620038589265,0.17607349752508333,-0.002965572044010648
2018-11-02,0.4593054998584969,0.07437188607029804,0.03848320200336099,0.05951034677394746,0.176537525165014,-0.024831825565589674
2018-11-05,0.0883549677402328,0.6194339245511155,0.05884068578807553,0.4956540650151075,0.16326674714453515,-0.009099389245147612
2018-11-07,-1.160815320345824,-4.164392768189386,-0.06289870268602607,-3.3322330632252184,0.1006887674763873,-0.17333764534324464
2018-11-09,0.0159997692187572,0.7331981996637177,-0.03389087994291303,0.5866851228537958,0.08797686821470867,-0.13004021342347563
2018-11-12,0.0098204107787598,-0.41499191555463644,-0.05781132346339845,-0.3320651674706385,0.07632503216066826,-0.13599768910794305
2018-11-13,0.1263019981488969,-0.3203781865555198,-0.06743042226307241,-0.2563578522495135,0.07692728381385035,-0.16657199293779956
2018-11-14,0.2942046135581497,0.8097361744647089,-0.05220605025630317,0.6479287145179533,0.08310633985824767,-0.1624064367119375
2018-11-16,0.1381172083844034,0.45684715643314144,-0.05720845230947978,0.36555658513661826,0.08491912951408145,-0.16058606473188497
2018-11-19,0.1690801073550647,0.23070498197956626,-0.06844333399478465,0.1846038093897993,0.0882555679555627,-0.12454860623208393
2018-11-20,0.1031287547244056,0.1030988738829885,-0.08661461208991426,0.08249689581599058,0.08995925063301077,-0.13101867189223815
2018-11-21,0.1847266263504168,0.37775138668168606,-0.0809077845611603,0.3022663159909337,0.09127148921467707,-0.12573223001405756
2018-11-22,0.1939517750183397,-0.12246821808890464,-0.08985443868346425,-0.09799571467596081,0.09373672189062564,-0.09820052934133452
2018-11-28,0.2264423607437627,0.3598251357790401,-0.0644231273766639,0.2879222208772925,0.10188176731047954,-0.0837710867727027
2018-11-29,0.3882481507655494,1.1266752912917475,-0.01824588717208895,0.9015347173397383,0.12089651680557145,-0.04000021966780964
2018-11-30,0.2733786559170948,1.0657612015153761,0.0012120144539442324,0.8527929306572716,0.1333564253690581,0.0005057787449500372
2018-12-03,0.2415616233766392,0.9865859173417306,0.010751081290068736,0.7894390362482235,0.13862309611989704,0.033427297021093864
2018-12-04,0.1187894254837343,0.8992509970826712,0.02709035784736639,0.7195560244717174,0.13991478687810183,0.07918747137567514
2018-12-05,0.0868639318438954,0.42875352208868706,0.06521794960467314,0.34307682819730045,0.13563520173292398,0.13253426860929182
2018-12-06,-0.083691160407913,-0.30386934467733406,0.045992256156824944,-0.24314792902558915,0.12052768314111979,0.11090600416883059
2018-12-07,0.0145493208790259,0.28255480589957865,0.04744367557162182,0.22609261873277378,0.10788066157046762,0.1527608813919271
2018-12-10,-0.0429217193929575,0.032069633002155734,0.0766799784771865,0.025661242193960418,0.08787604761899669,0.12423703559835728
2018-12-11,0.1076323266231381,0.19899289715932006,0.08394194240130551,0.15922866746057837,0.07112970603636055,0.12898552705962543
2018-12-12,0.2377490731336269,-0.34500719573729177,0.0731771060246125,-0.2760653110024161,0.0782437110550936,0.09223698534450525
2018-12-13,0.2608398442293195,0.7375199225071216,0.09767083275321413,0.5901432471351775,0.14594157603486235,0.27901680964738124
2018-12-14,0.1059802026560868,0.9179467144835863,0.12418297354771382,0.7345158256076537,0.1502263585794971,0.2860563669213745
2018-12-17,0.1667307117797384,0.4660771706647949,0.14977536086640192,0.37294218978748017,0.15769827767478178,0.3196281458384278
2018-12-18,0.2512238209594298,0.6176929916565552,0.2027417210188733,0.4942610181833044,0.1636469359038548,0.3553719015733239
2018-12-19,0.5037609224569188,0.6592682097587309,0.21592565733432892,0.5275283692912797,0.17362580775617711,0.34963855180062514
2018-12-20,0.359141553173802,0.795716358858527,0.2696461594730726,0.6367104419620838,0.1841507765556723,0.3625506402208854
2018-12-21,0.3231331024838901,-0.41483752531654694,0.22979627328990754,-0.3319416286296505,0.19148663346656875,0.3379532384104354
2018-12-24,0.1697075250124441,-0.2931224538533238,0.21754646195912014,-0.23454856126081206,0.19465705109933248,0.3228558356924924
2018-12-26,0.238001624056222,-0.23752430764085627,0.18898118755272106,-0.19006044705640546,0.19719395575198986,0.2994117041188096
2018-12-27,0.515940541233596,1.01363895190097,0.3615822448890663,0.8110861337332349,0.21252675414319255,0.3427013159478189
2018-12-28,0.3817310890887876,0.1550647252728076,0.34231112907603595,0.12407854716322692,0.2199214554929556,0.3348992362471491
2018-12-31,0.2686903775616273,0.43883685622962104,0.37077208813551116,0.35114523607386505,0.21422822819753076,0.30869021332972657
2019-01-02,0.30744050315987,0.16276419642192697,0.3868768342347595,0.13023945314895102,0.21585022092337725,0.27428290487694945
2019-01-03,0.1339370360238113,-0.20438842582534808,0.3530726808917576,-0.16354602175814834,0.21072524057324252,0.22890266401950315
2019-01-04,0.2323903529007811,0.3609190600167326,0.3498750776778773,0.28879754909833527,0.21613480854548286,0.2083903556683897
2019-01-07,0.2512147166749525,0.4397976064955031,0.3568448318284085,0.35191400212925,0.22396103639458081,0.208811173474673
2019-01-08,0.2116690457065117,0.5611252303455585,0.3721123770438275,0.4489970445271665,0.23802580811431534,0.24177045792956614
2019-01-09,0.2037715413043487,0.492048909780755,0.3759222944804631,0.3937240642669351,0.2470363900393307,0.24975290771690717
2019-01-10,0.1446260307597473,0.5639727145434439,0.3988036589015414,0.4512755234121758,0.2559672352846976,0.27002025444158406
2019-01-11,0.1850960716687715,0.4222069569490021,0.40088305294054016,0.3378384460313213,0.2596559850487754,0.2785254819925718
2019-01-14,0.106430414985502,0.356558400735046,0.3752124899219834,0.2853082689452018,0.25340271561315036,0.3052575572281727
2019-01-15,0.2387028061279747,-0.08492068945925926,0.3368564268894956,-0.06795121039724966,0.2523485709416578,0.27391972591710473
2019-01-16,0.1409939053601005,0.8560506646732902,0.3325052518005475,0.6849883013941825,0.2540158901180394,0.2715612723831299
2019-01-17,0.0595388673795418,0.6408175044017077,0.3238908020445154,0.5127646200839179,0.24891151657517285,0.27821948334962693
2019-01-18,0.0066549940342459,0.8980417282822523,0.33953374225096766,0.718588400689959,0.23726538195968794,0.28890173965946764
2019-01-21,0.110705787850129,0.4203021254032942,0.3636727912536552,0.33631425198676146,0.21854847078793602,0.2797963055021096
2019-01-22,0.1630967446768429,0.6042647840654263,0.3743964571925168,0.4835161341616019,0.20921300371665227,0.27250133846399144
2019-01-23,0.1004102102383093,0.12676773985946563,0.3775530607544272,0.10143607426676748,0.19860715170495796,0.2931383719352494
2019-01-24,0.0333334841374986,0.9354197920971128,0.40210062391902024,0.7484973038641843,0.19211314975853194,0.3399500797983445
2019-01-25,0.1431638479964579,0.5450512192410638,0.43176923775163206,0.43613506098176363,0.18759706518425748,0.36976891351444785
2019-01-28,0.1182620370893982,0.23996143080572563,0.4151839546949188,0.1920105662793497,0.16865999355834332,0.3402891245880723
2019-01-29,0.0073412067975156,0.7933814458352949,0.4110317790733092,0.6348421084957495,0.1508319039254256,0.36461119893724003
2019-01-30,0.0294558424601021,0.9796037122520617,0.4281493304595514,0.7838520669230101,0.13943978320630535,0.38521628612053266
2019-01-31,0.3751482849277814,0.5809965180318595,0.4269261146720615,0.4648975048158683,0.14266396329049164,0.4011523838189573
2019-02-01,0.2188980728305035,0.6577862289025597,0.4268767153101891,0.526342528789941,0.14670972694795315,0.4340042195593425
2019-02-04,-0.1212207708574954,0.654930855748593,0.4221838652065247,0.5240577373782919,0.12987110200708282,0.4452070856679119
2019-02-05,-0.0038113793147142,0.6519944544087389,0.45774493119736753,0.5217081094310185,0.1177270021980511,0.4532925193489485
2019-02-06,0.1320961090575591,0.05670949367197741,0.4694059961148776,0.045377384010463664,0.11393781473857717,0.43407253551481984
2019-02-07,0.1237037702595019,0.7248101373541228,0.5014838109480435,0.5799732250765411,0.1101250637364416,0.44294154317242
2019-02-08,-0.0133150442250145,0.2649516244843901,0.47652756670082425,0.21200703497667034,0.10260406016573864,0.4315478056278722
2019-02-11,-0.0666929809735708,0.5157632945906242,0.48855085234475143,0.4126996656417904,0.09061410527800806,0.43511262560932307
2019-02-12,-0.0457369611696908,0.46121512622347877,0.48929679467788006,0.36905171495859695,0.08336803974680841,0.4391004087528181
2019-02-14,0.000567887017992,1.2053819220911224,0.5240507188668533,0.9645136081514154,0.07202828169395208,0.48826540011227837
2019-02-15,0.0690002010398721,0.8478768317406324,0.5591262274523859,0.6784478240982997,0.0686000100596555,0.4879539488124744
2019-02-18,-0.0506249621143358,0.30992150304442284,0.5574263088866422,0.24799070043004126,0.0633541134170899,0.47534566692419455
2019-02-19,-0.012003713910991,0.33993653669469603,0.5540976065599487,0.2720079084818994,0.062465603514935755,0.45407992920000123
2019-02-20,0.0347791136637076,-0.08051585088013091,0.5327095705190924,-0.06442657918002583,0.05885004760129665,0.4349970324777732
2019-02-21,-0.1019668350878611,0.4218029552364339,0.5303680387009483,0.3375151749233454,0.04622797237440598,0.4280446058473801
2019-02-22,0.0427071366398409,1.1779041128978547,0.5508324186460953,0.9425266176354823,0.0434802069649551,0.4680965364839856
2019-02-25,0.2032568106540118,0.583029330418515,0.5561931644284124,0.4665241056249684,0.051571793941931926,0.4546692413297372
2019-02-26,0.205828511193879,0.5929242916264145,0.5640720274581247,0.47444178263856795,0.054555825522761496,0.45649337093244213
2019-02-27,0.3308463921533046,0.4646401853857419,0.5823907232862915,0.3717923535148775,0.06467889004961418,0.4650544084198482
2019-02-28,0.4202288454653264,1.3866287754045512,0.6000766603106669,1.109542377250717,0.08434020617665279,0.48765918312246576
2019-03-01,0.3445175343924516,0.57278842467638,0.5978090243198225,0.45832961326776633,0.09934314388771706,0.47215811390078744
2019-03-05,0.4158149763848367,0.11471486071068202,0.5716981287341035,0.09179169040522868,0.1012796530047197,0.45439117035742366
2019-03-06,0.5729363109605851,0.8129136129108996,0.5847851783176904,0.6504712137576115,0.11813861672519975,0.46030206011778896
2019-03-07,0.3292457101644521,0.9441287490659116,0.5961139771510399,0.7554659727609595,0.1395894015357687,0.4713214998979159
2019-03-08,0.2894692224230371,0.9553243014698154,0.6237325292047182,0.7644243472366646,0.1535551444756616,0.4828794159838991
2019-03-11,0.4460437563951797,0.24534534623006657,0.6007300476758167,0.19631862797891828,0.16850503244411974,0.4900670942681112
2019-03-12,0.6365931010423656,0.5339347962788386,0.6003595002437425,0.42724000371855825,0.19292833390997036,0.4827940837272549
2019-03-13,0.3853359691096042,0.9313453986876736,0.6234056325064742,0.7452370858234583,0.21191171549733318,0.5081859909104353
2019-03-14,0.2201660606282023,0.8896329056980388,0.6266140145018988,0.7118598911094148,0.22557166985932237,0.5224317159327031
2019-03-15,0.6851295223100973,0.8291219481386638,0.6215979556981189,0.6634406797883761,0.2603748357393123,0.5364502380674545
2019-03-18,0.318185859273042,0.6404309999364441,0.6235791050949384,0.5124553497941235,0.2754995010847909,0.5149236543361548
2019-03-19,0.3899437085525483,0.6044307500855532,0.6218005891343716,0.4836489356264069,0.2907825252520611,0.5056475167898743
2019-03-20,0.4672972949572236,1.1032327969576619,0.6367439871746738,0.8827766752786689,0.31544548987451637,0.5358754203540945
2019-03-22,0.3007942008920611,0.6314153303742128,0.636058016373523,0.5052412578785229,0.33034062867466174,0.5469817703253624
2019-03-25,0.2559353428091012,0.341546535463479,0.6455525844332397,0.27329618541150874,0.3408718776815852,0.5630638067344831
2019-03-26,0.4399287911952418,-0.07328602552714292,0.6189493790038642,-0.05864147090047103,0.3666764313141139,0.5441992045523966
2019-03-27,0.5315320735110363,0.6482518690405854,0.6317260538224041,0.5187133950993235,0.3899538092603613,0.5240176225268652
2019-03-28,0.5582802423927666,0.7948289281158939,0.6410282416065798,0.6360003441815592,0.4068596869622067,0.5320879196009886
2019-04-01,0.6088218826575638,0.6856335211890086,0.6485088547720974,0.5486251695598094,0.4260498475080965,0.5356204618353335
2019-04-02,0.4210380138543884,0.9772509282595402,0.6409044883110445,0.7819694335963954,0.43034468663671954,0.5551527037439771
2019-04-03,0.4975689291856797,0.6050131687863218,0.6328090328792342,0.4841149711229063,0.43402754776626024,0.5253704463093195
2019-04-04,0.3329757112518798,0.7500770808991355,0.6474808854743913,0.6001911414389172,0.43347793714051863,0.5321257571746125
2019-04-05,0.3072992100943235,0.450120280466763,0.6511536769334602,0.3601739231844107,0.4283105196981133,0.5449058634974306
2019-04-08,0.216954417625268,0.15774699107839152,0.6590957716654111,0.12622482281474554,0.4113590009678601,0.5199417496430084
2019-04-09,0.122378064567491,0.4639964811518559,0.6605022225292585,0.37127727901290497,0.4015081607013381,0.5016470499407201
2019-04-10,0.3852635768156385,0.5908097083053844,0.6409324090428428,0.47274975096684246,0.4060697966247953,0.4877577834516809
2019-04-11,0.2294715923213304,0.8658535290982011,0.6503598823321657,0.6928322850838394,0.39575683643080256,0.5114012909328677
2019-04-12,0.38016945770834,0.48303785868346505,0.6466970012340673,0.38651366792051733,0.3835461867482299,0.5094619416091514
2019-04-15,0.3469904324984515,0.7412613178135763,0.6559177056483284,0.5931370092120876,0.38172020881436547,0.5022190808181337
2019-04-16,0.331173791890178,0.6766302694339439,0.6322510887826416,0.5414210140334778,0.3870062912554119,0.49410294381451775
2019-04-18,0.3050499450336316,0.7339787452920601,0.6376240994698308,0.5873096940926055,0.3689072637660564,0.4904776587813859
2019-04-22,0.1409824266659698,-0.2882561235984576,0.6241917333261928,-0.23065465704128071,0.3604690050704815,0.4550914679796999
2019-04-23,0.2483500977498833,0.7215200103382287,0.6211452799071038,0.5773405555290576,0.35372645217511656,0.4595529736893499
2019-04-24,0.2600095621289701,0.07274893161608342,0.5920992859921096,0.058211703059609744,0.3438556077547235,0.42028797501225185
2019-04-25,0.4472844371567366,0.9173775068120412,0.5908343928368505,0.734060361214993,0.35083133329113664,0.43118412279017904
2019-04-26,0.274228162189073,0.44304284714025527,0.5974243095338567,0.3545107548316295,0.35170241992827816,0.43505148323875614
2019-04-30,0.2903571215170148,1.276560928722043,0.6221785139486301,1.021469100225763,0.3445799594674102,0.486485319959053
2019-05-02,0.2879857936795494,0.9778945572387331,0.6237301525669989,0.7824844478816231,0.33298251757067276,0.49904584628201976
2019-05-03,0.1374391739803291,0.897012079624589,0.6239761250312171,0.7177645040280544,0.31294246669389,0.5029393777032813
2019-05-06,0.013297492002494,0.4319336475535044,0.6107365150117119,0.3456214775156874,0.2845841623769819,0.49327253522498987
2019-05-07,0.1523126036218427,0.2268716417086567,0.5969512030707856,0.18153647546998,0.2717877142706702,0.4646804895999225
2019-05-08,0.0405089472733896,0.3247714554148121,0.587629226581761,0.25987322569372945,0.25002295322722784,0.45400231124615215
2019-05-09,0.1051549972787278,0.7360890099517914,0.5753911003482319,0.5889982700898138,0.2391743477999349,0.45346931737238527
2019-05-10,0.0861751515901063,0.9277911114537339,0.5852702930508826,0.74239304250276,0.22864463072830546,0.4716702278161162
2019-05-13,-0.0516112784372101,0.08553827390784322,0.5767366843323615,0.06844538456223992,0.21585578805866368,0.46891882599456836
2019-05-14,0.030825131334444,0.39503360194538184,0.5923473385814455,0.3160950714213445,0.2114961245713757,0.4662911018235417
2019-05-15,0.0614376330162642,0.6041689917028081,0.590877909336853,0.4834394837360323,0.19607584153331029,0.4668001367173126
2019-05-16,0.0001641104362333,0.3332012380964484,0.575490319669538,0.2666185069702996,0.18515643763401993,0.44650424252142973
2019-05-17,0.1587226225740665,0.2861871716664539,0.5621754413521196,0.22899913835757174,0.17461135024667357,0.4390035506374799
2019-05-20,0.4577981997036031,-0.6476363881468342,0.5080125308052404,-0.5182209041413107,0.17988791058977605,0.38608174523969907
2019-05-21,0.2053159984112165,0.19203670572083725,0.49424664870305773,0.15366251354673544,0.17389468232887312,0.36761705474033035
2019-05-22,0.147447005307154,0.8511165207015894,0.4976146300298062,0.6810401344953232,0.1663897804371361,0.3720804090452217
2019-05-23,0.4261587803481964,-0.04614586710968671,0.4810724251105912,-0.03692465928975004,0.1799696068029564,0.38130564703338987
2019-05-24,0.4613355634104987,-0.034000947598131104,0.47468082715470705,-0.027206627250180856,0.19011177183441427,0.3525176859486642
2019-05-27,0.6260345038758758,0.5174737794872166,0.47646340376588575,0.41406834881935023,0.20754153096521932,0.36946324050865187
2019-05-28,0.6504206147103333,1.4189088301449067,0.5040667078272032,1.1353719931577917,0.21721468227729535,0.3885733182202137
2019-05-29,0.318089804988211,0.6290587109156645,0.4961735472211186,0.5033555555170166,0.21930333193439716,0.3956611658718988
2019-05-30,0.4820042304773769,0.8215276949059491,0.5074565417618682,0.65736396629827,0.22842938474203342,0.3783228261610658
2019-05-31,0.4671991993566035,0.69724168507308,0.5059892206705182,0.5579137044437699,0.2369633564409408,0.36762898123545373
2019-06-03,0.2923488434779964,-0.07390387287747124,0.48097141592680437,-0.05913585543223682,0.24434000736940115,0.3306337260230589
2019-06-04,0.2734350597134989,0.5638763984148774,0.475301337697565,0.45119845388343616,0.25672751059373466,0.3356612010881898
2019-06-06,0.1564211426719663,0.15304243389697586,0.4900112896140794,0.12246036497890052,0.2569231553104072,0.332848052969567
2019-06-07,0.072843991386666,0.6346333765964295,0.4871150684893528,0.5078162503486304,0.25846291931580134,0.3446548636674194
2019-06-10,0.119537740625991,0.6244801024347229,0.5055061075166407,0.49969187838254914,0.2591478118561472,0.34040217834802583
2019-06-11,0.1638908595692433,0.7856827027453596,0.501116280714418,0.6286817850830486,0.26284855985515376,0.3349873565661348
2019-06-12,0.1063150893108021,0.5435854336657177,0.5044677002652668,0.4349621795006802,0.2703688630812496,0.35244053727748914
2019-06-13,0.0743609446657957,1.0992766695983716,0.4985582249611443,0.8796110904928973,0.2724419970494092,0.37927463342375356
2019-06-14,-0.0241299140868829,0.6912340786366533,0.4890028756744084,0.553106582274309,0.2683673519492593,0.3825921143065286
2019-06-17,0.0188839981834996,-0.1858298608653755,0.45290814432474297,-0.14869596624993042,0.26925877517531965,0.3628152346293748
2019-06-18,0.0347167986766036,0.9653359158576249,0.47068821993488025,0.7724353669306175,0.2633537359421071,0.38869315027571033
2019-06-19,0.1858101912263478,0.8663570004441152,0.4920043985593956,0.6932351490687299,0.25040192601461875,0.4463815337619027
2019-06-20,0.1226169875743059,0.33179751947003594,0.4922386006945697,0.2654952897622286,0.24646387787952775,0.4517069040578786
2019-06-21,0.2082213318541392,0.7818888457455111,0.49376526188769365,0.6256460445955969,0.2493578934293842,0.44906909025312963
2019-06-24,-0.0506535183460461,0.71207399317483,0.48657469127839686,0.5697821112468303,0.2266525458725155,0.4779598888501097
2019-06-25,0.041510256944532,0.17323344611090197,0.4894978636851655,0.1386166600798743,0.20666086461223138,0.48585623586582666
2019-06-26,0.2097965227607749,0.6610741809791438,0.4983658829862909,0.5289734580105432,0.18684000836865516,0.49132790773207397
2019-06-27,0.3728818776162486,1.2403480957786708,0.519571853122153,0.9924925828884174,0.1736238780308416,0.4845241262906751
2019-06-28,0.2168397156722065,0.6319319798233709,0.5295295445130505,0.5056546666207848,0.16880244520626994,0.4846336077718069
2019-07-01,0.1264637957791881,0.5790377000603196,0.539291228792846,0.46333011231162025,0.15187194831588,0.47539390043910934
2019-07-02,0.0244369959261864,0.8347223105146246,0.5887031854148945,0.6679219364118557,0.1307880338668125,0.48063238767568495
2019-07-03,0.0958748610622276,1.0800687560341238,0.6183042537586708,0.8642414440120764,0.1214321299422521,0.5246027352682713
2019-07-04,0.1501033921802542,1.0161181125836352,0.6238043068214056,0.8130698902268416,0.11555919339305,0.5418347084274809
2019-07-05,0.0683814591737346,0.6511476487867782,0.6470474240179545,0.5210305187596541,0.11136682751218178,0.5608142395598978
2019-07-08,-0.0602312679684272,-0.10760761421750853,0.6445938684639752,-0.08610466637282756,0.10502991040003451,0.5325322911445903
2019-07-09,0.0323871875461982,1.041990042012495,0.6620777438814845,0.8337718997276793,0.10087988406290152,0.5484408635895965
2019-07-10,-0.0839928620831985,0.6010009581989347,0.6348141481499521,0.4809045100736892,0.08907589731754714,0.5414038504939127
2019-07-11,-0.0560413800956227,0.5613374106090563,0.6325567714730652,0.44916682536407315,0.08134463686962215,0.5420802622016934
2019-07-12,-0.0269517173527595,0.8380147915318323,0.6331063413605946,0.6705564895667329,0.0765202243925481,0.5321252812052093
2019-07-15,-0.2063133932956218,0.8996928987546381,0.6398547151499799,0.7199096220894231,0.06784482062070339,0.5400682831011672
2019-07-16,-0.0177208489333645,1.0036378932801395,0.6757727740219003,0.8030835604749794,0.06610173266275748,0.5853911177071153
2019-07-17,0.0575018412135619,1.269137302117128,0.6992814708119752,1.0155289174911042,0.06718673468832692,0.5969670010671384
2019-07-18,-0.2498627057365871,0.9900107268254263,0.7271804139095903,0.7921794750185511,0.0464404062615205,0.6016786356361775
2019-07-19,-0.0008733226334684,0.04061137693527428,0.7073796805875519,0.0324961117982308,0.04055991529924553,0.5905834366855109
2019-07-22,-0.1068885225771554,1.0444610378088075,0.7213790451000214,0.8357491229027986,0.025554684135850554,0.6005883451763301
2019-07-23,-0.0328047250463753,1.1045835961865607,0.7320090748813947,0.8838575478338944,0.026404626673930114,0.6155443183471426
2019-07-24,-0.0265146998839626,0.7189626980972122,0.7378549836957778,0.5752942642984131,0.02316534301543037,0.6363384899765969
2019-07-25,0.0071228284325826,1.142182248326285,0.7392851696533749,0.9139429597455009,0.013514214714087884,0.6546703710115949
2019-07-26,-0.0458620442945933,1.1502004429514203,0.7545840484638672,0.9203588995294103,-0.006425972043571253,0.651235433708785
2019-07-29,-0.033767997846445,0.6405477736150028,0.782129969613213,0.512548788894196,-0.018359672687316562,0.6515637252456141
2019-07-30,0.0626675399390698,0.4585572730095064,0.7652373481849425,0.3669249735944175,-0.0213975896320841,0.6469730043543188
2019-07-31,0.0055577784941554,0.9658493671522419,0.7685537604085467,0.7728462165971879,-0.02229659998599034,0.6519693986488584
2019-08-01,-0.2827669162532258,0.36365283860528674,0.7696156043797217,0.2909850438682578,-0.040327160810535743,0.6246714748324861
2019-08-02,-0.0783441427009015,0.6831195802990685,0.7663232955315069,0.5466135828966968,-0.05120561485249553,0.6119830792453362
2019-08-05,-0.2683060063333464,0.6875824288530088,0.7655069100541129,0.5501846321073295,-0.06723835130521368,0.6133713703571304
2019-08-06,-0.2578436244948444,0.5112252344471143,0.7767733029986533,0.40906843417663663,-0.07664846352075735,0.6369510418118667
2019-08-07,-0.0795583930086447,0.7937892829088578,0.7811971397296438,0.635168448554573,-0.08197920545194035,0.6274937346131474
2019-08-08,-0.1120750203152608,0.1055261359288317,0.7433697410679826,0.08443912444150686,-0.08331645108203856,0.6086144305354244
2019-08-09,0.0961222590332015,0.9574497058037962,0.7542203319339966,0.7661250375866511,-0.0760705635044755,0.6237076787364996
2019-08-13,-0.1731591286077397,0.3050787559182358,0.7450883671292605,0.24411566678432306,-0.08303282118328408,0.6034009728897182
2019-08-14,-0.1429851462199791,0.6901585337848037,0.7402695745715998,0.5522459607345513,-0.08001719037015824,0.5954169890156767
2019-08-16,-0.1897408495451427,0.8968330133502305,0.7341617164821367,0.7176212200985259,-0.0882086189707191,0.591347353759655
2019-08-19,-0.1298616809772335,0.8738626897790502,0.7294198690553172,0.6992409961528995,-0.0971306914559951,0.5762860241721215
2019-08-20,-0.1521487890316984,0.9821397191904592,0.7404529380687733,0.7858813102338833,-0.09247764780338133,0.5759861115633278
2019-08-21,-0.1773051627571889,0.8649013112374844,0.7728699022506064,0.6920703464254324,-0.10087916399974899,0.6073944084503373
2019-08-22,-0.1716581019952906,0.6020718386536266,0.7582059621386441,0.4817613992905623,-0.10396342968632684,0.590537850183088
2019-08-23,-0.1128052794018564,0.6588157045500502,0.760133120350348,0.5271662870138429,-0.10777297989373069,0.5735525520487998
2019-08-26,-0.0684720696087348,0.0945728307152951,0.7445743010205559,0.07567458953429325,-0.10977094988062461,0.5497611389647942
2019-08-27,-0.0371596087582286,1.3623824915962803,0.7620532243560375,1.0901411648618597,-0.11187963736590133,0.5581515296846208
2019-08-28,-0.0975407671545975,0.9187558569607571,0.7626886562962414,0.7351632792618538,-0.11434052893066345,0.5493326906242609
2019-08-29,0.0238095219251412,1.1447845332630688,0.7673935442956723,0.916025236895851,-0.11159874227487362,0.5685458548148159
2019-08-30,-0.0739452896474907,0.897359313439812,0.7550009446730953,0.7180423510189997,-0.11810411511232888,0.5852657299302723
2019-09-03,-0.2482029529187012,-0.012116907217618933,0.7215966902049936,-0.00969561736899615,-0.13018795946532205,0.5480018330747397
2019-09-04,-0.2105633108210133,0.9583470106150537,0.7521878779943197,0.7668430363265162,-0.12674969253997861,0.5706617374775139
2019-09-05,-0.2887398085248764,1.2662252268561303,0.7595800176292306,1.0131987546060324,-0.1367685337696917,0.5928800789874823
2019-09-06,-0.0451493016875837,0.8824576907326982,0.7521758207807684,0.7061184805667076,-0.12614202402465538,0.6003055003426907
2019-09-09,-0.0423508056502259,0.6536981498532092,0.7500003358393016,0.5230713598748997,-0.1158804612225307,0.6057342110902271
2019-09-11,0.0861478533796878,1.5697823403305773,0.7642536722394446,1.2560968447726226,-0.10798968758499106,0.6353022299577532
2019-09-12,0.0476157421899266,1.0275712778179296,0.7601660334016617,0.8222343994354413,-0.1003853655609345,0.6704353382907977
2019-09-13,0.1604571024623681,0.9675524502149565,0.7710661892883267,0.7742089770299565,-0.09732180158811704,0.670820287788098
2019-09-16,0.0787308697752739,0.8512367179651918,0.784155504120183,0.6811363130544026,-0.08532703976035448,0.6916307947533399
2019-09-17,-0.0038365086493665,0.11104269634086045,0.7556619484264702,0.08885332502812299,-0.0787009141617539,0.6695644787673195
2019-09-18,-0.0540562999180331,1.1820907241332508,0.7829432112774023,0.9458766293077777,-0.07223974513189153,0.6804337839677601
2019-09-19,-0.2192478329991746,0.6901570899386298,0.7831777949320544,0.5522448054083785,-0.07649622856150777,0.6734339653608781
2019-09-20,0.6029956516621272,-0.17470740302185273,0.7544348005362257,-0.13979608003995855,-0.040536969480849415,0.6293540896335523
2019-09-23,0.5631816231500031,0.7342278821315242,0.761868222125706,0.5875090465696513,-0.005275693961459316,0.6243749801166104
2019-09-24,0.2988147557232736,1.3523352898342904,0.7804864223565537,1.0821016691255454,0.017127775453710407,0.6529626120135144
2019-09-25,0.1899443502601117,0.8803468076742647,0.8063137780814015,0.7044294097437909,0.0315444244852327,0.6614037130958929
2019-09-26,0.3254231616946028,1.2422297986626734,0.8158064478433641,0.9939982700111923,0.05030134026158211,0.7051334121662213
2019-09-27,0.0512134143671196,1.317110302419229,0.8495408327267306,1.0539155987306545,0.05450957945802726,0.7034083852075925
2019-09-30,0.0243972202716321,1.412086962710533,0.8736051136909215,1.1299133216339616,0.060316150287847724,0.722206006272931
2019-10-01,0.030231546232994,0.9602971823105011,0.8757205859895972,0.7684035103173884,0.060621960969174035,0.7151764002453851
2019-10-03,-0.1668683810081627,1.6541353334705917,0.9017296741126486,1.323593800119939,0.056197051856761084,0.744012183535906
2019-10-04,-0.0698330915799981,0.9207234618689822,0.899682465535266,0.7367377028322324,0.06469085477765171,0.7795566273550121
2019-10-07,-0.2284169266131468,1.3100552745399803,0.9145209309786826,1.0482703586032616,0.06384068259707393,0.7929579284158097
2019-10-09,-0.0325619416058278,0.6335414066025424,0.9155699165769797,0.5069424858599695,0.07603962864083814,0.7688504870469495
2019-10-10,-0.1435568818886669,1.1210240392106583,0.9309768610656666,0.8970127401676827,0.07135355339316751,0.777940689885091
2019-10-11,0.0497800740914856,1.0864363803574169,0.9640389793870708,0.8693366426365566,0.07574073814277282,0.7944295128737414
2019-10-14,0.0535972179836572,1.1300397574310095,0.9562942215815617,0.9042268710181784,0.07419070788581898,0.7776737998378155
2019-10-15,0.0203672986193205,0.9410274190085576,0.9570366069831551,0.7529843733700398,0.07289316295388537,0.7743761795489869
2019-10-16,-0.0902669824427391,1.2847258670411505,0.9617013181090911,1.0280024602954363,0.06095392081554692,0.7864615835140097
2019-10-17,0.0619114121195243,1.166852497558124,0.9706844242463682,0.9336834176572274,0.06015299426051124,0.7984876361141443
2019-10-18,0.4043668559324949,1.4295931599413336,1.0187414264849999,1.1439213013013498,0.07959124971679034,0.8487289683176313
2019-10-22,0.2697525360931756,1.3944460914235617,1.0332780625119502,1.115797579474486,0.09501071809827646,0.8568204421350936
2019-10-23,0.1810865553585767,1.4319489998265236,1.03880218827763,1.1458063798696012,0.11407426040102656,0.8850852790141994
2019-10-24,0.1637185397043795,1.2883793477518453,1.0523329101782681,1.0309258755201067,0.09315630268875283,0.9408339435646786
2019-10-25,0.0432281845605642,1.4045585133771168,1.0773615889623984,1.1238892626222243,0.06839661513687478,0.9663758586148011
2019-10-29,0.2762478578611493,1.168708334710723,1.0639924554417368,0.9351684077299915,0.0673220009529641,0.9593790366435843
2019-10-30,0.2445692678721984,1.4532226471454215,1.0781808344193198,1.162828969936735,0.06992318750592062,0.9812075871289626
2019-10-31,0.4574964308952076,1.8748941510242694,1.10842555777963,1.5002389610831555,0.07621239080118751,1.005314286703818
2019-11-01,0.4002413434874522,1.7537824284492436,1.1385104147957652,1.4033286769736841,0.09283276837834621,1.0219530047153909
2019-11-04,0.3414308251687924,1.6349467800258242,1.189307217585264,1.308239645076605,0.10792960670678242,1.0304447344031356
2019-11-05,0.1943608386626029,1.3350668476157757,1.1944064217013484,1.0682839345087531,0.11574528729866856,1.0447247546027245
2019-11-06,0.3196612103082159,1.120482218840801,1.208750592664754,0.8965791903439103,0.13891336307563898,1.024390725565771
2019-11-07,0.2836124676744905,1.3482161105880173,1.259514709785083,1.0788056146845155,0.15574410399251937,1.0406796737492128
2019-11-08,0.2676801715412402,1.2832270425150534,1.2778146817978673,1.0268031419506383,0.17936777533320447,1.0396574253371833
2019-11-11,0.160123967929347,1.3976540036264953,1.2793253055909406,1.118364462979854,0.18854329483487944,1.0687727575809873
2019-11-13,0.2516872470768986,1.239444611334574,1.2912952323796176,0.9917696393755658,0.20736444383323974,1.073284990876601
2019-11-14,0.1941228699533628,1.293127471672744,1.2929918214799536,1.0347251942679367,0.21423791030285294,1.0811606361923807
2019-11-15,0.2790583055772534,1.343847640819747,1.293883066093304,1.0753100847938855,0.22497415256921466,1.0893074558959859
2019-11-18,0.2411567816770407,1.3282892727994111,1.2910898097629333,1.0628607047250285,0.2354879374767251,1.1040634716747948
2019-11-19,0.1629698160695263,1.3860714943182182,1.305282286829857,1.1090964561849677,0.24754683264397587,1.107925090526677
2019-11-20,0.4147211914560142,1.4519499799523303,1.298542775045915,1.1618106164971422,0.26434729832666587,1.118788290471435
2019-11-21,0.147384241751864,1.3804091642120395,1.3138656317906836,1.1045656146805753,0.25211003098473106,1.11691421015616
2019-11-22,0.1637938995066119,1.148252300034966,1.3084721993071833,0.9188000489119361,0.24706438162346617,1.1075333753674672
2019-11-25,0.2322506227286864,0.7019215536915155,1.3107515375434822,0.5616584071675432,0.2495007657839475,1.0797168052387978
2019-11-26,0.5212940074733866,1.7386596346148115,1.3313393907236206,1.391227831441445,0.2665281690110431,1.096874041235052
2019-11-27,0.1907146510886651,1.4009987450865942,1.34182480288126,1.1210408335101312,0.2735513340838098,1.0967384017535238
2019-11-28,0.3162938984944934,1.4958105127539976,1.3540171613920262,1.196906613850902,0.27545828839968334,1.1092021258545195
2019-11-29,0.2835591230328823,1.3900218966499918,1.368983643980074,1.1122574599604835,0.27731494816923974,1.1067939587127933
2019-12-02,0.1534592900784388,1.5034900644108324,1.376275783892397,1.2030515808043376,0.26283698908272696,1.0926421786995162
2019-12-03,0.0723141105956025,1.261372032120808,1.3794264350444863,1.0093153610695618,0.24722140656406744,1.073879639846939
2019-12-04,0.1296767128941341,1.4359960585819542,1.3796398649991737,1.1490447254686704,0.2371378774081313,1.0662989293894183
2019-12-05,0.0932895282921127,1.3672585798935506,1.3787336146148401,1.094042877199727,0.23232495786667937,1.067525545708036
2019-12-06,0.1082920516888761,0.9676165795168727,1.363255867271185,0.774260291541354,0.22225975983718702,1.0617008362412477
2019-12-09,0.0644846515941374,1.391764027640825,1.3667020232674842,1.113651465476118,0.2118251019285988,1.0633601624694191
2019-12-10,-0.0102912897719597,1.266283057327413,1.3620928413991606,1.0132450289656323,0.19858836567558927,1.0627145380415617
2019-12-11,-0.0855458859396094,1.7661691333148264,1.3820082013526307,1.4132401790329516,0.18688980120563897,1.076756238805995
2019-12-12,-0.0050407163091934,1.5854618827468214,1.3864161758726776,1.2686431852750741,0.1746646600920155,1.0899406933726383
2019-12-13,0.2693763632845799,1.259145886764335,1.3658912337306797,1.0075340605118794,0.17824815977445443,1.0886458774794927
2019-12-16,-0.0276047729265219,1.109526137466173,1.3444160240312442,0.8878124340286084,0.1636451560361794,1.0797174179192415
2019-12-17,0.1067459142256225,0.95074513144766,1.3216093024119717,0.7607602207722941,0.15724463853849283,1.065331680588159
2019-12-18,0.2326583652427572,1.2742281220702851,1.319581344893789,1.0196024522202054,0.16056314088007526,1.0610700613517416
2019-12-19,0.0472697238835132,1.4714753193931513,1.3312811149122006,1.1774342584726056,0.1430654519480514,1.0618140443029542
2019-12-20,0.3305459306922064,1.8569924978399277,1.3482403278205977,1.485914548390164,0.15178743713568674,1.079973517336744
2019-12-23,0.2081614622035285,1.5163105780880002,1.3560097790063625,1.213310204796033,0.1539001782164923,1.093997810474082
2019-12-24,0.0653249854898046,1.1752492194742254,1.3485962862012868,0.9404022446144902,0.14595133834797414,1.1120332313048888
2019-12-26,0.2128616210773005,1.0898918758770129,1.343611195019368,0.8721016355325631,0.1312640818529224,1.0873129362616087
2019-12-27,0.2089738077767039,0.6757985561051958,1.3230335645004498,0.5407554998018832,0.1321335655047338,1.0596803013231209
2019-12-30,0.188130380201128,1.2025823250359142,1.3183247206409885,0.9622734472467253,0.12603054082409734,1.0485072933895887
2019-12-31,0.2733361781605347,0.9150042606391466,1.30454855356898,0.7321613546119413,0.12554373392541412,1.030407478849182
2020-01-01,0.109760013664121,0.9817395519658101,1.2910708221572331,0.7855611073781439,0.12346281600092279,1.010526980114601
2020-01-02,0.3441051488823483,0.8431831216747028,1.2707785935479785,0.6746920458272496,0.13640524639552973,0.9945925365316339
2020-01-03,0.2442942295448518,1.090204251295195,1.2611050964507506,0.872351589788693,0.14186322337889723,0.9814166729278255
2020-01-06,0.1011090393080728,-0.03887131943662203,1.2215343091350308,-0.031103765434261573,0.14223558104632392,0.9278382613738262
2020-01-07,0.2829985629476802,0.8365487060016976,1.2260218808787038,0.6693833680700411,0.15055493872531459,0.9228441221609064
2020-01-08,0.2372942102813787,1.0448362399536368,1.2028944343899977,0.8360493493852629,0.15878396532946895,0.9096249737756276
2020-01-09,0.4547589789361667,0.7629556884399635,1.181626332501777,0.6104962505495805,0.18092921622033206,0.8904464605177205
2020-01-10,0.5159229930014779,1.4488706112675485,1.1800616691188954,1.159346589995206,0.2095705914080029,0.878356289611161
2020-01-13,0.442387826731706,1.2865905303485068,1.1766139569088456,1.0294945128155584,0.23087671250518862,0.8669682575892792
2020-01-14,0.3861066147562193,1.5227941486703962,1.1772574263841646,1.2184981804421935,0.23643529590860002,0.8770141680621513
2020-01-15,0.5087437687832419,1.5966885609135737,1.1884346440105902,1.2776264657339216,0.261975702656684,0.8955767410004997
2020-01-16,0.5269898869676032,1.1701730281522769,1.1795738763296009,0.9363404153155193,0.2819873204063021,0.9039377026454151
2020-01-17,0.5556301536769699,1.4211272650997426,1.1813694991698072,1.1371471240632114,0.2973669293793599,0.9095350679712725
2020-01-20,0.4359196691976927,0.5573503703880546,1.1676939588655133,0.4459765049528197,0.31587406963241604,0.8747037463750923
2020-01-21,0.3357542534633034,-4.244896065623824,0.979805289090025,-3.3966495974817414,0.3161220850024683,0.6422006918097636
2020-01-22,0.4178822490330968,-4.491214012786611,0.7878887200862241,-3.5937464740951515,0.32610878913720964,0.41329323091018333
2020-01-23,0.4585291843421392,1.6292522114926902,0.7833248226921529,1.3036830072657193,0.3448327986063684,0.430592314845956
2020-01-24,0.4707229624286663,1.2087629782371547,0.7707681925418307,0.9672190366990038,0.3571119100992906,0.4351217149015009
2020-01-27,0.3503795528597825,0.7667704066769165,0.7543556765389167,0.6135486836277384,0.3638455170080086,0.4385880569884463
2020-01-28,0.3045053760971321,0.9371790711137222,0.7486107743271684,0.7499050307604955,0.3693871834792469,0.42847527525100687
2020-01-29,0.4249091904911685,1.2340566292526804,0.758054490920669,0.9874583236479773,0.3766049459711819,0.4406322737765324
2020-01-30,0.3507788469911406,0.9599175703952678,0.7475774725315019,0.7680997552573957,0.3880820332724685,0.43980078081840157
2020-01-31,0.3969963879850298,1.2848448486305215,0.7413564568394142,1.0280976661052834,0.3906006637059295,0.4566296198792602
2020-02-03,0.2112137806702075,0.8450154851302736,0.7076238897490924,0.6761582528904113,0.38902540423570836,0.44728708002696116
2020-02-04,0.3761888314733019,0.29299193944022284,0.6668466017941664,0.23444412720121077,0.4021244419578621,0.45993221777150745
2020-02-05,0.4365594232498055,1.2850663389919303,0.6705071724447567,1.0282748966276083,0.40943686387701095,0.47702229055996304
2020-02-06,0.4658437283901559,1.3557916524769478,0.679370498331421,1.0848673558696817,0.4203201742631433,0.48887076705922106
2020-02-07,0.4290080558675698,1.1933327164761591,0.6966216370104532,0.9548721637510506,0.4190939398313053,0.5052696200688148
2020-02-10,0.2892919684299506,1.1014750368255377,0.6932513940701074,0.8813701637521324,0.4083019862802801,0.4920326473905733
2020-02-11,0.3634489165591341,1.1293189322793715,0.7003952164581148,0.9036500864695546,0.4045429905577767,0.4860400556598111
2020-02-12,0.3631906345447096,0.8918506716482558,0.6973989204475297,0.7136344866956572,0.4034517534048477,0.46199892738616666
2020-02-13,0.3016856118122928,1.267516349985005,0.7115433613912064,1.0142318759800766,0.3935918411681358,0.44945632787407874
2020-02-14,0.3220413959242051,1.1353006998700883,0.7130465763437029,0.9084365331022006,0.3838323892136883,0.4481275715782064
2020-02-18,0.3187097994884476,1.200950708338783,0.7543739772695497,0.9609678722427961,0.37255046758566346,0.4397380833962819
2020-02-19,0.262940687892103,0.9772320903050664,0.7590634234129954,0.7819543599810485,0.3643133732377782,0.4557370288738166
2020-02-20,0.3940857046387422,1.2286872676264537,0.7651917910020892,0.9831619074991459,0.36709106138898956,0.6642994814919541
2020-02-24,0.1097916917712062,0.21131376063356644,0.746803726741876,0.16908748504137497,0.35242008247175666,0.8434820509746459
2020-02-25,0.2320838842030106,1.0872804539433165,0.7347507214977349,0.8700120472074739,0.341636972941322,0.8228310528766342
2020-02-26,0.3431854671180012,0.8937014987801166,0.7216544204454554,0.7151154678870116,0.3355637588789094,0.810826121028444
2020-02-27,0.2869224929356336,1.1914106161962343,0.7106083026963166,0.9533341517382249,0.3325419941206165,0.8270063814146577
2020-02-28,0.317608867733089,0.3971079946436594,0.6706222838206527,0.3177549436572477,0.333165969912805,0.8064278058383125
2020-03-02,0.2829986553954033,0.1700798351213093,0.6372858440529539,0.1360932269185397,0.3264083253844352,0.7658866107559583
2020-03-03,0.2289044399021625,0.7476785175823766,0.6148375524690415,0.5982718767505822,0.320604782189722,0.7577995689223006
2020-03-04,0.2663486538739242,0.8037761126474168,0.623051743877687,0.6431596362508517,0.31438346151776453,0.73946918654828
2020-03-05,0.2433976422437613,1.6606549975154903,0.8199034459823308,1.328810656766479,0.3159160263546005,0.7705478724471404
2020-03-06,0.04162726699799,1.1847234197964611,1.0091013604017667,0.9479832402887044,0.29998452328434755,0.8045259254513067
2020-03-09,0.0719818885140409,0.002333762696371533,0.9548707454418893,0.0018674130062797023,0.28262368829693013,0.7556493786121958
2020-03-11,0.1164292253982182,1.3522579273127067,0.9596539104110744,1.0820397657541234,0.2659849024401712,0.755514731463836
2020-03-12,0.0296670326404876,-0.6983902889460367,0.910815220556976,-0.5588327858117056,0.24696866323888159,0.683433543389419
2020-03-13,0.1719482628284193,-0.037520157362249895,0.8783252462744435,-0.030022602540023726,0.2413808677340467,0.6400338878516972
2020-03-16,-0.3221575975460445,-1.61514446428,0.7833518764900209,-1.2923943742460737,0.20873293849094302,0.535460342103334
2020-03-17,-0.0911198055704322,-0.3337609190593718,0.7402292601748662,-0.26706634835158105,0.18709910800926963,0.48876030233917983
2020-03-18,-0.1897891491224854,-0.2509854644006866,0.6890349164071592,-0.20083169610068494,0.16369554796475633,0.43090013224009593
2020-03-19,-0.2079690736051755,-0.4420988115028708,0.6461311065193878,-0.3537553633642849,0.13845695417764298,0.37079575621788236
2020-03-20,-0.1871121369468504,-0.945999885606938,0.6048313790178157,-0.7569632049854123,0.11437019529977166,0.2889895144451105
2020-03-23,-1.2576480720012098,-4.168868832754769,0.42303353995959253,-3.335814687526325,0.04196120673342344,0.09290527408761654
2020-03-24,-0.8039014390520095,-0.9766657177239624,0.34528496095289546,-0.7815011641501265,-0.015085800108993316,0.008873699247174996
2020-03-25,-0.6781845593990413,-2.068279101122381,0.23656456703294412,-1.6549803028628016,-0.05260847873614796,-0.07798667160540484
2020-03-26,-0.4920084785488519,-0.8455704009814976,0.17166305243937624,-0.67660228135979,-0.0870890674386176,-0.15163497296575074
2020-03-27,-0.4863447899635498,-0.0069158852410682314,0.13378855852202826,-0.0055339019983399644,-0.1265905082520248,-0.18595160962695795
2020-03-30,-0.7109797442588719,-1.9332918640870558,0.039617140664184536,-1.5469672120231255,-0.1741096624041441,-0.3050135793298794
2020-03-31,-0.5211793892820678,-1.168131762516074,-0.0415711297525181,-0.9347070504475979,-0.21405196035724683,-0.3646546266682054
2020-04-01,-0.8020277026182038,-2.2226528004302666,-0.15350291309586328,-1.7785059099706493,-0.2657198821674186,-0.45582601413911916
2020-04-03,-0.5457315863365008,-0.6568983960094678,-0.21543121657413827,-0.5256321092196296,-0.30260731198830726,-0.5093452515662721
2020-04-07,-0.4059829625801877,-2.302199483071691,-0.3247456023533635,-1.8421569872639387,-0.3346231032480269,-0.6276936622098336
2020-04-08,-0.1692687399722913,-0.024902045905755177,-0.36653191280443714,-0.019925935263110314,-0.3542738833535532,-0.6919192142112426
2020-04-09,-0.1111935404911992,-0.5103987408854064,-0.3905889961884029,-0.4084070966596979,-0.3615510646625622,-0.7565092302564046
2020-04-13,-0.1786958120307927,0.18444280953035663,-0.42068358433550157,0.14758608575204843,-0.37348809802184,-0.7495702458399394
2020-04-15,0.0251154387451592,-0.03305405352529134,-0.4515754360790151,-0.02644894854105647,-0.3778363735767476,-0.8023554227111385
2020-04-16,-0.1111385545057156,0.3626173528974818,-0.47920187818897364,0.29015647655866056,-0.3845414015360906,-0.7619273625982638
2020-04-17,0.025765878331354,-0.2836798670695274,-0.5018948069127466,-0.22699286187441142,-0.3915024674645223,-0.7713068987570443
2020-04-20,0.0673660963171971,0.9650158923733625,-0.47539693833767804,0.7721792929014305,-0.37295372013770123,-0.6729938669881155
2020-04-21,-0.2711688009583319,-0.004779955287286475,-0.5004788874333336,-0.0038247893356025287,-0.3815274818228393,-0.6604585546540213
2020-04-22,-0.1108248329161116,-0.18902389666311337,-0.5335722210770178,-0.15125174623582607,-0.3777672762892025,-0.6580976046604565
2020-04-23,-0.0043475128014171,0.4744203922063283,-0.5731133745873233,0.379618207209967,-0.3680710114890235,-0.6231750536807302
2020-04-24,-0.1440693635969227,0.34316472071935245,-0.6011653312232269,0.2745910129439246,-0.3660213556152175,-0.5740534242555237
2020-04-27,-0.0617782832944558,0.2770580645597397,-0.5920078544944478,0.2216942768250358,-0.3090751752006101,-0.40464823547688755
2020-04-28,-0.0671936570176908,0.6052618501194623,-0.6169077237342226,0.48431395911626457,-0.2739938522465949,-0.3443713248451546
2020-04-29,0.0375053436784716,0.1956784737174665,-0.5871054316454393,0.15657655657832958,-0.23991338067147527,-0.258106712490815
2020-04-30,0.2978085109373127,0.6592684937425843,-0.5638791432752781,0.5275285965273832,-0.20230304783880074,-0.20076714687714012
2020-05-04,-0.3732754921473223,-1.2944809131555473,-0.5531903582377964,-1.0358081810823847,-0.19691879556183756,-0.24982782683352317
2020-05-05,-0.0624410408926418,0.2812712585363295,-0.532689285651273,0.22506555927894278,-0.16603600016344564,-0.16544531391437708
2020-05-06,-0.1046936084081795,0.44897714359127955,-0.5093571987182074,0.3592592163581538,-0.14620334393135576,-0.10382787263791274
2020-05-07,-0.2238609537948835,0.9872624415073245,-0.4617118236178676,0.7899803723608695,-0.1186715939873881,0.01848099794930245
2020-05-08,-0.1937781466403155,0.7146302990639386,-0.40635748412883843,0.5718275972222342,-0.10191190638280785,0.07074098397034359
2020-05-11,-0.1515780000549489,0.6398311226076732,-0.246067485616757,0.5119753443815507,-0.08979738435779647,0.18284252357250974
2020-05-12,-0.2440653220575714,0.7657064933816127,-0.18798841191323784,0.612697369341032,-0.09335912636185742,0.21296744283937366
2020-05-13,0.0462298927850074,0.2957003904207652,-0.10918909552846628,0.2366113555127257,-0.08586277239632378,0.24368260722853669
2020-05-14,-0.1021858021780404,-0.12240243270563572,-0.08508349658593754,-0.09794307501361194,-0.08221943859381177,0.23199074243017193
2020-05-15,-0.0406293526673151,0.8832473203294604,-0.0554113897335866,0.7067503205483087,-0.08535014294678674,0.26690499333918927
2020-05-18,-0.1543193860156832,-0.9153713828921757,-0.021480707027090595,-0.7324551157862301,-0.08740637301868995,0.2182092032275278
2020-05-19,-0.0944205000318283,0.6820470851942964,0.040191921229921754,0.545755401681042,-0.09312953389312721,0.25500673958731135
2020-05-20,-0.1832850904008443,-0.1421807571704602,0.10954098933858196,-0.11376914867801781,-0.10506530468922441,0.21281871855971854
2020-05-21,0.0534574698618096,0.8848929829841794,0.16093403530503686,0.7080671347428914,-0.08960691084064625,0.24671833399202783
2020-05-22,-0.1030736170577855,0.5565584096703491,0.25622596506310485,0.4453427996720709,-0.0892378053235831,0.27512759808288
2020-05-26,-0.0842361279045069,0.802014130699934,0.28378983761662785,0.6417497465432676,-0.0930420250903969,0.2876100523368467
2020-05-27,0.1294577210250062,-0.5902965633939119,0.28112657686634435,-0.4723391464596735,-0.080016925822686,0.25204194950810394
2020-05-28,0.1826657664357251,0.6567205362057666,0.2968691677555247,0.5254897906748869,-0.06837673297839167,0.266508402548573
2020-05-29,0.5610132305176249,0.8111732741366107,0.325010078677588,0.6490786423245812,-0.03846211928623379,0.2743543398442072
2020-06-01,0.4054996964135435,0.2654865993709742,0.3217723868933711,0.2124351072321713,-0.020938578679801784,0.2770142708277235
2020-06-02,0.4657957469706302,0.7459416977052593,0.3560931057191974,0.5968821210427139,-0.012939186487739052,0.28031681961416777
2020-06-03,0.6265148897292688,1.076282613319758,0.35980199641741056,0.8612118762846345,0.03466987931590815,0.3706511080602163
2020-06-04,0.4057706533612448,0.9881177995650344,0.39289858824582125,0.7906648064571367,0.056965674280378936,0.3975844055448922
2020-06-05,0.6592914907141896,1.2387789982210242,0.4404920180752925,0.9912370339879978,0.09334591709572984,0.42767858733678954
2020-06-08,0.6245119272711023,1.075188556746874,0.4605176235599774,0.8603364421725951,0.13374462571791965,0.4310288763754431
2020-06-09,0.4567844645600363,0.3703552797909132,0.46142397552902936,0.29634815377798357,0.16472379767984116,0.41791080764000266
2020-06-10,0.3724958773317114,0.9906036382753973,0.485208827986218,0.7926539065256486,0.18967969660301545,0.4312764534563882
2020-06-11,0.2800880745832034,0.20054748542009615,0.4717183491629058,0.1604726064189375,0.21463938215733805,0.40974194093628846
2020-06-12,0.4119712840311743,-0.03757919472102267,0.4639430935482895,-0.030069842617945975,0.232055638883346,0.3970428362633995
2020-06-15,0.3075471086466322,0.3680423028951712,0.4542355538533757,0.2944973730002092,0.2515667298749971,0.4157304766450099
2020-06-16,0.4503193133277948,0.3457346265626444,0.5089094051773154,0.27664738123027055,0.2749452377795261,0.39524938429653195
2020-06-17,0.3595134669923169,0.8944365488097914,0.5293482481864308,0.7157036347935332,0.2994134688751452,0.46420932480033017
2020-06-18,0.3735614219130409,-0.10817456965293337,0.5107765244116237,-0.08655832858781583,0.32169832230109136,0.43409914716847975
2020-06-19,0.7965952764932687,0.8516554601697842,0.5062562917003723,0.6814713791004704,0.3683592921531919,0.47196774372936023
2020-06-22,0.5870962218715731,1.1113370252903927,0.5194798492412542,0.8892614568796112,0.39377066129651406,0.4805960447834898
2020-06-23,0.7218568759758199,0.5969610154144629,0.5180508456681472,0.47767185847973104,0.4330530657266857,0.4821355237743307
2020-06-24,0.7591018314666433,0.4453154043526807,0.5073711427005161,0.35632919288559034,0.47321201617293096,0.4685440688382508
2020-06-25,0.6489512563129495,1.3305926519350386,0.5418675514176585,1.0647038056379663,0.497949803567595,0.5417365903667098
2020-06-26,0.6144414226950514,1.0893664631081488,0.5822598479447847,0.8716812146218307,0.5185105491037534,0.5582218962689453
2020-06-29,0.463332635531879,0.9180856305895405,0.583421124953454,0.7346269824718215,0.5138590921996702,0.5622956267521472
2020-06-30,0.5238781979679238,1.0040188146685218,0.6474007982054772,0.8033883633395298,0.5194961637022597,0.5904362579953547
2020-07-01,0.4561785295790878,0.6260241510944092,0.6455333670688145,0.5009273838407129,0.5190382009693291,0.5858669847952594
2020-07-02,0.581456255482499,0.8739752374740034,0.6794052335569633,0.6993310537366071,0.516892551719483,0.5781583741977343
2020-07-03,0.5778363526468868,1.1163096014130829,0.6871191208379267,0.8932403761333388,0.5250861564473707,0.5830429251346962
2020-07-06,0.6811727967262035,0.7376312905959312,0.6931548835354461,0.5902323608303492,0.5261281234003237,0.5639474645081416
2020-07-07,0.7064698135965166,1.1571557231766223,0.7049929366180023,0.9259243243153369,0.5300308798920101,0.5670706969911293
2020-07-08,0.7240094020161719,0.9909132472166107,0.7576999303050197,0.7929016471226601,0.5427558769137308,0.5907161014361139
2020-07-09,0.5836072533247922,1.0070348335625472,0.7693770735502458,0.8058016990735539,0.552808799580068,0.591342186795538
2020-07-10,0.4809192208326712,1.120334383049228,0.779682443847333,0.8964608961915502,0.5623721874967094,0.6263892482132815
2020-07-13,0.5144461343284792,0.9760804288089738,0.8033689048285997,0.7810328319868022,0.5672519422727715,0.6650131850992219
2020-07-14,0.3690704196926129,0.19069514359240602,0.7848606863581711,0.15258903226637266,0.5701816237511516,0.6582556450642771
2020-07-15,0.5165740957111281,0.7871573611335757,0.775223177951965,0.6298617663460342,0.5733366133884532,0.6750753776888375
2020-07-16,0.444377331962116,0.8732332008009497,0.7713936913264957,0.6987372963093627,0.5773777498155864,0.6742674568086388
2020-07-17,0.4857588101967544,0.7041924139411916,0.7535741385171679,0.5634754873583785,0.5827204825910014,0.7052214480441719
2020-07-20,0.546211599184742,0.9851603066307519,0.7505731968466305,0.7882983015935342,0.5707974503382144,0.7103084443533654
2020-07-21,0.669339409455292,1.393382212148222,0.7846740945918741,1.1149462924096234,0.5747137926041057,0.721055341283366
2020-07-22,0.5919639136933786,1.1471397591866554,0.789891965288916,0.9179098241888389,0.568528413447799,0.7420190539361806
2020-07-23,0.6113636698426874,1.0207417074976037,0.8172317726914996,0.8167695642731936,0.5614932628942773,0.763944785907019
2020-07-24,0.5389860417267828,1.2499478353197864,0.8601493403595266,1.00017403160805,0.5562568241044599,0.7608719395246419
2020-07-27,0.4562452526326999,1.0095205806974272,0.8815319496196018,0.8077907258658721,0.5487236731491097,0.7578295352981678
2020-07-28,0.5126262148151867,0.8183893690977735,0.897287107704106,0.6548527639205647,0.5510709864483149,0.7540307629862031
2020-07-29,0.5950281540990343,0.7309738038657284,0.8918383495393041,0.5849052222449054,0.5544590795974154,0.7436268038864591
2020-07-30,0.500896259361277,0.7640097652925374,0.9209111607041529,0.6113396939841569,0.556588495301329,0.7488845329409088
2020-07-31,0.4995580331822459,1.218096022926524,0.9331258461293775,0.974687083500938,0.552688579953698,0.7619967248344485
2020-08-03,0.5199094888953565,0.6913822702648601,0.9191273542951932,0.5532251611574,0.5499301578702918,0.7458055241213084
2020-08-04,0.5628198313955034,0.4142821756952064,0.9130380596378848,0.3314972530693023,0.5442943023783536,0.7334848047041157
2020-08-05,0.6700787805054875,1.1601727946340097,0.936866639313929,0.9283385022817419,0.5425613960406857,0.7335997655596588
2020-08-06,0.6628592985421481,0.9733123541993237,0.9249572960560718,0.7788178944798964,0.5396494863514464,0.7329291106719081
2020-08-07,0.7460647076604014,1.1050182197618985,0.9254790212778635,0.8842053217179672,0.5473855556055232,0.7366626165121183
2020-08-10,0.7211050315324198,1.0160144358736112,0.9287433147873325,0.8129869309623681,0.558822975162654,0.732687665786919
2020-08-11,0.7857551579067313,1.2934408763197731,0.9383907168423742,1.0349759720848075,0.571742452475904,0.7447801962677766
2020-08-12,0.6885838227834962,1.4008110825710256,0.9642169478915947,1.1208906711037698,0.5869573764326128,0.7908897981171764
2020-08-13,0.7128407753294004,1.3122603827172739,0.9788264527330371,1.050034825786207,0.5963034087953877,0.810898039042899
2020-08-14,0.7742705441996834,0.5198919379631772,0.9589458639513737,0.4160032930175215,0.612012609378129,0.7974345150766208
2020-08-17,0.605966062487487,1.126920239868343,0.9719221622604539,0.9017307184835202,0.6177367642491163,0.8135419070349609
2020-08-18,0.8130275622933947,0.7992396344146161,0.9599916259683872,0.6395296705873315,0.6304422863019092,0.8064576865108558
2020-08-19,0.9146942173268484,1.4637408579731956,0.97575254632694,1.1712453542302659,0.6421258485815071,0.8091385942166008
2020-08-20,0.8790016927936268,1.4911540963667331,0.9918898550870794,1.19318067696034,0.6557943142529475,0.8222467300628628
2020-08-21,1.0078555463435364,1.4646565330994905,1.0033672600887549,1.1719780523932057,0.674674879800607,0.8391614199733395
2020-08-24,0.8688646885408936,1.062564284120984,1.006250055265822,0.8502348448966374,0.6903833867917551,0.8320214587013676
2020-08-25,0.8514917918454286,1.389141380555903,1.0461982631646052,1.1115528950923863,0.7092046505637898,0.8464863239026301
2020-08-26,0.8998017425421514,1.3917223152117044,1.0663504283005427,1.1136180883325102,0.72764158045555,0.8683322917317704
2020-08-27,0.9780937288177212,1.582122188204971,1.0899800612140103,1.265970853150584,0.745882798299297,0.9007639884415646
2020-08-28,0.9079882123641942,1.4734950987859867,1.11562348404217,1.1790504306369216,0.765268129394674,0.9277978330440773
2020-08-31,0.8729724706777917,0.24105625588403035,1.0908200156839458,0.1928866153283834,0.7830497692754144,0.8905692393215746
2020-09-01,0.6088835901156985,1.0832140791846068,1.0804810779184921,0.8667582454714939,0.7872866312382879,0.9054993861936742
2020-09-02,0.5348155272508466,1.1185001304357742,1.079526423626796,0.8949931774759797,0.785953092945685,0.9323325254511352
2020-09-03,0.5405043678227631,1.4423048416859996,1.0935785280997428,1.1540928409607056,0.7797828828179363,0.9430827320548952
2020-09-04,0.4651586583370177,0.856434314977517,1.0804614107550001,0.6852952878624683,0.7703685666176919,0.9386292745969226
2020-09-07,0.4562918165591308,1.1269372028269422,1.0843752981593175,0.9017442917785095,0.7565698575176315,0.9394644636474245
2020-09-08,0.5410504459443639,1.0357248616190646,1.0916198145766935,0.8287586739307438,0.747995829632486,0.9402154990268711
2020-09-09,0.4933160369905926,1.3689271298512788,1.1128849254428785,1.095378005187475,0.7340701572079079,0.9430917863174741
2020-09-10,0.4012534686557663,0.9466302450294091,1.118972274767441,0.7574676013347011,0.7203877593923017,0.9257859258522805
2020-09-11,0.4434866558932726,1.3592950761661888,1.12367890987543,1.0876706995746637,0.7075613727524862,0.9275781103183975
2020-09-14,0.7229515731436671,1.0420055067072365,1.135366351090176,0.8337842741529554,0.7051176122260092,0.9474724427534181
2020-09-15,0.6972752359997311,1.0221659063255961,1.1556291421111888,0.8179091691777777,0.7094656681075446,0.9434809404055258
2020-09-16,0.5617917326788574,1.0518130227491098,1.1520171497150256,0.8416319799391344,0.6975020571735191,0.9531048598984687
2020-09-18,0.8806707545480886,1.2256345006915788,1.160427887931434,0.9807191669890729,0.6958818922792924,0.9440321843155547
2020-09-21,0.4119304116484689,-0.07023242927956974,1.1212528662967185,-0.056198066797085305,0.6736404027009515,0.8845379584223438
2020-09-22,0.4641140946253193,0.7762089162987378,1.1132593489775562,0.6211011205807678,0.6477479526191317,0.8583057235741326
2020-09-23,0.4276901470520761,0.907541221614886,1.1003960271540596,0.7261896351385176,0.6267396411196641,0.8523988088237461
2020-09-24,0.2460323360216998,0.20802631246655412,1.060636534817244,0.16645695903541408,0.5979082384613913,0.8073942404400806
2020-09-25,0.3552506375077826,0.07121284763524743,1.019268283647843,0.05698257071937235,0.5719772334597547,0.7570782634108836
2020-09-28,0.4522087708764611,0.46454468257162973,1.0174233751347916,0.37171593477809395,0.546935092605409,0.7144946958693364
2020-09-29,0.6165688470380257,1.0807699676756857,1.0158850327283697,0.8648025343669966,0.5330579799708296,0.6995305103326734
2020-09-30,0.3565367812704292,1.076656567511706,1.025132263831606,0.8615111041893746,0.5084658042847646,0.7313697717070062
2020-10-01,0.3705520134819692,0.6368061984257749,0.9975677751800253,0.5095548828800163,0.49711668158792044,0.7143600877740787
2020-10-05,0.3909120366364331,0.9501254241253843,0.9795334861053137,0.760264347941906,0.49026413441580546,0.707944429224837
2020-10-06,0.4168117875197061,0.8808976474853774,0.9600748565848432,0.7048701766774844,0.4843740115442314,0.686552873782779
2020-10-07,0.4183005826932033,0.9470219194209845,0.9562234444281766,0.7577810084579667,0.4821426746088116,0.6900045747635171
2020-10-08,0.4418959022048315,1.1486006263174848,0.9482054192868961,0.9190787700652975,0.4814571548776545,0.6908300261105069
2020-10-09,0.4801261172324044,1.1324027153745946,0.9395614326256589,0.90611764526185,0.47855599636756124,0.6945137866500835
2020-10-12,0.301048101651068,1.061597809241503,0.9222106199935435,0.8494614981622026,0.4694003803990124,0.6828034767917371
2020-10-13,0.376334537701194,1.1862678587673936,0.9126363786595902,0.9492190580632397,0.46821376463927084,0.6919344985407151
2020-10-14,0.4769583748690278,1.0190163017396867,0.9385683801881122,0.8153889418309666,0.46980765601906876,0.6789687005529201
2020-10-15,0.3104506659157092,-0.21868053649764507,0.8951718929987037,-0.1749821773699084,0.4501647556748803,0.6309322028613551
2020-10-16,0.2552225231163739,1.0288380161327662,0.8921831558552701,0.8232480087489998,0.4291146264899585,0.6311864333171275
2020-10-19,0.3361200833990752,1.1287819633005072,0.8817323932424205,0.9032204185960134,0.4183683574766355,0.6341192161103123
2020-10-20,0.4257771286464126,1.0712396252435925,0.8888925702512896,0.8571766153137641,0.3967067562432224,0.6282362374591071
2020-10-21,0.5429685255173646,0.845540168198905,0.8795126690970217,0.6765780899149982,0.4029466664274556,0.6631303401596825
2020-10-22,0.6095820838111684,1.1680931380543365,0.8839249449781974,0.9346761442109364,0.40987371353154356,0.6780624841420715
2020-10-23,0.5343738374768047,1.2963583499150748,0.8815059856469906,1.0373104545691716,0.4149538892660545,0.6928777612578169
2020-10-26,0.3772754302379746,0.37887800986176234,0.8625809111414023,0.3031678090103057,0.42120356041921037,0.6993878017328118
2020-10-27,0.4824729877470812,0.8708317691170091,0.8462988009064297,0.696815736432151,0.42726176757346274,0.7298560477191345
2020-10-28,0.3719361180959106,0.6690482081783183,0.8338668909554658,0.5353540562295963,0.42343926029819845,0.7376483392168252
2020-10-29,0.1375368529192051,1.0439615254869399,0.8345934115941773,0.8353494268205437,0.40062821295920703,0.7362458102860417
2020-10-30,0.2967795264764896,0.8326954975830153,0.8272894940886407,0.6663001362024059,0.3977826293975908,0.7269500499057098
2020-11-02,0.3027181776071467,1.025135973414766,0.8206062098460803,0.8202857355358141,0.39455244673688494,0.7417467571750335
2020-11-03,0.3606276352586273,1.150812868038016,0.8613077197566665,0.9208489453142104,0.3931103323855609,0.7493936427641908
2020-11-04,0.3318317318549815,1.0481425114880696,0.8703721729296443,0.83869493733441,0.389063663068193,0.7557662504145207
2020-11-05,0.5218772868552225,1.030284414548897,0.8744636126941112,0.8244053771561406,0.39399588707590827,0.758938839400148
2020-11-06,0.7068002094027745,0.9458312676682049,0.899057111200833,0.7568282815279552,0.40661037789485793,0.7512126256602746
2020-11-09,0.6252713863904882,0.947535802539355,0.9282678763643033,0.7581922036580804,0.41352205737857617,0.744168557012476
2020-11-10,0.699141038284043,1.2984572300899888,0.9560649612815819,1.0389899210133604,0.4324788638849083,0.7531937200053883
2020-11-11,0.7426515982622693,1.3157090553967432,0.9638962642056171,1.0527943592323679,0.44992253343543576,0.7581258772039182
2020-11-12,0.8224930119935215,1.337206400568201,0.9725812586408337,1.0699959461957997,0.4663765637746973,0.7702500202689102
2020-11-13,0.6928305729876824,1.195559108339241,0.9912063556379491,0.9566536615565716,0.48458513077812465,0.8241374411701712
2020-11-17,0.8142868689973926,1.2537598192517216,1.0013275021421604,1.003224276770204,0.5112072424867445,0.8327077396473713
2020-11-18,0.8998022271839617,1.4667607112535483,1.0208562709344329,1.1736617581352355,0.5380492493336438,0.8455858986730486
2020-11-19,0.9327443001610116,1.0372184264722994,1.0238628211694767,0.8299537836293382,0.5621905432152915,0.8442895733547425
2020-11-20,0.808456958022488,1.2065958893198405,1.0257959966028884,0.965484991486846,0.5748328495250592,0.858047044858164
2020-11-23,0.8332988394635515,1.2820904783102502,1.0307855887007435,1.025893694395486,0.585486028365649,0.8623907377240949
2020-11-24,0.9017192221372724,1.2203792404707179,1.0360783030750509,0.9765140516604776,0.6029786657304331,0.859495670918919
2020-11-25,0.9143094569141742,0.5481805602548776,1.014808726457967,0.43863907397304325,0.628551714619776,0.8659466835361921
2020-11-26,0.8501555225074574,0.7361345495348415,1.0053793347178055,0.5890347096172004,0.6460604067512224,0.8608142536878612
2020-11-27,1.4325285126668217,1.8116759947653298,1.0730578857599047,1.4496535234915502,0.6965648064926944,0.904352323557478
2020-12-01,0.948413030787757,1.0106082191843675,1.0724502258616246,0.8086610244012801,0.7351779578197682,0.903081447251799
2020-12-02,1.0713874136857684,1.5048098618530286,1.0849844891467089,1.2041076465787384,0.7720640476868769,0.928691328698291
2020-12-03,1.0262328757619823,1.594851297190627,1.1024382115449431,1.2761563376109852,0.8065171285513928,0.9503994526066324
2020-12-04,1.0552510211711432,1.281165545980758,1.1169590574710049,1.0251535888720293,0.839594432642465,0.9553663403950998
2020-12-07,0.9868608684277174,1.2770138752975173,1.1205897487124443,1.0218315356728225,0.8707862962887857,0.9640871307921672
2020-12-08,1.0050187969355615,1.3114816280672428,1.1210938579841832,1.0494116876392012,0.8937930348640399,0.9748017170056462
2020-12-09,1.033677758564518,1.1300038125889298,1.1461313847417556,0.904198108939792,0.9093586324431706,0.9818193278347813
2020-12-10,0.915482191909684,1.3677485418760393,1.1626952771670565,1.0944349313619193,0.9231781946107512,0.997830886296869
2020-12-11,0.9819119030088448,1.476249625371448,1.1896019910734943,1.1812545273858452,0.9366434738833609,1.0046053913622255
2020-12-14,0.953311969090766,1.3350671725646102,1.1993055126427496,1.0682841945239128,0.9466749201132895,1.0053430025665846
2020-12-15,0.9563069940905192,1.251104387865785,1.2132524756521756,1.001099473286504,0.9530470144988608,1.0020622181423324
2020-12-16,1.0554227677154822,1.144685132036016,1.217237447606217,0.9159456987557792,0.9703133094858989,1.000123743723247
2020-12-17,0.965527946525996,1.1396952801124391,1.216866861342031,0.9119529558792301,0.9775152655586894,0.9957774903474863
2020-12-18,1.0737429537028187,1.3718873339557651,1.227658355424288,1.097746679455237,0.9857981572976826,0.99216248660082
2020-12-21,0.9455497646393032,-0.39240477903478144,1.180235382304832,-0.31399155931101075,0.9864079413204585,0.9376888988417557
2020-12-22,0.8257683424373305,0.791189273212939,1.175080649156323,0.6330879919896621,0.9872322929592604,0.9218604702942708
2020-12-23,0.8116753003418534,0.7771338399850409,1.169400583737846,0.6218412191881812,0.9862026006201319,0.90261987623678
2020-12-24,0.8546920313244893,0.9303257775320788,1.1571295353192488,0.7444212128941345,0.9839632105814279,0.8915678362955255
2020-12-28,0.9325294114941544,1.0472791886627424,1.1481818730947821,0.8380041300491877,0.984830827466189,0.9105852199181991
2020-12-29,0.8723161793911494,1.1827938834805525,1.1430347891918606,0.9464392781634987,0.9858860968416029,0.9276044850870704
2020-12-30,0.8723678091935295,1.002724585170597,1.1366069717529057,0.8023527563340308,0.9592117776285889,0.8967806390319504
2020-12-31,0.9087958748547036,1.3925644911093176,1.1412337941481592,1.1142919744252233,0.9573252463936817,0.9113344937949954
2021-01-01,0.8450241039436791,1.2045629055187037,1.1324938672903309,0.9638582535165716,0.9465460411678679,0.8998940465063208
2021-01-04,1.0887564677479429,0.9433172746645276,1.1293638288967385,0.7548166531648571,0.9495233550719613,0.8750683472469812
2021-01-05,1.0297423018220813,1.1208846101308123,1.1265067862571039,0.896901172835853,0.9483086541505773,0.8689610893404967
2021-01-06,1.1447166760452587,1.24644150334323,1.125318487091537,0.9973683607711935,0.9558255973704604,0.8677961762499431
2021-01-07,1.0831401659818027,1.4275639442876173,1.1322246438854333,1.1422975784994618,0.9595456625631384,0.8722193139099554
2021-01-08,1.2091007526896147,1.1753078787817688,1.15312888783633,0.9404491821861705,0.9678991384738573,0.8739455554931161
2021-01-11,0.9781249487792694,1.499690741711615,1.178580760908889,1.2000114668139135,0.9708821268962184,0.878973009562259
2021-01-12,1.1273614631456153,1.696478766395584,1.1747408532965642,1.3574758556937858,0.9778082964265409,0.8873645013864465
2021-01-13,1.2073440365607744,1.58282222761308,1.1938146535775211,1.2665310055163936,0.9899050615441605,0.8968048257194219
2021-01-14,0.9692311892797474,1.4800203801239133,1.1929883375198842,1.1842717820875293,0.9905204994103142,0.9055273166147086
2021-01-15,0.9028074912770802,1.1827729832072225,1.179252393720437,0.9464225543370738,0.9832531052941997,0.9069785954519132
2021-01-18,0.8854018470816377,1.2228094597622916,1.1773071908464883,0.9784586465930517,0.9794375767492303,0.9101455331049524
2021-01-19,0.902218509061222,0.8530588173184558,1.1631753555805195,0.6825943070639512,0.9712697460520113,0.8903763725148912
2021-01-20,0.9682857178181348,1.363121187663166,1.164896674233717,1.0907322492275213,0.9723524104890986,0.9572679824452974
2021-01-21,1.0339904448991664,1.2920741963418871,1.1702990203588155,1.0338823921890907,0.982267748701567,0.9763534300738416
2021-01-22,0.97212699912314,1.0944030689480602,1.1611875045945497,0.8757113687020096,0.9899083057863901,0.9884424848125954
2021-01-25,0.7974197069419345,0.9325631339838362,1.1430646215482958,0.7462114842632801,0.9871810522443638,0.9885277358301737
2021-01-27,0.8766087462154399,0.655723057242573,1.120419817704228,0.5246916353216226,0.9845181634215678,0.9736080932240992
2021-01-28,0.7606166263061557,1.1518168106757316,1.1171102317978927,0.9216522727228379,0.9791991370841873,0.9724277596316868
2021-01-29,0.8943287748433878,0.6706560529702966,1.1013092624957024,0.536640609605947,0.9802448973532281,0.9597748002636828
2021-02-01,0.9051580684419326,-0.2640871058387211,1.0545165162973302,-0.21131527082875312,0.9800716684764293,0.8966506457277793
2021-02-02,1.13282750592803,1.1426480451273675,1.046875206669717,0.9143156775912258,0.9937765923804461,0.8942914754456197
2021-02-03,1.1753380892693697,1.2662984832103286,1.1021653154112205,1.013257372334748,0.9978995267386094,0.9065981763584718
2021-02-04,1.2080807857275755,1.564920802112077,1.1279563663745253,1.2522067750093753,1.0063918354960137,0.9235174907476872
2021-02-05,1.1236729414575723,1.7758714544001482,1.1612476201883621,1.4210037106953584,1.0053897528966,0.9436906026488378
2021-02-08,1.0814059997898735,1.4687085624101464,1.179193713017631,1.1752203752944617,1.0053071735541272,0.945258354877171
2021-02-09,1.1523617904700698,1.5387346824739225,1.1955755628113371,1.2312533591062522,1.0026053182103394,0.9591061728257464
2021-02-10,1.0994595818416504,1.4425728599319663,1.2042348620263843,1.1543073018222219,1.0083831578799767,0.9569297840166183
2021-02-11,0.9723964551432452,1.3543945976545793,1.2159571957758504,1.0837494708551378,1.0010038717846257,0.9438951942623969
2021-02-12,0.9762686496266808,1.446004770597862,1.2177385384254684,1.1570534227641005,0.9900002819306212,0.9386819760360974
2021-02-15,0.9657301256539168,1.203010825185192,1.2176868024143512,0.9626163213329372,0.9898335646151055,0.9281269540954024
2021-02-16,1.1314331325601654,1.4941950387855476,1.2360493945517184,1.1956139558164414,1.0007204999143,0.9399932113087056
2021-02-17,1.1416020499585346,1.2495278850199067,1.2403375037146884,0.9998379988772136,1.0129205095751046,0.9410112757031894
2021-02-18,1.2451910048694046,1.5733571977400083,1.2512346935279146,1.2589573477844942,1.0292525331850182,0.9684571347851202
2021-02-19,1.153824482649373,1.2288942574775983,1.2446123706342471,0.9833275351102119,1.0380877124626962,0.9633426245890578
2021-02-22,1.002032939155075,0.4449546939551304,1.2202672644733594,0.35604056230248404,1.0365659264748823,0.931064442213505
2021-02-23,1.0164329279616071,1.4731758588108155,1.2193834350433326,1.1787949835502551,1.0386757326100473,0.9454969953015168
2021-02-24,0.7828449863432707,-0.3764332755179448,1.150286366979548,-0.30121159953037735,1.0379816982958252,0.895619705597057
2021-02-25,1.2419817786784602,1.7648234686262683,1.156353075013321,1.412163414996312,1.0553804141273977,0.9378802665339468
2021-02-26,1.1344871648183958,0.4325924011648924,1.1214388090480205,0.34614859411745325,1.0731837731041711,0.9104753294575
2021-03-01,0.99314510913743,0.8644833166276513,1.110829153495368,0.6917358785842204,1.0778893128324587,0.9178608184564654
2021-03-02,1.1055340618670833,1.205454503113233,1.1102506549403997,0.9645716854978866,1.0874310268050849,0.9738554354244006
2021-03-03,1.307607411158447,0.634104176731263,1.1029521669208264,0.5073927991071354,1.095753879435105,0.9544781554965868
2021-03-04,1.2121245433358252,0.9532532887697582,1.0892899036243795,0.762767179582786,1.0975056153430311,0.9425500510798267
2021-03-05,1.073405200303175,1.1639188483157163,1.0850180586901739,0.9313359918629724,1.0910924922275835,0.9272704899776171
2021-03-09,1.026460431400686,1.2674696006597028,1.090786943080562,1.014194468450065,1.0864633250820175,0.9078986212992697
2021-03-10,0.9527087730538888,1.1618563371947968,1.0984300498542605,0.9296856269399284,1.0803348857136374,0.8962064904252443
2021-03-12,0.9869279952881144,0.464490604591118,1.0920556347658785,0.37167266305885793,1.0724570859430682,0.8552740763277494
2021-03-15,0.8963795033153059,0.7079150850067398,1.0772589105769124,0.5664542668104245,1.0627866060132423,0.827281074660521
2021-03-16,0.9040520654711324,-4.47021277430844,0.9058966163342878,-3.576941858123237,1.0595321112669511,0.6053433923282173
2021-03-17,0.8446151040578974,-4.76141015753335,0.7559858479444669,-3.8099500305796976,1.0532628948112948,0.3688194183594651
2021-03-18,0.8748140190530296,0.4351964385754344,0.7324041277260691,0.3482322735493182,1.0489335564017286,0.3395630351316737
2021-03-19,1.2406433551777465,0.7733327726940956,0.7159719373755279,0.6187997092232269,1.054134043193042,0.3120956900558063
2021-03-22,0.8034189652054727,1.225193130726441,0.7046476816626736,0.9803659948286126,1.0380300867762295,0.3111684517677777
2021-03-23,0.907829994828604,1.1131109962626988,0.6825556663914251,0.8906809398765743,1.0219652767742866,0.29363147996263866
2021-03-24,0.8325744046225563,0.5478331021756973,0.6518598177169435,0.43836104753222005,1.006667654011105,0.2676806948398771
2021-03-25,0.9066227993202006,0.6900832527538816,0.6235714367262754,0.5521857229149613,1.002124314018968,0.27702094058332843
2021-03-26,0.8056348371024593,0.9112084708725305,0.6058592904242943,0.7291240675774454,0.992086309692342,0.2556080398227184
2021-03-30,0.9168909060132964,0.7222838077555543,0.5847889307609934,0.5779517253080132,0.998469448724248,0.29747296005311796
2021-03-31,0.9038166186847962,0.9935743045873355,0.5697079152273093,0.7950309523653363,0.9823663458674068,0.26808569992783343
2021-04-01,0.910382949152546,0.7979461528353504,0.5562057594823144,0.6384946620458638,0.9716947165499854,0.28200694125775777
2021-04-05,0.8430339400399999,0.25333649137649333,0.5148438079020127,0.20271292351063697,0.9645465656405838,0.2587201338733014
2021-04-06,0.897133688842074,1.0604733334099408,0.5085419895150138,0.8485617233923126,0.9546227383536787,0.25319584996351213
2021-04-08,1.0043653768112488,1.0347599791619506,0.4905887488957452,0.8279866014090831,0.9401826414800025,0.2684622215017002
2021-04-09,0.983274400855136,1.347855211754696,0.49455411403831523,1.0785168333202653,0.9292850156475888,0.2834979192987229
2021-04-12,0.8350927138374772,0.0655056275991357,0.4819058118264487,0.05241580952222869,0.9179368020063653,0.24164457728249708
2021-04-13,0.8234871066153101,0.8440617151645838,0.4609353403715743,0.6753950722801049,0.9082714055880139,0.2255112727029752
2021-04-15,0.8327744441345855,1.0554585426282357,0.5086650676431136,0.8445490251243679,0.902560247068047,0.22145714880699607
2021-04-16,0.8934889221261558,1.4363805839682267,0.49771697148784555,1.1493524121536474,0.898110767393668,0.25848951781150986
2021-04-19,0.8011451107069318,0.7601561118620681,0.508635761844418,0.6082561060302751,0.8935757963170788,0.2604800815838837
2021-04-20,0.8733790147969565,0.6451104077363085,0.50132333154804,0.5161996837834945,0.8921151748564039,0.4553915835794423
2021-04-22,0.8815427038622441,0.8057380777489647,0.4879994507025644,0.6447295470023572,0.8938736319899443,0.6675191825119212
2021-04-23,0.9245137468833756,1.0828963974139998,0.502959191391989,0.8665040452174528,0.8962402856961511,0.6921987906865942
2021-04-26,0.8595911828418974,0.9997161585706346,0.5045079537186848,0.7999454957458226,0.8780949441563488,0.7008247805210035
2021-04-27,0.9448157128785216,0.8524744054687606,0.494126472290453,0.6821266767042573,0.8848281226169702,0.6866229082293676
2021-04-28,0.992045044348974,0.7794653407130661,0.47785966362556503,0.6237068222293269,0.8888383630703209,0.6739098550080701
2021-04-29,1.0221859413207126,1.1206714884089992,0.47648683533270514,0.8967306386697815,0.8978674838654713,0.6957369783955729
2021-04-30,1.057709904794273,0.8300098895782108,0.4886708114989416,0.6641511862145874,0.9050621079356653,0.7010686671241266
2021-05-03,0.9570881005323728,0.9427167419732163,0.49649753339782415,0.7543361233491247,0.9122741680989945,0.7022692412084923
2021-05-04,1.130189522493378,0.7679885806274191,0.6711042452290195,0.614523433066752,0.9224312450742366,0.7040107511017656
2021-05-05,0.9937613107012252,1.0782105682502563,0.8657582694218064,0.8627545730285364,0.9267143256464474,0.7072356854190609
2021-05-06,1.0322586296823395,1.1561609341433174,0.8897904192740691,0.9251283213703136,0.9325179294811994,0.7208849072916537
2021-05-07,1.1245788215574384,1.3220094200777335,0.9080796408535237,1.0578357385327888,0.9459248286010775,0.7616050413403276
2021-05-10,1.1371570517942264,1.4296886131307884,0.9148961569336685,1.1439976803298415,0.95735451255118,0.7756734202421146
2021-05-11,1.164919267367109,1.5033662050827235,0.9279046638943361,1.2029524719615152,0.9649999359109829,0.7935289378874686
2021-05-12,1.2096289675089542,1.2800431166325987,0.9523116643762327,1.0242554516421214,0.9757787247992601,0.7909450625694618
2021-05-14,1.1086431904735723,1.4736691597188813,0.9784311946083994,1.1791897094292676,0.9888049379724073,0.8446009625650349
2021-05-17,1.0945324356905792,0.8709407000735323,0.9770889355817662,0.6969029000008009,1.001711858404563,0.8456251448374491
2021-05-18,1.176720029888798,1.4218079025193244,1.0004064054072253,1.137691751489069,1.018090219630954,0.8595843222833872
2021-05-19,1.1702454134512112,1.431306916296269,1.0149974924641898,1.1452926022102963,1.0312691001702425,0.8593909980003706
2021-05-20,1.0472160929210816,1.0230461764004972,1.0225008265830278,0.8186135371880574,1.0429867659899639,0.8694080185316935
2021-05-21,1.1426119029138917,0.936320028626164,1.0452669444913503,0.7492176484843514,1.0558073797098178,0.8805041120888771
2021-05-24,1.2135001351785546,1.5896629329701673,1.0629065978100243,1.272004750630157,1.071614876439166,0.9103743598806773
2021-05-25,1.2056992184114672,1.3285249034322288,1.072698761952367,1.0630492499053443,1.0850046607976467,0.9197336553420054
2021-05-26,1.1902833204622942,1.0627914155288165,1.0631966354115043,0.8504165892298468,1.1007519054462367,0.9221370407460063
2021-05-28,1.1599319423301655,1.339607806310783,1.105666708035226,1.0719174853154467,1.1109955354201246,0.9406985078227298
2021-05-31,1.1448816928879335,0.8324661565214705,1.105280189413789,0.666116623764801,1.1182734710648372,0.9427180221815619
2021-06-01,0.9857573233792029,1.2951758842780152,1.1132707674687814,1.0363642779448061,1.1165387749723843,0.9493672430994202
2021-06-02,1.1621885883322456,1.3290988579781777,1.10969470993578,1.0635085126169235,1.1215139503789544,0.9683842586423885
2021-06-03,1.1919214367382445,1.2078579209039455,1.1246181035705092,0.9664948346033533,1.1326964901982817,0.9784870544163995
2021-06-04,1.252179680911318,1.3455395174866294,1.1479657405621864,1.076663878175564,1.1385055453610406,1.000493742278724
2021-06-07,1.2761627893272218,1.2330810037035116,1.1622105047606714,0.9866776547982229,1.1519532348194215,1.0063948414106136
2021-06-08,1.2658206992548802,1.326412394021814,1.1703277046475984,1.061358877720105,1.1630752381323997,1.0128820107606036
2021-06-09,1.3245369669508182,0.9542310137311149,1.1688115331529478,0.7635495283246866,1.1725970545797033,0.9988683817030751
2021-06-10,1.1992658900627342,0.8814441011309202,1.16977718967502,0.7053074339215915,1.1755546183067753,0.977978369969349
2021-06-11,1.175893304412401,1.2298048996863005,1.184788508307461,0.9840562060703061,1.1760771914994081,0.9675547382602436
2021-06-14,1.1451437882170603,1.0463257049273966,1.182310315524741,0.8372411784725649,1.1730064686759845,0.9586492966807411
2021-06-15,1.14240461027911,1.2059544540287628,1.1948418010064261,0.9649717325307802,1.174614155333391,0.948448440637956
2021-06-16,1.1451055070961076,0.9327606322166713,1.1945099306812077,0.7463695169412755,1.1770223968288924,0.9508039938255977
2021-06-17,1.0819124409866183,0.9973557666681587,1.2021555035492324,0.798056774777983,1.1725077497383125,0.9346308996964984
2021-06-18,1.2937001205899834,1.1839466945974715,1.2056800410941397,0.9473617260528513,1.1783865453163491,0.925205619879477
2021-06-21,0.9346436423092384,0.7223321561938716,1.1912190818291581,0.5779904124044722,1.173025952430071,0.9137473758421635
2021-06-22,1.1019423675307112,1.0433618719672597,1.1819308302254756,0.834869600493877,1.171089307888015,0.9178260402235694
2021-06-23,1.0780863819122777,0.6557017026877728,1.1561312665440415,0.5246745479916043,1.164641033922954,0.8822388877169717
2021-06-24,0.9631362438034052,0.9049946373362501,1.1361855476191594,0.7241519281296157,1.1530904160844748,0.8661009200133656
2021-06-25,1.0279107497964746,1.047690827745952,1.128440471322938,0.8383335123720235,1.145358388909912,0.8655255354010882
2021-06-28,1.0287349951336942,0.8397910830733065,1.1073112021014186,0.6719778294196019,1.1391109152338896,0.8464807898822384
2021-06-29,1.0053254200088269,1.1383658971415604,1.1162253753370197,0.9108892200272497,1.1324653784301226,0.858136627799498
2021-06-30,1.1091413483408086,0.8959698686327995,1.0986974408741355,0.7169305553303652,1.138340808190199,0.8429254981511912
2021-07-01,0.9897789909788388,0.8198469329714257,1.078315441429974,0.6560190666210802,1.1301308273638464,0.8235212388180558
2021-07-02,1.0763208989564266,0.8975654933127541,1.0741327519937158,0.7182073305076871,1.1246260398504264,0.81169802433731
2021-07-05,1.059713707442891,0.5069265936440838,1.0598196374943132,0.40562877951192655,1.115460993494787,0.7797439720199938
2021-07-06,1.0903604227422845,1.312188178138411,1.0505704789999213,1.049977049659315,1.1066132617526472,0.7827582289181411
2021-07-07,1.0241480753674022,1.0681989910079135,1.0418929485857773,0.8547435830573689,1.0951050415675292,0.7729194053627727
2021-07-08,1.011373040790857,0.5274945891542144,1.0240497210399573,0.4220867263239234,1.08019247365515,0.7566592719341648
2021-07-09,0.8956952264777137,0.8803029381166408,1.0087395587668193,0.7043943065250216,1.065736727770149,0.7566157896771853
2021-07-12,1.0048601260570622,0.770475598546809,1.0066732068343307,0.6165134767060381,1.0575922907056092,0.7391137549455534
2021-07-13,1.020759531899578,0.7051912959558732,0.9870070538902592,0.5642747653950249,1.051669230880967,0.7261153543228135
2021-07-15,0.9705836227687162,0.8514023204269208,0.971083835971884,0.6812688236097325,1.0434872790947578,0.7126056919932398
2021-07-16,1.0711990053645857,1.1603050243616244,0.9694987394204732,0.9284443088890496,1.0399679218694473,0.7212759201812291
2021-07-19,0.9949157439594504,0.3802186770738886,0.9373213780733819,0.304240574203146,1.0358252220110107,0.6977608630109987
2021-07-20,0.9480022592766816,0.6204612469880781,0.9169007195162008,0.4964761002989044,1.0193634190913297,0.6762901189274775
2021-07-22,0.9900988040635704,0.4831689608066922,0.8887926050756967,0.38661857224967033,1.0220041410796312,0.6671771741582011
2021-07-23,0.9908433739055974,0.9917691064564509,0.8900438748332079,0.7935864822511445,1.0167137128117687,0.6652113113847378
2021-07-26,0.9536347501245104,0.9964540657100909,0.8938775403191802,0.7973352583618161,1.010787444631399,0.6781951547357001
2021-07-27,1.0853771839396085,0.7856621748183943,0.8790727828235834,0.628665359197989,1.0166084417807417,0.6736481752627655
2021-07-28,1.043748508393953,0.7058729504417174,0.8677243576740606,0.5648202066494562,1.0173626207615742,0.6606237321331194
2021-07-29,1.0981498258496083,1.3192192712203763,0.8714998515804478,1.0556031378173072,1.0206680888909032,0.6788916039615817
2021-07-30,1.197946446495164,1.3149633208561302,0.8842399412017631,1.0521976428727582,1.0298405187235862,0.6856205764780344
2021-08-02,1.0852955274029712,0.7436944163707588,0.8757845628585166,0.5950839080541616,1.0287050034408318,0.6798183551791676
2021-08-03,1.1798460296919742,0.4235978784756308,0.8504396023211218,0.33895142335055695,1.037755814808124,0.6647198959758094
2021-08-04,1.182902147031578,1.2380395728301679,0.8676298495423317,0.9906453660372653,1.0428311123355123,0.6776931357629321
2021-08-05,1.0260900335037628,1.3022823702787472,0.8762605328193813,1.0420506934519778,1.0412299850050775,0.7079989411886489
2021-08-06,1.0382107107951477,1.085277648222462,0.8905797310038709,0.8684094569107018,1.0387466653885473,0.6993528653434767
2021-08-09,0.9143251599443936,0.8530492583400717,0.888848218370665,0.6825866582311932,1.0335170027493565,0.6911549165422303
2021-08-10,1.010335708883468,0.9640586052793745,0.8860604776217791,0.7714132979813662,1.0334676059918617,0.7077895151925847
2021-08-11,0.997088861879106,0.9347093928317707,0.8892244212803945,0.7479288618242916,1.038295874344309,0.7098625892544548
2021-08-12,0.9815974476095536,0.9707252877702822,0.8836364009680187,0.7767477947627267,1.0371881277515702,0.7174927948762019
2021-08-13,1.0054605249424833,0.7448070668506575,0.8785976409086139,0.5959742205014535,1.0364596036107565,0.7190022927384128
2021-08-16,0.7817389830961736,0.972330985511088,0.8836804426599358,0.77803263012752,1.0274670017215877,0.7236100930487835
2021-08-17,0.9178850477430908,1.0099869847295713,0.8874278257071632,0.8081639296012652,1.020166337072945,0.7178824559398415
2021-08-18,0.817080056270572,0.7835230210403119,0.8966477066203707,0.6269536669193214,1.0116979709925222,0.7332497460691831
2021-08-20,0.7814549070962091,1.0148955500149568,0.886737952349589,0.8120916291357335,1.0037671446982142,0.748279056966175
2021-08-23,0.8571743380990301,0.7782738914955897,0.8770737823658448,0.6227534571899013,0.9974374082237122,0.7595235752966621
2021-08-24,0.8397831774076698,0.7013033895051418,0.8828674090442091,0.5611637691122495,0.9902440655333345,0.7484558270519529
2021-08-25,0.8570260455089819,1.1131460671543891,0.8906288466788007,0.8907090026437896,0.9856436510278331,0.7529021958272849
2021-08-26,0.8476098516509931,1.1320112530006412,0.9026800351605951,0.9058044077892802,0.9743213971093277,0.7660992933792512
2021-08-27,0.8786079521709946,0.6127825268890621,0.8995997428583682,0.49033179873526533,0.9664575610987107,0.7625522263357183
2021-08-30,0.9932647685500732,0.449728534061625,0.8862106166461916,0.35986045843786424,0.9614630345606375,0.7294216225557448
2021-08-31,1.1828442588784864,0.993043120582933,0.8806352198535684,0.7946059134699547,0.9607438827693672,0.7171553497270399
2021-09-01,0.9528539292937852,0.9541530310768652,0.899766364987001,0.7634871287400861,0.9544371400022632,0.7251745507120839
2021-09-02,0.9704532996120226,0.4549882575567562,0.8942505986726237,0.36406914515631683,0.9444660576175036,0.7263706327028344
2021-09-03,0.9664406381463604,0.8739700992625321,0.9072773032878183,0.6993269422804829,0.9341583667182075,0.7124983268096543
2021-09-06,0.9284756038990674,0.9400609938780656,0.9055536995352055,0.7522110664433838,0.9295100605465553,0.6986964398092451
2021-09-07,0.8684788337502378,0.9386495358391751,0.9036268818728417,0.7510816563693693,0.9214275902110833,0.6931094016882292
2021-09-08,0.9422167797354268,1.0368383435673267,0.9119994208311393,0.8296496516962528,0.922755762582085,0.7001124013770416
2021-09-09,0.8427851007822621,1.1094273467546063,0.9254512340415689,0.8877333844063114,0.9147771621963133,0.7056514531115627
2021-09-13,0.8369876744019087,1.0333063015573098,0.9159208017194668,0.8268234083946163,0.9071532961259705,0.7094083362815782
2021-09-14,0.915978691546126,1.0594914517876002,0.9074050727505157,0.8477760486041107,0.9040285934562836,0.7127906340835489
2021-09-15,1.0819354425870615,1.1466100208891312,0.9208355929011282,0.9174859421085149,0.9076702562012635,0.7281007160648376
2021-09-16,1.1022382590337234,1.481644575524745,0.9561038161360986,1.1855714187733701,0.922932126484004,0.7475073250479732
2021-09-17,1.3882034569373205,1.2689101147025124,0.9571328341985103,1.0153471283428006,0.9453282412075387,0.7573731916547131
2021-09-20,0.9561024820803394,0.632298334712101,0.9348000330129552,0.5059478137711751,0.9519483567222894,0.751611008171468
2021-09-21,0.9357127899855956,0.7704065518107538,0.9243043297992316,0.6164582273984923,0.9592939701932127,0.742295131898266
2021-09-22,1.003940441084864,1.264004227331254,0.9380028287656044,1.0114215716018897,0.9662828322401571,0.7608031373464559
2021-09-23,1.018781568792236,0.5895919818961723,0.9255206079861644,0.47177535963811507,0.9748065651632318,0.7565465464191162
2021-09-24,1.011411561412922,1.3256929764956398,0.9385533941082933,1.0607832195148335,0.9821582563967527,0.7646453186510707
2021-09-27,0.9775935196962018,1.1835294820523283,0.9456468672510282,0.9470278839983894,0.9883479548750961,0.766608341327695
2021-09-28,1.0938561062013228,0.7883547963592079,0.9470984582346466,0.6308199212252765,0.9985978669717783,0.7732982519224573
2021-09-29,1.1862583012752894,1.5705957553626235,0.9670406172296977,1.2567477172082424,1.0077880351967885,0.8160071690067612
2021-09-30,1.2017174836903557,1.1809998664227828,0.9727410466194715,0.945003754837852,1.00868676018783,0.8231689709766609
2021-10-01,1.0298237550788258,1.1108711526321813,0.9836526510058671,0.888888678335089,1.0123519899871174,0.8291404733383277
2021-10-04,1.1319522019955768,0.7736728104001375,0.9756118930187064,0.6190717980846502,1.020042413910144,0.8412834568111055
2021-10-05,1.135357783976062,1.1760772293379826,0.9888720042801196,0.9410647954348077,1.0280860875210822,0.8527947831517877
2021-10-06,1.1274670797995097,0.8147410537234372,0.9926532597540627,0.6519334818566104,1.03756187208777,0.8480196600762271
2021-10-07,1.042781818879546,1.3562384386763147,1.0007563388047935,1.0852248619524643,1.0458620142367845,0.8639312412944697
2021-10-08,1.007817286498952,1.167461736936088,1.0019380216026417,0.9341709143252117,1.0489858478921905,0.868908444276801
2021-10-11,1.079487930101814,1.158526592683641,1.0201294904624612,0.9270212565575473,1.0602574111931216,0.8707792953316219
2021-10-12,1.0876588183393403,1.259791048498317,1.0471315742770175,1.0080503012655193,1.0721941323329993,0.8794091473730935
2021-10-13,1.1897691580002234,1.426803548901058,1.061590255220955,1.1416891309323705,1.0852317735927184,0.893405008436344
2021-10-14,1.1815246174947862,1.6052438810137715,1.0832932835521851,1.2844721986153445,1.0899741152549907,0.9108805444604785
2021-10-18,1.1917393170082005,1.5341050900519542,1.1192638446353584,1.2275488860182233,1.0942360703966325,0.9128794714721382
2021-10-19,1.1685799045701672,1.1073917469473584,1.1270445662248527,0.8861045531795789,1.0837778059981968,0.9067250631310324
2021-10-20,1.0470260642653042,0.9142196115118985,1.126183186812647,0.7315334998656696,1.088107500387957,0.9174672386593417
2021-10-21,1.2080518282984032,0.787312009226687,1.1211386025922307,0.62998551151555,1.1010760260219001,0.9181113950458681
2021-10-22,0.9557875487601216,0.8420766642989199,1.114646546616617,0.6738066889322908,1.0987830311492932,0.9020344958711255
2021-10-25,0.895647113853098,1.1566982252175315,1.1162222425653814,0.925558246975734,1.092919485676001,0.9236432047919646
2021-10-26,0.9041196701911546,0.9240164920148884,1.1125792489139672,0.7393726953848578,1.087810347998774,0.908337941738156
2021-10-27,1.0320970475181943,1.1305650376450715,1.1149483684425496,0.9046471858621878,1.0904057540855356,0.9063198132554798
2021-10-28,0.9663246743561196,0.23516636082347747,1.0845669131070281,0.1881736825787104,1.0843328287595735,0.8852414209389766
2021-10-29,0.954179171631333,0.5801922883077404,1.054518503533128,0.46425398221213865,1.0732814416336707,0.8475036240344003
2021-11-01,0.8381043516615939,0.3110408696703342,1.0225895286987219,0.2488863869534703,1.0559665305846822,0.8143551779446677
2021-11-02,0.9355986867655436,1.0495936539531157,1.0364993726734224,0.8398561017995906,1.051479622569764,0.8120202933477394
2021-11-03,0.9787337977236834,0.9545227746358521,1.0426365801009256,0.7637829874116269,1.044183508080626,0.8189113023633096
2021-11-04,-0.2588744932583696,-1.1345969692509574,0.9626832068815186,-0.9078734271304031,0.9777914948789866,0.7308666250982997
2021-11-08,0.9816624816076372,0.790677614750132,0.969386061309984,0.6326785768980147,0.9708484187746116,0.729949724862176
2021-11-09,1.0710462738439352,1.0999705648659324,0.9618619809223271,0.8801663264856798,0.9721943452014875,0.7201850326970911
2021-11-10,0.9910174310275262,1.0262255756176337,0.9566185173745038,0.8211576053829364,0.9713943520838005,0.7148034465569827
2021-11-11,0.8925094439855819,0.555803687950357,0.9488668137608756,0.4447388920176098,0.9624906146496941,0.6918376196741286
2021-11-12,0.9931330728579726,0.3369504550324453,0.9077453037498695,0.26961852770099654,0.9579893886743909,0.6566742018853418
2021-11-15,0.8760295294171639,1.151902715353431,0.9067753987142245,0.9217210112936812,0.9430494063609118,0.6461995295215947
2021-11-16,0.9091560545412,0.7980018702140681,0.8963464226336207,0.6385392455666541,0.9300794747916935,0.615440817471657
2021-11-17,0.8849183313912051,0.9868080408659279,0.9034509303158137,0.7896167734100744,0.9154689516670748,0.5945869073474594
2021-11-18,0.8587561694338166,0.5737761445820101,0.8833742274906147,0.45911995969039193,0.9007154404701057,0.5742543076574982
2021-11-22,0.852299307475024,-0.20970378174164084,0.8492260663084453,-0.16779922401668107,0.8914427377658065,0.5314289398535768
2021-11-23,0.8359816438212901,0.5372848993104625,0.8219276149962503,0.4299206644315587,0.873725109933563,0.5219020423733866
2021-11-24,0.8284814807383987,0.720755530348353,0.8070374081099925,0.5767288395742378,0.867662916218243,0.5172792876420508
2021-11-25,0.8293682480568921,0.5801373610778584,0.7877577670564665,0.4642100309468108,0.8645067797517569,0.49531032497400684
2021-11-26,0.8123256504685789,-0.22001910477494835,0.7384307619473576,-0.17605326305257654,0.8601356359554438,0.4517186126674624
2021-11-29,0.7444826098072924,0.6201187182908885,0.7115412675936852,0.49620201821457327,0.8464397103501627,0.4322688427794807
2021-11-30,1.1490684447985409,0.8208195676021083,0.6853937904799631,0.6567973422197595,0.8551417946569447,0.45458425514334017
2021-12-01,0.751268325511994,0.7123017111631338,0.6580003445170025,0.569964324945671,0.8454793734131668,0.45961808098779405
2021-12-02,0.7546332997163037,0.2805585917101492,0.6304392393424288,0.224495302798958,0.8415045614157719,0.45845660078996014
2021-12-03,0.87526014255861,0.25959921942912056,0.6086185596063363,0.20772418701161216,0.8386312974059178,0.4283550810381517
2021-12-06,0.6907485210416754,-0.3095535720566299,0.5720563735635589,-0.24769629212833633,0.8249177128020129,0.38018940106005816
2021-12-07,0.7826081079886353,0.010885189229995873,0.5443499910612616,0.008710030362344747,0.8745121223852036,0.4238362323692367
2021-12-08,0.8372504517494089,0.2788004781519491,0.5150867328257421,0.22308850847055314,0.8676353590586213,0.40433194339650036
2021-12-09,0.9310293845873564,0.816971500831303,0.5115185664529559,0.6537182245579664,0.8609678881416413,0.3935487004475617
2021-12-10,0.8879395363780835,0.8836676980456366,0.5032886551329747,0.707086695285962,0.8560594169678583,0.3881167523477057
2021-12-13,0.9450791318971876,0.34750465775658046,0.5070332650307449,0.27806371172446126,0.8585627354398395,0.3801798390004129
2021-12-14,0.8579429475555065,0.9614008382401111,0.5197402166951572,0.7692866255718293,0.8521251104254365,0.403973557946643
2021-12-15,0.8440918917747705,0.5435785230369341,0.5274914718073772,0.43495664980475524,0.8506042705377033,0.38079430263764663
2021-12-16,0.7724331071042291,0.7001113077986455,0.5158420602688948,0.560209897972429,0.8440936539930856,0.37706433370458825
2021-12-17,0.8842582726979513,0.31504381533937653,0.49452609495901234,0.252089434468721,0.8440622226267402,0.351467793755
2021-12-20,0.8206842675664372,-0.26166549624445334,0.5236238107258958,-0.20937756514021144,0.8422492749187699,0.319634578286876
2021-12-21,0.7093709482132418,0.21697945467280635,0.5045005387233182,0.1736210182728914,0.8354431625729707,0.33589268506257
2021-12-22,0.6919447731851347,0.24032541563846208,0.47584570041573593,0.192301816975831,0.828584263971249,0.32457750185039247
2021-12-23,0.7473599262899262,0.5254250940149237,0.4591523510289789,0.42043077298061593,0.824721332807036,0.3171347367745057
2021-12-24,0.6896742665870031,0.23742366758419725,0.44853968368344027,0.18997991763880598,0.8180692384513271,0.304076159950315
2021-12-27,0.5920276250153236,-0.14604437953003574,0.4324398558646909,-0.11686071349600002,0.8075788562868863,0.30689485278634243
2021-12-28,0.7782546363085276,0.32788537821148084,0.4049726112932926,0.262364901449833,0.8091870480250404,0.29575975198802146
2021-12-29,0.8209868658627189,0.6650219095967034,0.4005399459393804,0.5321323223531571,0.793564115694763,0.28982332247056425
2021-12-30,0.8531025765906295,1.247054498560832,0.40921482786254393,0.9978588627592134,0.7984133657461266,0.31019925284263766
2021-12-31,0.7887036591351853,0.0766786498651171,0.3926449113719808,0.06135615599849114,0.8000357638136926,0.30243072204261545
2022-01-03,0.7925861697828391,-0.25638708010279054,0.3910888014266091,-0.20515392107784844,0.7960989079672272,0.28276985975264113
2022-01-04,0.9091188562805924,0.39892394224688504,0.38647676952448984,0.3192080152048635,0.8064974953595565,0.30976530295898397
2022-01-05,1.0006585455806387,0.6565277844349515,0.3843358446607098,0.5253355559858316,0.8168808495306044,0.3343665184648643
2022-01-06,0.9370022724854098,0.5388527326997041,0.382959690381438,0.4311752017790363,0.8216309362323189,0.34427540862241107
2022-01-07,0.9588621252825016,0.7027940629792797,0.413720129306579,0.5623565652084629,0.8229563048368495,0.3399248534152919
2022-01-10,0.952823265475064,0.5297219566040207,0.4107069039170167,0.42386900476722766,0.82604600622242,0.3264382967239236
2022-01-11,0.8975129449685523,0.8859390758279805,0.41287755419121247,0.708904189592267,0.8237809497020085,0.34695450995572386
2022-01-12,0.9301163264640224,0.7903697392941693,0.4154798217955803,0.6324322233884344,0.827217777269081,0.3404376336612765
2022-01-13,0.9590921692078886,1.2250398647174139,0.44696253089582244,0.9802433555649366,0.8326939809563724,0.3664036672689042
2022-01-14,0.966679948288581,0.9441796748598213,0.4697818794101792,0.7555067221867902,0.8419438305365794,0.3757035160410166
2022-01-17,1.014164316552437,1.1325319867035728,0.5178513980355193,0.9062210846395761,0.8481298326248883,0.40685264223962875
2022-01-18,0.9455930009126856,0.21044687105234078,0.5245034540962641,0.16839382373574804,0.8540778675461382,0.42484175599562685
2022-01-19,0.9395883753642572,0.5376587412519088,0.5331320628662627,0.43021980251652114,0.865040602172377,0.437060745721514
2022-01-20,0.857042454459625,0.2963921389464603,0.5157794174701013,0.23716487374144954,0.8729023965187814,0.43919708175797195
2022-01-21,0.9031606778491624,0.6301055959007651,0.5073273473986055,0.5041932442161695,0.880321479926364,0.4431857708644269
2022-01-24,0.838713885964329,-0.8093602522027095,0.46876518373329584,-0.6476279118174464,0.8874186046586177,0.40329968374746256
2022-01-25,0.764365773520058,0.14160764717362112,0.4414387440310796,0.1133105617515123,0.8956251831588431,0.4142602206640107
2022-01-27,0.8658150816046253,0.6564518565525405,0.4452011884815998,0.5252748005733923,0.8997947281729429,0.4267797396698946
2022-01-28,0.9135691848095212,0.8842546856181434,0.45133930107558307,0.7075563866685209,0.9042034100275526,0.43513326654205464
2022-01-31,0.8603326028979301,0.7340661598815235,0.46530671256032125,0.5873796408534978,0.9045476969945669,0.41558663692749687
2022-02-01,0.9249161211378004,0.44941570296327404,0.48900941920057883,0.3596101395589408,0.9110340047089773,0.42978920757323247
2022-02-02,0.9546740476535832,0.72562687872501,0.5059643333356524,0.5806267591574193,0.9187524750837746,0.4672073352034834
2022-02-03,0.8728259028985923,0.04000713661490557,0.49928705736820045,0.03201261523924945,0.9170242392084411,0.4535313637765493
2022-02-04,0.8349894436477784,0.932212008385076,0.5128466211805388,0.7459305231737136,0.9091352343544954,0.46403588602359125
2022-02-07,0.7951634907778883,-0.33601495211085236,0.49373200052403715,-0.26886996387918455,0.9023810066541371,0.43070040194462844
2022-02-08,0.8094751482482322,0.6411023208558895,0.5199702238702346,0.5129925224116774,0.8952673410810768,0.4283497332400196
2022-02-09,0.7366654152082164,0.4696158889270974,0.5246945742274219,0.3757737752433857,0.8849741101159888,0.4260594842150747
2022-02-10,0.7680585587830817,0.6270464319429199,0.5234287249722959,0.5017453849834798,0.8788096155357285,0.4161947792337039
2022-02-11,0.7286085770160378,0.4274831888976768,0.49610968131685734,0.342060342362263,0.8692140084191576,0.40236754680388626
2022-02-14,0.6829097778065032,-0.31854110353109033,0.4829356895369837,-0.2548878687165829,0.8560624659714726,0.343551774219052
2022-02-15,0.6776004058516751,-0.9546334076168557,0.45966081195318154,-0.7638715128936595,0.8422967734744772,0.27120042969141156
2022-02-16,0.8163238464060958,0.6928131658708838,0.46945711940731477,0.5543701246403927,0.8328757987056037,0.2544456220724028
2022-02-17,0.7492693202809523,0.7494151890134118,0.4725533662265968,0.5996615136759604,0.8235270520088546,0.2749821787362224
2022-02-18,0.6799301429683682,0.6513308146093435,0.47630263562358477,0.5211770830354033,0.8111623742757169,0.27931347780855015
2022-02-21,0.7046242530377085,0.3435895887410293,0.4643291531489765,0.27493098070108557,0.8039043646841971,0.2811118638542471
2022-02-22,0.6813971763428871,0.4998865198192508,0.46333463858948415,0.39999550520940336,0.7933441979458031,0.2761500667586868
2022-02-23,0.6634803328370189,0.6039211703036891,0.4539340417386744,0.48324118383833115,0.7849997430349787,0.3300009760756286
2022-02-24,0.8238313626458545,-0.7248117600000293,0.4034279917622011,-0.5799745234733626,0.7878314377552549,0.2969874005887298
2022-02-25,0.7465339351630678,-0.05363840171458245,0.3608053828811346,-0.04291998031914658,0.7821513831627995,0.2699305062605136
2022-02-28,0.9081512607801684,0.3568694719877579,0.3412283761187325,0.28555717964383315,0.7818933867804494,0.24983530592600472
2022-03-02,0.7376315399867004,1.1410857046714393,0.3415135000509947,0.9130655355385774,0.7760504790227719,0.26534415805386563
2022-03-03,0.7882242559340252,0.7796718270988171,0.3604876652525439,0.623872046981171,0.7695413425844968,0.27792805840730517
2022-03-04,0.7733220215220179,0.5686076294848457,0.3615192948603084,0.45498425543451354,0.7609055318163271,0.27194508203954776
2022-03-07,0.7649066449792167,0.9050411228710561,0.38180759432446165,0.7241891245816953,0.7557665195344521,0.3049058681987119
2022-03-08,0.7870120848159534,0.7421971658956853,0.38554397999095896,0.5938858492218918,0.7534818833996033,0.2976656456295775
2022-03-09,0.8737241142740034,0.19729545750038924,0.41909917031439564,0.15787042272498916,0.7572228654708469,0.3179866164202524
2022-03-10,0.9199325830458052,0.7439280853304479,0.43917651825295656,0.5952708835573545,0.7624827433183503,0.3219046336176656
2022-03-11,0.827796733082871,0.9473082365468739,0.4488717309194343,0.758010111582135,0.7668223298838102,0.3401063639195108
2022-03-14,0.8242291131163763,0.3045688687971053,0.429548870358733,0.24370766907178204,0.7694971181853955,0.3278188536380014
2022-03-15,0.80580486715233,0.33332165562013805,0.4161907202166868,0.2667148617754696,0.7731731320014094,0.32423097361005887
2022-03-16,0.8604077488657496,0.1726203989577466,0.40696421008316924,0.13812611653444676,0.7816254163375641,0.3429459252886793
2022-03-17,1.2847994660945117,0.9995468833225168,0.41609487690308616,0.799810046327393,0.8105396573015087,0.4174069519182532
2022-03-21,0.9274257972651968,0.42355973767227106,0.4288799636049984,0.3389209041240843,0.8158302263900372,0.4071474652270005
2022-03-22,0.9416794106723368,0.41410266561282677,0.4116096521792567,0.33135361401674773,0.8249926116467698,0.3943708985765618
2022-03-23,0.9416185675570992,0.7304098916976944,0.4471571469728749,0.5844539951691522,0.8374539651986143,0.39738408486864507
2022-03-24,0.8277778447559642,0.9346499075212338,0.45694206652838637,0.7478812633076336,0.8433184219471025,0.41990552689752825
2022-03-25,0.8569277059287076,0.5863407308880877,0.46083289459375276,0.46917379760757333,0.8516770185940464,0.42319973129744115
2022-03-28,0.8764566419059691,0.6238002547079764,0.4607246886859213,0.499147882847275,0.8618187475973297,0.4239571931550099
2022-03-29,1.018167387691177,0.7740579216028755,0.47227717977609457,0.619379953523922,0.8710728440280594,0.48106931110726153
2022-03-30,1.0539732284613963,1.3941514629936325,0.5293669319935854,1.115561825872406,0.8857128103755988,0.5362351114020975
2022-03-31,1.023347953084397,1.0848447164685575,0.5973495361297657,0.8680630367758143,0.8911983671519907,0.5639734855512393
2022-04-01,0.9666308610592228,0.3927033014945804,0.587345873983889,0.31423042880916713,0.9021030967268727,0.5354575280879341
2022-04-04,0.9944451742820356,0.26334939461687046,0.5711436808373377,0.21072497450912295,0.9119231404577303,0.5157838579702175
2022-04-05,1.092261936259216,0.8709938211723631,0.5784657810561049,0.6969454060495173,0.9271107554452158,0.527305817523313
2022-04-06,1.132940896583449,1.049211405170591,0.6019865082704237,0.8395502367905943,0.9446361959977982,0.5327992038189747
2022-04-07,1.1012598987937514,0.8319552680439999,0.6130554665445819,0.6657078247943358,0.9596003776157888,0.5362192978938531
2022-04-08,1.0793436722706715,0.5539720655043654,0.6113904963846045,0.4432732778900231,0.9693917851394396,0.549809910044569
2022-04-11,0.9474050697978272,0.809943145507477,0.6625489932348547,0.6480943270790716,0.9706999987942979,0.5523253121170317
2022-04-12,0.948148899746974,0.7250817366312658,0.6885063311797164,0.5801905513811485,0.9764310543497314,0.5438577140122228
2022-04-13,0.9067233490551476,0.7197892629627094,0.7006036575455481,0.57595565887069,0.9803593512991966,0.5596790468597899
2022-04-18,0.8310158228996,0.7598004130167069,0.6878941478237236,0.6079714855540036,0.9815598730014476,0.5759293622778153
2022-04-19,0.9728945749254422,0.27143734567803435,0.6709529984430309,0.21719673148306365,0.9869163885280996,0.5796946296563208
2022-04-20,0.8440374651530373,0.527685528440427,0.6695889284082169,0.4222395107124293,0.9659277218166009,0.5617150803413227
2022-04-21,0.9641934555668932,0.43159184148451213,0.6538072856953322,0.3453479736586528,0.9676785626881103,0.5620211312715402
2022-04-22,0.8963547331977737,0.4317125462557697,0.6434577983740015,0.3454445583114612,0.965520244713131,0.5626921286189075
2022-04-25,0.8287753143216644,0.512472396276273,0.6539636963331977,0.4100663789224012,0.9601467564638246,0.5543879564166811
2022-04-26,0.8207767078602358,0.3642946259835028,0.6413092476882996,0.29149858455481076,0.9598133689925994,0.532655447904642
2022-04-27,0.8380073879193777,0.6067189942586506,0.6299562729453587,0.48547992595675526,0.9589124014683457,0.533431930206984
2022-04-28,0.8991854307363276,0.48157010971510694,0.6358563143092921,0.3853392153861076,0.9599947247459818,0.5280124698516903
2022-04-29,0.9524445562957192,0.5018178163489184,0.6414728530002516,0.4015408758094605,0.9568650661081027,0.517639180436716
2022-05-02,0.6451812886847055,0.9261801481170997,0.6665915113055634,0.7411039937523679,0.9373987832615938,0.49980785509766656
2022-05-04,0.7237781615956481,-0.6216120056439539,0.6125528816733478,-0.49739690586512936,0.9231335550954628,0.4347859530671454
2022-05-05,0.7230503899288259,0.6230270544807646,0.6192017922336306,0.4985291891973173,0.9115344850416344,0.4435620845142002
2022-05-06,0.7188854882283249,0.47004651177476225,0.6210665871056952,0.3761183478547229,0.898412595229553,0.4514379594354193
2022-05-09,0.642305642566835,0.4921027236259787,0.613123014836638,0.39376712463234625,0.8769861050537253,0.4370008984155539
2022-05-10,0.610699852802976,0.7169779427188903,0.6058672826765599,0.573706117391479,0.8521174839213217,0.42434165463464374
2022-05-11,0.6841743970435457,0.37321267436576244,0.5987630141258158,0.2986345626752723,0.8322562695522644,0.40686197548611686
2022-05-12,0.6131555818203939,-0.18213196332053477,0.5718986068581987,-0.14573700989080315,0.8100568366736797,0.37881386654417276
2022-05-13,0.5708169942300377,0.6302882927630251,0.5671062858968704,0.5043394332427236,0.7921240711704517,0.3719683954091086
2022-05-16,0.5155815678772385,0.3351856094957427,0.5318074241136074,0.26820634662772985,0.7715256267957022,0.35711200470656485
2022-05-17,0.6961333794906435,-0.580253440059908,0.4763041522293252,-0.46430291416975744,0.7614975330069165,0.3075758821808292
2022-05-18,0.7741153313050546,0.8891990581601332,0.4928540107848436,0.7115127381892458,0.7587879857881286,0.3125064180206027
2022-05-19,0.6051539541029017,-0.10128536605111621,0.4806995187625774,-0.08104577650660412,0.7412765276537219,0.29830439383061846
2022-05-20,0.7073746204695854,-0.7871200125468012,0.4254290576386053,-0.6298318810295791,0.7347687731449861,0.2482057561286181
2022-05-23,0.7038562097784337,0.7054611759149645,0.4139707166634177,0.5644907159484058,0.7223717614407738,0.2586411248090825
2022-05-24,0.643161609530775,0.5640536858085268,0.40504066392223526,0.45134031440133066,0.7103149460280596,0.263683779860981
2022-05-25,0.6122368183565203,0.41231145166103234,0.4003186434607908,0.3299203336597475,0.7000035890773384,0.2598673015151404
2022-05-26,0.7665213910590022,0.36072242563146595,0.3853446194649238,0.2886402076475102,0.6974200025629939,0.2597311883290785
2022-05-27,0.7609227334101323,0.5394705996869651,0.3791575815667805,0.4316696020237379,0.6937493047292203,0.25716879195131576
2022-05-30,0.8177992942287197,0.02278601561842203,0.35592413998863753,0.01823274576857161,0.6898737744193342,0.23968753149333782
2022-05-31,1.291480189560829,1.5676245704554006,0.38285161190326067,1.2543702564028083,0.7060183283843394,0.28029845437873535
2022-06-01,0.7331896263997391,0.6161484434710278,0.39434198182969377,0.49302511301824076,0.7102092016088649,0.2684851743437769
2022-06-02,0.7520271296161349,0.45682269113124924,0.3919798872527212,0.3655370086719558,0.7115543905622214,0.30957726551220954
2022-06-03,0.7813970471260568,0.6134522899832848,0.39804190220268026,0.49086772482373253,0.7143328028097086,0.3092124338753722
2022-06-06,0.5954517020161404,0.8059053468157368,0.41051499555467924,0.6448633911294075,0.7084550034662711,0.32200981688845237
2022-06-07,0.6026087853154182,0.44975827544039015,0.4084245248601498,0.3598842566747703,0.7065646769304894,0.3203963469857107
2022-06-08,0.6232076032083297,0.5544160777283632,0.4147619065849784,0.44362856431367254,0.7071602840926491,0.3142021777915294
2022-06-09,0.5371561691336476,0.1051538529016975,0.39804306853974664,0.08414123375709058,0.7001594160969397,0.30398820974780644
2022-06-10,0.5082228748729218,-0.3556002632904294,0.3701373894395621,-0.2845415935978473,0.6951626205280125,0.29737846766651865
2022-06-13,0.4208395843623624,-0.7039121274414947,0.329946391313215,-0.5632512097761566,0.6880208391057422,0.24654081799895294
2022-06-14,0.5469269733959767,0.534796887688176,0.31690028263225084,0.42792982565842436,0.6895134774637773,0.25414669795279554
2022-06-15,0.4525122140562144,0.58769372533837,0.357210473664995,0.4702564267188402,0.6779124695859474,0.2986495237093954
2022-06-16,0.5566154661536937,-1.1222493122095245,0.29903459477531874,-0.8979931700708084,0.6675553331501684,0.22200638522082142
2022-06-17,0.6756932190913912,0.7658912463144997,0.3088960859266433,0.6128452035790022,0.6709143457686678,0.25504881284394554
2022-06-20,0.4762088503225182,0.592902702580732,0.3122560852251351,0.47442450767536654,0.6599064519521407,0.30763245040132386
2022-06-21,0.5123874574936984,-0.3170133126119146,0.2777897100474416,-0.25366537225720454,0.6507888923195344,0.2686726366772472
2022-06-22,0.4271351070724543,-0.15396538304229454,0.2602171081338397,-0.12319888361268377,0.6405019160119952,0.24131362724800842
2022-06-23,0.4099618554978512,0.14427199744549968,0.27109724015937414,0.11544250188352509,0.6308697749234872,0.2311003971634264
2022-06-24,0.5756117845423367,0.33695576205138056,0.26131948913565267,0.26962277423223113,0.6217788412798365,0.23019480509603218
2022-06-27,0.5597586727115099,0.38517839241958546,0.2629859152331141,0.3082092026152787,0.6121996002941879,0.22431573845753414
2022-06-28,0.5809661177587083,0.7596459652906975,0.307649228744801,0.6078479007127563,0.600921829986092,0.25239265059773336
2022-06-29,0.5968600721016286,1.1947018003882115,0.31783265348573686,0.9559676672090623,0.5678446815356539,0.2381830034932693
2022-06-30,0.5652667088530332,0.9711146515663449,0.3535793207396523,0.777059353010732,0.5598483521286679,0.2517084434929117
2022-07-01,0.4544372863985411,0.767375555806248,0.4053958396847539,0.6140329073907667,0.5456774072135444,0.26354158152714086
2022-07-04,0.4544638864824867,0.7294805815667491,0.4061964865398134,0.5837103866488462,0.5301091614686125,0.26796266066167
2022-07-05,0.6796446741564137,0.5869814747170597,0.4069607461700978,0.4696865032745958,0.5341183506181493,0.2596209040971552
2022-07-06,0.6736084523282153,0.3883125649811057,0.40616078328076693,0.310717081678735,0.5374992871425682,0.25727961004972494
2022-07-07,0.7851377371231651,0.6906719255203867,0.417159099943731,0.5526567627436135,0.5452102459004176,0.2624714290225793
2022-07-08,0.6254931302543963,0.8763757022853036,0.4283892700303423,0.701251839948807,0.5494167678585484,0.29185764836504197
2022-07-11,0.7245086465836067,0.9691350589815357,0.45993423814244605,0.7754753372297987,0.559716090320962,0.3423346450711203
2022-07-12,0.5812449651488084,0.27233067356991314,0.4167577749129298,0.21791154800093834,0.5673544417869832,0.3795328716319344
2022-07-13,0.5899894126547719,0.4557829329884989,0.4114122578968455,0.36470502267690363,0.5694050341326401,0.37652216672805244
2022-07-14,0.5911490460284914,0.5713934620367068,0.4152312835936941,0.4572134023605267,0.576006788036082,0.3759010703300375
2022-07-15,0.5875364544047056,0.3800847143954218,0.407452364407432,0.3041333809360182,0.5774792160480349,0.43314519180655314
2022-07-18,0.715314679045397,0.13990643985918172,0.38525240084221346,0.11194930224115149,0.5793659522363208,0.40929300602856017
2022-07-19,0.8166806029716445,0.5852966563098226,0.38977034687119455,0.4683383577190154,0.5955788928386602,0.409003189363972
2022-07-20,0.831903168816521,0.7381471598655212,0.3958947162757665,0.5906451452942836,0.6107939267111756,0.44920845210451904
2022-07-21,0.8732862373796582,0.7110125511700434,0.41609000621804465,0.5689327744191266,0.6320392186305662,0.4821671024869862
2022-07-22,0.8557222550364703,0.3581382100307333,0.4398812886620835,0.2865723890850916,0.6532659043228813,0.4903161447346798
2022-07-25,0.780101357975586,0.5474400671609143,0.48159302848216373,0.43804655167552053,0.6630035030577981,0.49833632461293176
2022-07-26,0.7495839777716284,0.2507478793425806,0.4721247282039772,0.2006415870427713,0.6720428032987561,0.4932140572047171
2022-07-27,0.6483333897088277,-0.05209550433496363,0.45079842054819946,-0.04168539608376843,0.6752507686297141,0.46228390021440646
2022-07-28,0.8389880920844219,0.6688872042535321,0.5105029710969681,0.5352252252976102,0.6867806743431805,0.44224854583767065
2022-07-29,0.9524036022553296,1.098718085680249,0.5215971990758264,0.8791641269368246,0.7052157645051946,0.4471106779293893
2022-08-01,0.9675543212905398,0.9194414689148596,0.5324818246202973,0.7357118871740214,0.7296499090238612,0.4529049150619252
2022-08-02,1.0081424643786678,1.1582470788801964,0.5816571710033677,0.9267975972657099,0.7560155555903461,0.4692424012817759
2022-08-03,0.9425496981246096,0.9352625365126228,0.6179647683218649,0.7483714722514658,0.7685348424459745,0.4825131140901983
2022-08-04,1.0005861174811843,0.7602531699879357,0.6384974740732794,0.6083337692849377,0.7841052074532586,0.4966853373095413
2022-08-05,0.9407099682802014,1.3126687706580675,0.6710212410268356,1.0503616066339048,0.791513408936927,0.5203855679709837
2022-08-08,0.8474918417520992,0.6295106997783732,0.6791656512721286,0.5037172246285453,0.8020847761511033,0.5109791577176379
2022-08-10,0.8378534415925187,1.2344172557958086,0.6949913609556322,0.9877468871330711,0.807482147342004,0.5210873267606508
2022-08-11,0.9236628578553072,1.0986553646051145,0.6917898130961956,0.8791139392499375,0.8237877612804085,0.5525731549153652
2022-08-12,0.9313947808067709,1.1555732423735536,0.6979384327897692,0.924658066508392,0.8400451597638372,0.5792375855740074
2022-08-17,1.0410885282625828,0.5617161214930414,0.6910831183126623,0.4494698594435332,0.861470849394032,0.578868845435103
2022-08-18,0.972310219305951,1.1341907912542524,0.7045734586355791,0.9075484146194536,0.8797934096274247,0.6076028946581237
2022-08-19,0.9635096084744595,0.44559003848440226,0.6998604107611573,0.3565489475977307,0.8916122157907131,0.6192504968179607
2022-08-22,0.8569977315202739,0.3924415735740995,0.6999980443809238,0.31402100129386223,0.8935320790549338,0.6119020512739058
2022-08-23,0.9111294770783812,0.6097918788715133,0.6973020428259613,0.48793876408188946,0.8973047604007366,0.6070112712161728
2022-08-24,0.9379276621822789,1.0509323255952638,0.7031205969362931,0.8409272701919773,0.9003829234865757,0.619963390062499
2022-08-25,1.058731770206699,0.5082774692190364,0.6877586772775433,0.40670971315717386,0.9100500432565866,0.6256842150183125
2022-08-26,0.969877378448882,0.9384184550558794,0.7099616033270755,0.7508967518540566,0.9190869966124579,0.6405818435982428
2022-08-29,0.9029704046554085,0.19299883530434297,0.7012021334042704,0.15443238329431422,0.9263911121783521,0.6383814053245067
2022-08-30,1.1873606748916803,-0.1942017740053883,0.675682292202867,-0.1553949419038838,0.9520590781394405,0.6329666650473583
2022-09-01,0.9239600915308944,0.5302486728599736,0.680687757485019,0.42429046869263626,0.9561053638273675,0.6276840575899786
2022-09-02,0.9627126861593688,0.9812849356305642,0.7087337073440649,0.7851973358350367,0.9565962725847028,0.6232094484898936
2022-09-05,0.9611847652324348,0.6353545315801614,0.7104023031864096,0.5083932988198643,0.9562929603914596,0.6123847538063623
2022-09-06,1.071446311681893,0.9328599571367868,0.7168927297621185,0.7464489940226257,0.9593074293106609,0.6037967250805012
2022-09-07,1.0087839435782002,1.200016843849913,0.7331928728514474,0.9602206194499868,0.9624614409989272,0.6138847797090021
2022-09-08,1.027680747926764,0.8200645250544333,0.7485904166855708,0.6561931778477715,0.9637516614963356,0.6161637991643751
2022-09-09,0.9805808718584206,1.041811628768579,0.7650694687391596,0.8336291383352297,0.9656502759524415,0.6058432054358668
2022-09-12,1.070044493628668,0.8362261533133439,0.7845854112048517,0.6691252702409951,0.976248021279897,0.6137197790364597
2022-09-13,1.0671664947160735,0.9604088304706024,0.8183355556983706,0.7684928481179387,0.9871676904762567,0.6032791105119296
2022-09-14,1.1491150862669326,0.834411861273172,0.8238530442656918,0.6676735234296021,0.9979035108768104,0.5932105192823898
2022-09-15,1.0033751941333895,0.6950560512185752,0.8103976431169694,0.5561648200806717,1.0013311496066493,0.5756632218334508
2022-09-16,1.367068033249928,0.658775893686615,0.8017087906093613,0.5271344314510277,1.0168539831774754,0.5793615347861886
2022-09-19,0.869033358323521,0.604041928206188,0.7832352855868943,0.48333781100530404,1.011936037416407,0.5591610298521814
2022-09-20,0.9414087090598838,0.5710834571011247,0.7710959829398444,0.45696534489966456,1.0108836136347608,0.5639427630570355
2022-09-21,0.8230626213023381,0.7021990861067025,0.7691608468104699,0.5618804810067514,1.0092676560053353,0.5757455954243158
2022-09-22,0.9073434158801168,0.8355363153783727,0.7532564316344801,0.6685732808146525,1.0090873673768466,0.5843472390782569
2022-09-23,0.7756424740991411,0.3904065371184175,0.7452862928791483,0.3123926208456269,1.0013595012776495,0.5591789224427164
2022-09-26,0.8030703236857699,0.9705783269407695,0.7364916619173135,0.7766302007310489,0.9891851466814148,0.5767941837557581
2022-09-27,0.7580069860062852,1.0402659858161312,0.7345453492910142,0.8323923571676533,0.9790960803746243,0.5806749268659294
2022-09-28,0.7503116378268763,0.6983931831416137,0.7193060139832829,0.5588351016677584,0.9718266152875514,0.5999321991694267
2022-09-29,0.8663656269804583,0.9089776963937239,0.7308813998133057,0.7273390629228268,0.9565411368155884,0.6419671517802225
2022-09-30,0.8763958376963398,0.09976861088223743,0.6964006604675717,0.07983211055243264,0.9542761723472764,0.6255643728211652
2022-10-03,0.7252654587743486,0.268496564046747,0.6904975446529832,0.21484359854652707,0.9429691615194183,0.5984046710455219
2022-10-04,0.7973903088955737,-0.28018685093003065,0.6680765971695123,-0.22419784600575426,0.9351694255033772,0.5635193784347781
2022-10-06,0.800678257844917,1.0062253533244936,0.6812910463179449,0.8051539751523441,0.9222757086539976,0.5663148537266695
2022-10-07,0.7751812629610005,0.903300442185431,0.6763699835376171,0.722796279560576,0.9111517714817498,0.5550089327795547
2022-10-10,0.6225013486819694,0.5785753531540945,0.6787132463354524,0.4629601549772948,0.8918575143748548,0.5458073602619129
2022-10-11,0.7335387683658322,0.08497744033719268,0.6502652125114962,0.06799662089581444,0.8800936046847315,0.509348668955274
2022-10-12,0.7044343539602581,0.5518606744508903,0.6622272738163811,0.441583800583384,0.862683598033855,0.49851336087634013
2022-10-13,0.6008610480350843,0.7400065022976017,0.6933675496931474,0.592132940195707,0.8404785767633317,0.49011527002290056
2022-10-14,0.6159150283166266,0.34300359171225175,0.6871260469882234,0.27446208192449556,0.8150880978133169,0.4713909156655146
2022-10-17,0.5911387230706762,0.2993645601488701,0.6643953678055002,0.2395433237964399,0.7954577896674737,0.4563137015567416
2022-10-18,0.787736675012987,0.6593387984589405,0.6651948433681263,0.5275848524363196,0.7678705821323811,0.4563351501750888
2022-10-19,0.7052267504786492,0.8369844243961588,0.661998992276772,0.6697320179983979,0.7600702674731015,0.4652110647938077
2022-10-20,0.8407997616655835,0.8525884998414159,0.6504180474764887,0.6822179718971109,0.7552793652162301,0.4759373803651146
2022-10-21,0.7545615722262484,1.0714562765674034,0.658797772526921,0.8573499737707062,0.752017410498321,0.4900073562110172
2022-10-24,-0.3538668199451407,-2.2369732203353205,0.5495049442234577,-1.7899647178552949,0.6919597802209279,0.3729341181791149
2022-10-25,0.7644126439860525,0.7811827116250167,0.5476701628338468,0.6250810154078228,0.6914250264060188,0.3878240417296957
2022-10-27,0.8864988972941882,1.1279728711584052,0.5532556308567735,0.9025730052185572,0.6953978156254672,0.3938213181338628
2022-10-28,0.7385458773548492,0.9916480975220976,0.5584968387317378,0.7934896542153554,0.6944710961658751,0.3919688084694676
2022-10-31,0.8078063900505827,0.4456184978430049,0.5501822536192188,0.3565717199972071,0.6972089415098612,0.382337218866108
2022-11-01,0.9019603731454908,1.1863324098913102,0.5677674708260418,0.9492707101050515,0.6989039294224818,0.39290539254145207
2022-11-02,0.92644218033168,1.0202963701405021,0.5816426188905192,0.8164132175143194,0.7012870885955932,0.42798068334916095
2022-11-03,0.8700084417676951,0.8424887503323263,0.5906894619982257,0.6741364288924356,0.7081796115952764,0.44985177050848996
2022-11-04,0.9525600059772472,1.0380019444520796,0.6018828906097384,0.8305807332623792,0.7155686447896418,0.5000793219022105
2022-11-07,0.9763625517498644,0.9873319452262349,0.6069427449380005,0.7900359873335828,0.7239345635470202,0.4993594177203648
2022-11-09,1.0657290102455166,1.0602962064685815,0.6292724005830058,0.8484199912639471,0.7377701705605686,0.5053414992300491
2022-11-10,0.889274677356682,0.8122456104856756,0.6239946433678362,0.6499366965082662,0.7504736624022216,0.5142451440648573
2022-11-11,1.045898402273293,0.9994140643624941,0.6226329126527149,0.7997037682324469,0.7653479306835292,0.5490883415570779
2022-11-14,0.9928203483420104,1.3126035067519342,0.6431065901063922,1.0503093842432807,0.7790805970826602,0.5780752741123111
2022-11-15,0.918008858849172,0.9115599304762882,0.643192664575811,0.7294052959286652,0.794182873788093,0.5846120529567377
2022-11-16,0.9148978625427258,1.0665930256383473,0.6754201450676814,0.8534585335433698,0.8084201516083835,0.6121833125576365
2022-11-17,0.8308262868645836,0.8077831582135385,0.6933963648732411,0.6463659643914815,0.819833845122379,0.6315558192526384
2022-11-18,0.8786500604509401,0.6959164702254804,0.7259331422450915,0.5568533038099055,0.8241630539527578,0.6329495550323331
2022-11-21,0.8178192902565887,0.5833817718665488,0.7118383561964933,0.4668061196210929,0.8295246034659931,0.623286417014366
2022-11-22,0.8402386266803398,0.5698186305680413,0.7007222958092469,0.45595326534151626,0.82949788275241,0.6125119071783854
2022-11-23,0.8816385518507567,0.8827456918838305,0.7108613071002381,0.7063489312017631,0.8355491674964342,0.605321381341769
2022-11-24,0.9917654320325212,0.11832445370516356,0.7119728742125039,0.09467998788112386,0.8996268937810848,0.6950663673292176
2022-11-25,0.9924627953074264,0.9816056230543901,0.7262977058326207,0.7854539411304825,0.9104864247963882,0.7027031733160108
2022-11-28,1.0614281753293129,0.5663625674018455,0.7205095746694286,0.453187818230244,0.9188163904171085,0.6813038786975197
2022-11-29,0.9520621976057208,0.7836720642756967,0.7351985237548768,0.6270729272351574,0.9289838342385786,0.6733792726508437
2022-11-30,1.379775394011635,1.0152075635554885,0.7590599572017641,0.8123412938272765,0.9562204534748192,0.6950825856903707
2022-12-01,1.0892136209556076,1.3036754109590476,0.7805378442851011,1.0431653664599547,0.9651372747991105,0.6995537598025091
2022-12-02,1.077368232771837,0.8656854903755834,0.7814945464844152,0.6926978250992563,0.9723242296772131,0.693662550639887
2022-12-05,1.0210665304645408,1.2174375901264878,0.7936561828272508,0.9741602236036314,0.9795174719961105,0.7079493980070868
2022-12-06,1.0015087457233554,0.9915570019523288,0.7909928736734151,0.7934167620348157,0.9818483643649729,0.7061796850914885
2022-12-07,0.9473787653887434,0.7004545223742811,0.8889071317637351,0.5604845288779119,0.9804681840620623,0.695248663260266
2022-12-08,0.915362461626711,0.9202550665707399,0.8935428769285925,0.7363629057402326,0.9733078722230717,0.6899126115686607
2022-12-09,0.9911250741057815,0.42621762492951487,0.8701510353876295,0.3410476727287574,0.9781578911158859,0.6752036104363031
2022-12-12,0.8902436256446842,0.8075564389797101,0.8640146467695501,0.6461845498686241,0.9707457588954759,0.6678931714665972
2022-12-13,0.9479918953828732,0.5774035897101857,0.8684074831651226,0.4620225419548399,0.9686110706593264,0.6398795123100048
2022-12-14,1.011248450772814,0.992870351045311,0.861958747870256,0.7944676680167447,0.973051051227119,0.6429777205046753
2022-12-15,0.9259836962450064,-0.18931614897672644,0.8216383305663484,-0.15148559853469293,0.9735789480700847,0.5951232380247676
2022-12-16,1.0146295610198917,0.7734334422858613,0.8193364869647994,0.6188802622740115,0.9823314849346232,0.5938143950667928
2022-12-19,0.8322939204030342,0.042714102741045076,0.7861602255744319,0.034178655410929654,0.9801240496942467,0.568925126095413
2022-12-20,0.8448717153034108,0.516027352940275,0.770450072498233,0.412910957902705,0.9814122604107619,0.5663586898231088
2022-12-21,1.0337758281614506,-0.10870530090529573,0.7314833555857706,-0.08698300520341222,0.9906283176241483,0.5405045817019216
2022-12-22,0.9099980383432744,0.41445170188972424,0.7182235586325721,0.33163290328816974,0.9919787693618873,0.5226609613250839
2022-12-23,0.8997375018221843,-0.19839930526921207,0.6782964463115152,-0.1587536914839136,0.9875964869709188,0.5105926908791297
2022-12-26,0.7034958958670017,-0.32742952635775613,0.6236286785411923,-0.2620001412786686,0.9738361584261367,0.4607139250501226
2022-12-27,0.8028215366854263,0.5421037303344224,0.6113134718697968,0.4337765610671481,0.9615215565859517,0.4597895794709275
2022-12-28,0.8017036807995805,0.9233292258694658,0.6065380118775007,0.7388227638340908,0.9543616272142307,0.46511100026135294
2022-12-29,0.8750978222278789,0.8035573834531122,0.6063971527188198,0.6429846151388371,0.9303293618911946,0.4570463965142844
2022-12-30,0.8304156259405298,0.49739890957971666,0.5997799006972944,0.3980049876117568,0.9180056478428575,0.4263244737119893
2023-01-02,0.7272028261833857,0.9124286021951737,0.6107481283749152,0.7301003832520488,0.9013311046719791,0.42810554790974126
2023-01-03,0.7980621918770952,0.9284280527820754,0.6227017757820497,0.7429027055128984,0.8907118504535292,0.4170932851435159
2023-01-04,0.7625766290109007,0.35816745097185476,0.6052158344183172,0.2865957868854982,0.8793341306100789,0.39295895299354844
2023-01-05,0.8296748659841806,0.8118009709750088,0.6283317183273119,0.6495809081470006,0.8737291830193854,0.39720163772064787
2023-01-06,0.8318781351681178,0.425534012140666,0.6097959979635211,0.3405006644938843,0.8697537389023096,0.37835105480415504
2023-01-09,0.6355455773150033,0.3779591538311754,0.6035158841778322,0.30243256557485115,0.8528213819122725,0.37651224017777857
2023-01-10,0.7120721057784158,0.44576463347017936,0.5922523031509815,0.3566886537245696,0.8443370238234026,0.36272672131377603
2023-01-11,0.7266652040425271,1.0196950953386434,0.5924018875437533,0.8159320938820477,0.8337976575691005,0.37957955711983354
2023-01-12,0.6479610170767306,0.7797919368756827,0.5749391050743078,0.6239681555357592,0.816498255964525,0.37146053271597707
2023-01-13,0.709594066104331,0.6541555485416888,0.5678881070131782,0.5234373577808779,0.8061939878625882,0.4035997211119566
2023-01-16,0.663647988073937,0.5937752765377903,0.5470993632268881,0.47512271746288454,0.7894805796270664,0.3967541237399982
2023-01-17,0.6261040100641715,0.42918143382618623,0.5283535109560167,0.34341923145251907,0.7796620124680731,0.41147986545626436
2023-01-18,0.7513596894182603,0.819173024718381,0.5323107943674867,0.6554798236900269,0.7752090588544944,0.4230307638270892
2023-01-19,0.5822122955812101,1.0033941816093455,0.535082098202107,0.8028885490693508,0.7537060334935306,0.46540559974483986
2023-01-20,0.6857982726419523,0.8547782714801371,0.5493674530871276,0.6839701672018377,0.7430298541744199,0.4821835646931097
2023-01-23,0.630607547193845,0.7368191720750987,0.5470095441903073,0.5895825258275014,0.7302141420492609,0.51781862266032
2023-01-24,0.5923175990334902,0.9960605258973112,0.5609647753965449,0.797020358579582,0.7249199374381414,0.5682481702726176
2023-01-25,0.6301798967698059,0.29427615797360474,0.5376783022941546,0.23547172370700395,0.716698906965969,0.5588050827792774
2023-01-27,0.7424387805588547,0.605267989428032,0.5641644402409799,0.48431887162287474,0.7138767688592678,0.5466858498168385
2023-01-30,0.666443566731087,1.0175414123017494,0.5723013725748428,0.8142087756883207,0.7039408519308491,0.5548393812715758
2023-01-31,0.8467993120585496,1.2536387780292093,0.6126655284177817,1.003127422898314,0.7047210274602785,0.5836547353328405
2023-02-01,0.8590159079921437,0.4057903446859303,0.6089909614759701,0.32470232241996916,0.7109978408797433,0.5643500657694082
2023-02-02,0.6219000304142339,1.4036584212221044,0.6594030855468834,1.12316903352621,0.7026091665243689,0.5824579861509944
2023-02-03,0.6714415526204168,0.781182606536181,0.6716274490350986,0.625080931318614,0.6982694009819649,0.5985763263620951
2023-02-06,0.5549737802638136,0.9846071622303242,0.7110609979517498,0.7878556905905753,0.6851883969000427,0.6051608398117891
2023-02-07,0.6180843748178494,1.2076127921691988,0.7622290752359818,0.9662986893019522,0.6750077416452681,0.6349607457550305
2023-02-08,0.710004713519607,0.8309939326875802,0.7718587486477536,0.6649385905655236,0.6785534147978682,0.652222937421253
2023-02-09,0.6461901440056236,1.050348047346382,0.7760927093636509,0.840459746735996,0.6754161785229733,0.6752596561360829
2023-02-10,0.6363916057441867,1.0532357290419996,0.7844153208832805,0.8427703905579981,0.6711174357468619,0.676537670263509
2023-02-13,0.5814907167223075,0.7183095513053633,0.791779008940802,0.5747716341201159,0.6679521833490322,0.674194978767526
2023-02-14,0.5902686196235895,0.6163045013957189,0.7819082055808202,0.4931499862963826,0.6622700192309017,0.6727527229825501
2023-02-15,0.6316393151916534,0.686629255844206,0.7738482456828912,0.549421929165578,0.6607457967126977,0.6762907806826783
2023-02-16,0.6602193587872708,0.9650752070609158,0.7940785042191932,0.7722267548902491,0.6623703371280834,0.6967101865606655
2023-02-17,0.6803913364948457,0.633834878210244,0.7881463011270343,0.507177313804579,0.658990891750778,0.689648162280406
2023-02-20,0.6636487831465074,0.3259025619211224,0.784825252786383,0.26077830614799097,0.6628688197300778,0.6638333888079603
2023-02-21,0.5939012155698468,0.8527912741962426,0.8006529901318853,0.6823802263834525,0.6584927693933108,0.6637576773404182
2023-02-22,0.6935729705452058,-0.18191527386921208,0.7797303265539054,-0.14556362092527012,0.6614911228862328,0.6287507179712386
2023-02-23,0.7545285173373404,0.8379716159058597,0.7736728772394793,0.6705219416130694,0.6692154523292733,0.622726983829976
2023-02-24,0.5974418501143244,0.664062943164005,0.7698152441157567,0.5313649836722406,0.6676564977266313,0.636817139066416
2023-02-27,0.6094954780988904,0.7995151305389298,0.7746605635156648,0.6397501150423407,0.6613258642761567,0.6442186268482952
2023-02-28,0.9491935110294693,1.1921723636229624,0.7946071330851706,0.9539436811708374,0.6747901473379846,0.6508726699665103
2023-03-01,0.5742813626278863,0.7983750406164578,0.8069135866448462,0.6388378463044516,0.6618131021270005,0.6335255472715645
2023-03-02,0.5160986582061703,0.9266268107057991,0.8104953795110935,0.741461400925279,0.6454837092800494,0.6533712176765792
2023-03-03,0.6754906968617982,0.645373839434397,0.7985613681052619,0.5164104746149879,0.6480356457775526,0.6244779529665211
2023-03-06,0.7706933228501465,1.185430145786686,0.8095830972488136,0.9485487430744303,0.6527619205503968,0.6398811820977505
2023-03-08,0.7679979381022206,0.9482468757565188,0.8166306873715274,0.7587611849757665,0.6629059280665114,0.6384957294494262
2023-03-09,0.7487752746536622,0.551431685494781,0.8018097260247765,0.44124053536733016,0.6691293042491692,0.6134929602144441
2023-03-10,0.6349233400009405,0.5582264250131902,0.8106080682594293,0.4466774998756251,0.6655540007482803,0.6030995749434966
2023-03-13,0.6313096139893886,-0.2849043335779275,0.7809356574925641,-0.22797264644595092,0.6648454040808405,0.5522218419348325
2023-03-14,0.6435850571287259,0.6424898170763422,0.7684339376517172,0.5141027588947031,0.6651879493848663,0.5365710023318184
2023-03-15,0.5551888357312448,0.4768824536584936,0.7425420601726933,0.3815882813675408,0.6639354788614822,0.5273717950578863
2023-03-16,0.6010833232541642,1.059737909549246,0.7643403123348038,0.8479732573564451,0.6644504647486525,0.5442681412988417
2023-03-17,0.8868643230231439,1.09485898078719,0.75404699765364,0.8760761768718511,0.676604036550152,0.5598231054753309
2023-03-20,0.5620984508083664,0.42135408094383586,0.7420527134672285,0.33715599800553575,0.6719316123606804,0.5391054503855826
2023-03-21,0.5611586393333394,0.7461785283365318,0.7341050923374354,0.5970716264289346,0.6662538648767992,0.5433861319391234
2023-03-23,0.6278825399591014,0.7588544369304288,0.719146480496143,0.6072145413925895,0.6645507104393036,0.5598830955221994
2023-03-24,0.5830782264501617,0.4150808750014302,0.7052827119066049,0.33213635038406664,0.6640353300050329,0.5432048157127048
2023-03-27,0.6464950142827692,0.6861001350029072,0.693141114828489,0.5489985411568182,0.6617935225639645,0.5762792043832805
2023-03-28,0.6172332011814773,0.8459365741444791,0.6862311429985716,0.6768952830982137,0.6552556503660663,0.5765826968349541
2023-03-29,0.8316401051009829,0.9039319251696144,0.6924185554607133,0.7233015749531801,0.6664079482225738,0.5857225345149989
2023-03-31,0.7479206823218734,0.31309621338505955,0.6823116125270247,0.2505310167143365,0.6729996246141444,0.5671882917374748
2023-04-03,0.6324443519508262,0.9202170908275291,0.6900978736931354,0.7363325185903715,0.6579163313246852,0.5568258554241192
2023-04-05,0.7266933702544897,0.5681855941596803,0.6768682199297609,0.45464655432353585,0.6651740459735711,0.5480548415202662
2023-04-06,0.7403062967644315,0.9215564373120869,0.686458938566489,0.7374042269731758,0.6758506001906311,0.5478616427606422
2023-04-10,0.6783866010251611,1.1018171767981775,0.7123227590623907,0.8816439347897228,0.6759885003888866,0.5652537122927723
2023-04-11,0.776710706348602,1.118516604453382,0.7211802700709621,0.8950063595337762,0.6762750424602415,0.5627040749813128
2023-04-12,0.8219551639000858,0.841448737467769,0.7552924037821948,0.6733042390759684,0.6788444341649018,0.5586346966051318
2023-04-13,0.7585467449981621,1.1931997032881843,0.7671333400282724,0.9547657302402155,0.6793097422765447,0.5830882773133644
2023-04-17,0.7572981507955272,0.7692978655381454,0.770641170774077,0.6155710870013256,0.685137114219144,0.591130829081255
2023-04-18,0.8512541824165715,0.9240991118128189,0.7747939701498733,0.739438805484857,0.6956106650966289,0.6371980410779601
2023-04-19,0.8018007017966663,1.174627164139895,0.7742091301671044,0.9399044929691495,0.7031447434141499,0.6574743141291242
2023-04-20,0.7389879399147349,1.0011180811248135,0.780967231517383,0.8010672757860726,0.7118970817086018,0.6774495043395304
2023-04-21,0.7318420827953792,1.0453685851638308,0.7849252906659839,0.8364753174457226,0.7181236893058025,0.6769019833914008
2023-04-24,0.7073339892249522,0.7781949587668859,0.7893526613104004,0.6226902973817375,0.7095746257916029,0.6648359891299669
2023-04-25,0.7830367058496382,1.2543054016211195,0.791648503171548,1.0036608368429971,0.7200954950792825,0.6965743147888935
2023-04-26,0.8698778425048197,0.938995810850586,0.7913401343413504,0.7513587361517583,0.7347964095160197,0.7039213200137899
2023-04-27,0.8998869692067405,0.7979532278166803,0.7995575190854135,0.6385003232521961,0.7477490013849548,0.7054111191499617
2023-04-28,1.0674374790041108,0.7398990316141825,0.80561327263878,0.5920469450976095,0.7708137276970477,0.7177878141363209
2023-05-02,0.9138623649646948,1.0877444018909952,0.8513682304877441,0.8703832856513305,0.7835455063009489,0.7330918495884405
2023-05-03,0.926793907465274,0.9959794819785284,0.863151219317817,0.7969555094549259,0.798286492314463,0.7388090032244745
2023-05-04,0.9843263843203436,0.43739641104527605,0.8618350178973765,0.34999263127978725,0.8055572675153849,0.7210323868590748
2023-05-05,0.8571868914972033,0.5263649446287922,0.8440559190666946,0.4211828157067364,0.8107604203332579,0.7291586630015701
2023-05-08,0.9185682819011456,0.39689060027313805,0.820790306382893,0.31758099063467404,0.824385369378511,0.7092181140512986
2023-05-09,1.0403703262788346,1.1215430894270229,0.8441299399989991,0.8974280699381252,0.8393223672844323,0.7303029481281839
2023-05-10,0.9182436196147616,0.9161864165315197,0.8497968696054987,0.7331072833870902,0.847795573134448,0.7300983317669418
2023-05-11,0.9477739467125392,1.0858791978501972,0.860697694969491,0.8688908004511147,0.8606235419767041,0.7294910396555795
2023-05-12,0.8229328810494785,0.9965088191356812,0.8800786264406326,0.7973790705537089,0.862824597914841,0.7248421211327191
2023-05-15,0.8471662077534761,0.6835811724407177,0.879994661021893,0.5469829362890757,0.8640251238126216,0.7188268210000099
2023-05-16,0.9932731062192226,0.6223807313700784,0.8725427995960797,0.49801201914183973,0.8752025695850529,0.6970766442810397
2023-05-17,0.928783171904128,0.6281549424324856,0.8633502335048421,0.5026323847238691,0.883368522971177,0.691698610839256
2023-05-18,0.9711433501606134,0.909890908878287,0.883243390021283,0.7280697905472853,0.8890775309589884,0.691157229175562
2023-05-19,0.9309142153194214,0.9067438290792251,0.8827942812963395,0.7255515834657756,0.8952257935076909,0.6809499477706396
2023-05-22,0.8177045625066935,0.8471327943884415,0.8920925213039649,0.6778524657823926,0.8989742041073082,0.6750825758657024
2023-05-23,0.8865465596736565,1.181874423278262,0.9007697875028373,0.9457035512863906,0.9063410839586545,0.6802839203343056
2023-05-24,0.9118124602722316,0.895987623422857,0.8939088023903268,0.7169447622272055,0.9160781540085251,0.6847722281840898
2023-05-25,0.9259020204936432,0.9617095116444472,0.8886818992966956,0.7695336175778484,0.9228812642296682,0.6736233129809875
2023-05-26,0.9584993590823504,0.33167156129598685,0.8716893267576362,0.26539450148035565,0.9271013364476459,0.650482158949016
2023-05-29,0.9842434581346048,1.1181360256683457,0.8691872041703081,0.8947018308110419,0.9311183121108775,0.6626822307375324
2023-05-30,0.9085824347193284,1.0915026752791834,0.8799273644950094,0.8733905531070862,0.9235537861925545,0.6760795454046503
2023-05-31,1.4215281501418424,1.871812669545751,0.9115178164194405,1.4977732439815241,0.9477283473914663,0.7059552577060882
2023-06-01,0.9392433318487527,1.1022445794349212,0.9091050635959413,0.8819859306764571,0.948321177124013,0.710004325383304
2023-06-02,0.978826134624098,1.1676279713441382,0.914655393269919,0.9343039305466838,0.9480592604718107,0.7378286729674419
2023-06-05,0.9718411184586772,1.1631212177235681,0.9185804810219101,0.9306977497039477,0.9535189855652142,0.762091288872071
2023-06-06,0.8919889509163722,1.1011128683398845,0.9293444113410101,0.8810803664468517,0.9522533031373678,0.7889245924821747
2023-06-07,1.0610546548304132,0.9571522322336735,0.919439305694762,0.7658870073812943,0.9532382711636335,0.7826607323604209
2023-06-08,1.0722027980577895,0.9827553059623653,0.9208979555318212,0.7863738859126951,0.9605696606133016,0.7851972372425925
2023-06-09,0.8841960682848387,0.8728368233805451,0.92339407538395,0.698420125951207,0.9575421425929347,0.7770795860759302
2023-06-12,0.8396794589105667,0.8714064666616209,0.9277776565521979,0.6972755936709153,0.9583395986815579,0.7723127538434162
2023-06-13,1.065513204568341,0.883250079594088,0.920961179142301,0.7067525284363091,0.9687370747203611,0.7799208296599512
2023-06-14,1.0507067403831312,1.2011844988868436,0.9278013463725784,0.9611549450376747,0.9714720096805474,0.8019752547026099
2023-06-15,1.0244719007031524,1.0401442632310154,0.9478929414454362,0.8322949580880654,0.9760286158138343,0.8176734724818575
2023-06-16,1.1958453221650551,0.8763192929583798,0.9595580863897558,0.7012067027500093,0.9867287097188078,0.8163942778248442
2023-06-19,1.0263578163743354,0.7824387866533866,0.9724096926024307,0.626086092251534,0.9912736431023749,0.8116578258622614
2023-06-20,1.0438951591765917,0.7369334220156907,0.9595893703553864,0.5896739455015582,1.0020446238961795,0.8074588487060312
2023-06-21,1.0677461897891596,1.0402721707317917,0.9637255621620622,0.8323973061678087,1.0106731777112037,0.8020633132241938
2023-06-22,1.0405478638218506,0.9663170782811542,0.9597401581764273,0.7732204662356238,1.0168034350230901,0.8047431086531661
2023-06-23,0.9417085062414108,0.7693764678964087,0.9521690798017849,0.6156339824561091,1.017556124820603,0.79741455459975
2023-06-26,0.8668679724132927,0.8705970202427409,0.9584029413951857,0.6966278968108821,1.0131927254554096,0.8179494781869179
2023-06-27,0.9692879156680944,0.7727510868170134,0.9634152865767501,0.6183342601121751,1.0124805567665283,0.8047891176774483
2023-06-28,1.0694745236118408,1.2715274695535022,0.984861037480784,1.0174414640258522,1.020142084809029,0.8116486848640561
2023-06-30,1.0482827826374364,0.6011268027814605,0.9745689006108899,0.4810052074627355,1.0023684958802477,0.7632311593155423
2023-07-03,1.0016539576742705,0.8341999593411329,0.9721507716196202,0.6675039653059073,1.0053404304433673,0.7530177323931352
2023-07-04,0.9942698011633312,0.9372470555641437,0.9751545803254769,0.7499594300561648,1.006075843135712,0.7442394228459676
2023-07-05,1.052949438234211,1.167375971321725,0.9746712985935923,0.9341022870290424,1.0099381440774042,0.7444015436709721
2023-07-06,1.1924200717016176,1.026547280187014,0.9790232871523975,0.821415024570403,1.0242443879243204,0.7415603369149506
2023-07-07,1.13912236226875,0.5704604009946448,0.9659816501307374,0.456466792463853,1.0279618978023366,0.7268260409665012
2023-07-10,0.997777666135654,1.2226867122917546,0.9956821551639297,0.9783604274282134,1.0244178439012823,0.7359682572291449
2023-07-11,1.048158905724791,1.0553516637403657,0.9935893430996637,0.8444635035648643,1.0322255980650898,0.7429227037821762
2023-07-12,1.0648851670099455,1.2632237102469748,0.9993133775985901,1.010797023203258,1.0429496794031554,0.7578522956646687
2023-07-13,1.0979722978176798,1.1822224756936701,0.9763270378035206,0.9459820532987889,1.0444953505102665,0.7692441778009773
2023-07-14,1.0563443035163091,0.9734092647484933,0.972032527313973,0.7788954396477261,1.044763805897561,0.7605651537347892
2023-07-17,1.140600408200733,0.8976176433150214,0.9630321830463359,0.718249059511524,1.0502937348260173,0.7551343966597158
2023-07-18,1.0163276780442936,1.2355144832441587,0.9654452918970223,0.9886248584928331,1.0417452755821712,0.7688209755046123
2023-07-19,1.039547751539594,1.0801371362408783,0.9647461008270554,0.8642961599811266,1.042373367732898,0.7801643120631642
2023-07-20,1.0819544583723535,0.8056232714304261,0.9596951354669472,0.6446376821299024,1.0441857153136485,0.7827816328549901
2023-07-21,1.0736351039938734,0.8725939433929091,0.9560230900479653,0.6982257800356682,1.0444661397995871,0.7763925125629834
2023-07-24,1.0862292021803546,1.1156291033658583,0.9641161660474756,0.8926958602294252,1.0466414416261827,0.7820818170388787
2023-07-25,1.05652959922236,1.5201569241619133,0.9857411812974853,1.2163879456032893,1.0521091127205136,0.8106891486173159
2023-07-26,1.0487422924457128,1.024014368859315,0.990433324272993,0.8193882582824467,1.0607697946268193,0.8165348801159619
2023-07-27,1.190420843759668,0.951684065458315,0.9821166431587086,0.7615115300576216,1.0712999340597513,0.8233528453514594
2023-07-28,1.2280851259708463,1.1784791277522064,0.9867278053094152,0.942986728776812,1.0788528198863705,0.8198073817681717
2023-07-31,1.2371379535964495,1.0449135354621844,0.9923476133928751,0.8361111991346881,1.0878459232653714,0.8367171908954075
2023-08-01,1.1918429271377766,1.3772837288492918,1.0121757781327387,1.1020647268843338,1.0969025408588717,0.8574105604943802
2023-08-02,1.1645251738408793,0.6764039468608791,1.0101581289609116,0.541239916907702,1.1050099395578026,0.8474715360587391
2023-08-03,1.1093558125119225,0.8892486633288283,1.0051240120474796,0.7115524308869412,1.1076959573805507,0.8368739238614962
2023-08-04,1.1372201281407002,1.080560496026061,1.0089321259723099,0.8646349208887437,1.1050673886395548,0.8389320141623694
2023-08-07,1.0204494122884125,0.9600125078904598,1.0152866606387783,0.7681757216414589,1.099416295783348,0.8537752965041603
2023-08-08,1.045271807581262,1.2222807012780426,1.0270094500066216,0.9780355485324811,1.1016779215664723,0.853759826080554
2023-08-09,1.1071317972151316,1.0148628073670747,1.0350798406916235,0.8120654293654612,1.1044861544945836,0.8522170606424873
2023-08-10,1.1164482334245782,1.2144290672315152,1.033176560614224,0.971752885962793,1.106941538609566,0.8503578160119888
2023-08-11,1.0688816030114878,0.8502935467904331,1.0414821187478565,0.6803816133063818,1.1055562674283188,0.8377101760123503
2023-08-14,0.9469498375140748,0.9691671769004808,1.0459810259998348,0.775501037109082,1.1003470071424981,0.8375485377962245
2023-08-17,0.921334097242268,1.0831499908001272,1.0508444571743676,0.8667069637011089,1.0899057542397141,0.8446179618052524
2023-08-18,1.057252067812002,1.0971304550134655,1.0485029399640922,0.8778937483499493,1.0918545347048432,0.8393450517984484
2023-08-21,0.9054691140395688,1.0466321462566466,1.0491724354997465,0.8374863844332191,1.0854698376810326,0.8380683958199766
2023-08-22,0.9986310378396416,1.155081549487113,1.0686598071161622,0.9242646273242531,1.0815020557509034,0.8513839646387551
2023-08-23,1.1622965872427795,1.0363607154248733,1.0624489405539328,0.8292674667351301,1.0857240311437084,0.8576240449577772
2023-08-24,1.1253483668496609,0.9301102996570418,1.058274228417822,0.7442487933987698,1.0875868485089135,0.8505551370134602
2023-08-25,0.9757039813349894,1.5717212242693384,1.0685574788852341,1.257648286609677,1.0837380095618958,0.8525199151566217
2023-08-28,0.9790065419737682,1.102656719806977,1.0659052870223442,0.8823157141169014,1.0804172595394221,0.8555164606725479
2023-08-29,1.1409355886330366,1.404279869384522,1.0802676405102118,1.1236662993292117,1.0780608188191063,0.872761925875957
2023-08-30,1.2052955006520685,1.1265988176306128,1.0879003463207317,0.9014735252101088,1.0769755985658311,0.8707851066584948
2023-08-31,1.5177448129912696,1.644273715760832,1.1015256540712874,1.3157028036605354,1.0903378299655846,0.8936228021121067
2023-09-01,1.2573986285276224,0.9589542627451286,1.0974862249547626,0.7673289428531548,1.0934595300317678,0.8776830028725268
2023-09-04,1.36677443610857,1.1986680254920823,1.1105877167568177,0.9591413319335496,1.1030904472826102,0.8975830702547101
2023-09-05,1.4016339108861775,1.2458298730732271,1.1230289144128283,0.9968789509768674,1.1170084519670986,0.9111700474018495
2023-09-06,1.2886014424364047,1.1985408632979253,1.125792639743897,0.9590395802277548,1.1242170859811798,0.9156655073703736
2023-09-07,1.2546457731465428,1.0374789744572241,1.109703374753741,0.8301622669925203,1.1353692936410906,0.918617247625186
2023-09-08,1.357028672527698,1.1301206379231314,1.1132402503892014,0.9042915893732955,1.1502148586385401,0.9151056305223678
2023-09-11,1.322534766826167,0.8361351541476969,1.1093886200121807,0.6690524552003939,1.1604721429057323,0.9082954888954599
2023-09-12,1.3749505903914945,1.2739563364871833,1.1125711936366802,1.0193849768386714,1.172781778951776,0.9105636836990731
2023-09-13,1.249747406887861,1.0178097961636698,1.111667735660063,0.8144235291057118,1.1813944362792221,0.9169466320704697
2023-09-14,1.2163796824049664,1.2400369710602348,1.107092843733761,0.9922436294079776,1.1942244288930741,0.9272677078942266
2023-09-15,1.5849683505945673,1.6415165586034517,1.13926326412518,1.3134966019999927,1.2258260600050885,0.9485434049560783
2023-09-18,1.2177498478997122,1.255673525353388,1.1514774261926655,1.0047555719914376,1.2334688114378365,0.9545844441771015
2023-09-20,1.1992892266599595,1.1495031159484874,1.1537755135234131,0.9198009175559513,1.2474602453721408,0.9585041838496127
2023-09-21,1.099640105490717,0.9761703958736466,1.1543141097895193,0.7811048211684649,1.2522702009745732,0.9516870502231465
2023-09-22,1.1012601124546295,1.017169564414919,1.1474770718940817,0.8139112331912605,1.2493637021751371,0.9509558010067717
2023-09-25,1.086122626773476,0.9508069206134614,1.1453418756689613,0.7608096627708504,1.247495809790557,0.9517444138340136
2023-09-26,1.009075988700714,1.1346239757690726,1.1426817059535466,0.9078950370067047,1.2490849529984487,0.9350894971862531
2023-09-27,1.0958051193206413,0.7992871337781289,1.1409814921864698,0.6395676782773814,1.2546467900149663,0.9235300669081806
2023-09-28,1.27709615549929,0.8640128138221901,1.1374763467505267,0.691359395122652,1.2611306265324072,0.9029440238507256
2023-09-29,1.0714190455511736,0.8248315064842704,1.128865730606665,0.6600075858578955,1.2547555572418883,0.8914456457863343
2023-10-03,1.1427892722308104,0.8038560549649948,1.1190899172717157,0.6432236039043879,1.2369005314913903,0.8594228267503273
2023-10-04,1.1551938933983272,1.1015925854755706,1.1209219319123467,0.8814642229631582,1.2320336393423763,0.864857840088899
2023-10-05,1.0216470708452814,0.9794005547085209,1.1150658987530602,0.783689505819552,1.2155990029012673,0.8565029912263276
2023-10-06,1.0092660717407034,0.5876088330742131,1.1001075026747047,0.47018849825359155,1.1969148200848159,0.8314224934776002
2023-10-09,0.9608134443734324,0.4657145126917401,1.0846276431091948,0.3726520008077838,1.1813058677961032,0.8034992754099826
2023-10-10,0.9980865226123355,0.6116176836144231,1.0526241917540309,0.48939972304277124,1.1690887606278073,0.7872724876028515
2023-10-11,1.2060847309564455,0.8990714418245669,1.045838015821284,0.719412349270785,1.1619009538863192,0.7784687142646369
2023-10-12,1.1525083963784528,1.1699483760209841,1.0380269660424992,0.9361606548315092,1.1538044600554758,0.791188152342309
2023-10-13,1.0866592263517203,1.0371478664180618,1.0350452676687476,0.8298973234060207,1.1400762998631055,0.782164930750278
2023-10-16,1.11321975515077,0.9668356238260276,1.0124639979375876,0.7736353921817579,1.1335749831137203,0.7802226385158041
2023-10-17,1.1824606809755374,0.867169530007652,1.0094045068463384,0.6938853129766943,1.1319597925694618,0.7660150996381239
2023-10-18,1.2185374014089572,0.5463626546212549,0.9876609944839775,0.4371844356631187,1.1145106997510994,0.7242859488601775
2023-10-19,1.0375073107847324,0.9345783090352926,0.9772859423493796,0.7478239721597014,1.105927721793243,0.7120511107729519
2023-10-20,1.0602065435566992,0.9087931509760971,0.9676276852719854,0.7271913947328856,1.099304736883564,0.7028792287337584
2023-10-23,1.007144749854172,-0.22723437122155166,0.9254705737493595,-0.18182672169389594,1.0949001961389666,0.6570253457403126
2023-10-25,0.9754589726168452,0.4020220987072413,0.9012006224421631,0.32168707517036543,1.0889096656705008,0.63358610012027
2023-10-26,1.015593234943695,0.667179687609744,0.8955687735575647,0.5338589172346674,1.085551123202416,0.6227789217614041
2023-10-27,0.9986491237641054,0.4450777407750772,0.8679394870338278,0.35613902099852335,1.0850546058244823,0.5965048257610145
2023-10-30,0.9153696996772008,0.4338466576540876,0.8484740490835084,0.3471522158159123,1.0764624429843184,0.582580279929516
2023-10-31,0.9857109422323336,0.7368335127728356,0.8317006004739284,0.5895940008611519,1.0625869566382729,0.5777343087742065
2023-11-01,0.978878350462762,0.7201832098947121,0.8009894888503037,0.5762708844185785,1.058180256872158,0.5737468468009057
2023-11-02,0.9786576864059736,0.8718714775457517,0.7881960872567159,0.6976476826474154,1.0503644670709753,0.5763384695981927
2023-11-03,1.0896747536278668,0.8176085229586911,0.777132934157056,0.6542279522212895,1.047244508034287,0.5655176948009609
2023-11-06,1.0848806384648202,0.44442046971134724,0.7594079366183127,0.3556130906907982,1.050255630301884,0.5451331036043535
2023-11-07,1.0680592271769611,1.0523317042525309,0.760580007946233,0.8420470146755756,1.053055304370277,0.5628406520054003
2023-11-08,1.159838125767311,1.014922043060482,0.7627171786944672,0.8121128281453271,1.0625326701509379,0.583767358069093
2023-11-09,1.16746327099529,1.0049879448115027,0.7583959776625482,0.8041638347431105,1.0705982295977452,0.5987561252929187
2023-11-10,1.029646767511122,0.6950840780765619,0.7549225424724959,0.5561872464049981,1.0621964218146347,0.5909835013469288
2023-11-13,0.9828348395170392,1.012770061872269,0.7598811174074985,0.8103908717243147,1.0541167286307578,0.58499446405611
2023-11-15,1.180990075202001,0.9484440996305566,0.7640015371790414,0.7589189981193649,1.0586086738141045,0.5816145438043645
2023-11-16,1.1508039571038424,0.8850237919143544,0.7667071284106868,0.7081718044669923,1.0603983977166318,0.5784972301036614
2023-11-17,1.12662037196658,1.0570004931518482,0.7652207253332293,0.8457828517114968,1.057739335382872,0.58573044623389
2023-11-20,0.9571980893482932,0.8860608398916514,0.7621094015060004,0.7090016218618589,1.0452946062371258,0.5986741217671634
2023-11-21,1.045771356565772,0.8866756090752201,0.7720782940393672,0.7094935433288704,1.045688132226699,0.5968488632514095
2023-11-22,1.0748553052722924,0.8948764505886428,0.786383691969264,0.7160556321515292,1.046385692308394,0.5963185888427734
2023-11-23,1.0042812857289125,0.9464286219669045,0.7975440565810135,0.7573062680809507,1.0462493368738581,0.6410392074034805
2023-11-24,1.0074659335037812,0.8697334266183837,0.7965661227408073,0.6959368728396911,1.047773477868474,0.6588606263401151
2023-11-28,1.089917297888216,0.9571146761851117,0.7894716660796116,0.7658569560595991,1.0513127189610703,0.6699081519984451
2023-11-29,1.2166673590412342,0.7131314025840523,0.7786711172851445,0.5706282213019843,1.0616945396885527,0.680121923441467
2023-11-30,1.6486570659926756,1.6777444513521993,0.8023680782026835,1.3424851697812306,1.0966129857035751,0.7275187307731489
2023-12-01,1.2909943551576752,1.076841777697625,0.8093571531256827,0.8616593043087005,1.1111502910809723,0.7404742214135084
2023-12-04,1.4332404620628394,0.9573956924826342,0.8230582543877286,0.7660818176060562,1.1327865821095475,0.7495128372795787
2023-12-05,1.363060291042787,1.4563920589276358,0.8404520460508068,1.1653650464596663,1.1510914680446338,0.7717850926992097
2023-12-06,1.3412428970960866,1.482982391044426,0.8595916873864177,1.1866419021200012,1.1630709034478823,0.7971381379324818
2023-12-07,1.3285589336918115,1.3464685372732244,0.9120484510029102,1.077407254370271,1.174674631792025,0.8315092885838853
2023-12-08,1.3344490203320536,1.2481590572907217,0.9402530162890262,0.9987427004097175,1.1873598600375055,0.8389709879045585
2023-12-11,1.2773041631440312,1.1265258945417074,0.9555645565200916,0.9014151741511551,1.1929534808649682,0.8432234805715029
2023-12-12,1.196163496403728,0.9897870711347116,0.9737215341987463,0.792000511859007,1.1943201582653704,0.8426442747198787
2023-12-13,1.2323484605811974,1.1466632123093645,0.9974820860205887,0.9175285044264919,1.2039726198401357,0.8598510012923308
2023-12-14,1.376101617617098,1.1541381734450864,1.0113922413763303,0.9235097636470543,1.2226996092734719,0.8652376151934137
2023-12-15,1.6134604192451876,1.382617665011807,1.0334733898802335,1.1063327965471272,1.2432934351802902,0.8817811294042596
2023-12-18,1.3980219801499714,1.2334097577322352,1.0455246658864497,0.986940714770027,1.2550657219920105,0.8950558394186897
2023-12-19,1.340111975930119,1.1451273458586413,1.0564419599831147,0.9162995461478943,1.2652319888474173,0.8984137772489943
2023-12-20,1.4324880561975293,0.45714528534885424,1.056866120504365,0.3657951397315715,1.2878648444116667,0.8820706114332664
2023-12-21,1.2054321760879896,0.820944828922322,1.0491532246600246,0.6568975728982748,1.2954677405793913,0.879566041412762
2023-12-22,1.2582389853710017,1.1828249932167774,1.0547499896652346,0.9464641713225755,1.3042002967745678,0.8905378766113831
2023-12-26,1.186668125649316,0.9662011323241617,1.0534570959156564,0.7731276894556839,1.3128853843898252,0.8912912776292276
2023-12-27,1.3157166321306475,0.8736518544298619,1.059409355127433,0.6990722914795966,1.3275639890863427,0.891440583278747
2023-12-28,1.493523258738909,1.5435956967351379,1.0771035429561955,1.2351430096132274,1.3467833205554232,0.9137875382098719
2023-12-29,1.4121839013464907,1.3537247466558577,1.0906128978570389,1.0832134744278976,1.3560936320937689,0.9381963597872965
2024-01-01,1.160022284617563,0.8329110663105397,1.0888758070035782,0.6664726283954433,1.3328253091711442,0.9060052863879733
2024-01-02,1.353198066026038,1.0761897320294918,1.0895154482995,0.8611375552194496,1.3357873906410664,0.9059804411932472
2024-01-03,1.3067119367452522,1.1723473225721677,1.0990583310555169,0.9380802261735369,1.3297622227688004,0.9141708416012223
2024-01-04,1.483133496295486,1.3715854842113955,1.1152219935600562,1.0975051475550768,1.3354799944475002,0.9109394178438609
2024-01-05,1.3725921970854251,1.4103556140989202,1.132404632343732,1.1285279438829352,1.3369728182565166,0.9081720864992388
2024-01-08,1.1850360821369152,0.5913475138112056,1.120568595405209,0.47318008820634866,1.3301383967539022,0.8793993643009567
2024-01-09,1.2101646997068605,1.0011024905211212,1.1249475642019668,0.8010548006119018,1.3242200957717505,0.8699856547867749
2024-01-10,1.2043817607957383,0.9104731959728904,1.1233928481948927,0.728535720736135,1.3207476004218315,0.8617532998622502
2024-01-11,1.274783952961096,1.097814746290458,1.1362156263184393,0.8784412994924564,1.3244914316864682,0.8658695278447953
2024-01-12,1.29856637164294,0.933282907716761,1.1114002415305917,0.7467874274954398,1.327644665546551,0.8577390003718881
2024-01-15,1.339932661947708,1.3032985864749769,1.11894880182317,1.0428638418260525,1.3259223343241993,0.8634225279042214
2024-01-16,1.3202333608787586,1.2921927117944054,1.1301087024668957,1.0339772250089923,1.3119591410686549,0.8599770244976436
2024-01-17,1.2907721253214255,1.0272565160579725,1.1158041843712403,0.8219825356939663,1.3068520051244386,0.8521218731130692
2024-01-18,1.2877523407383449,1.2757151620440281,1.1088952767378937,1.0207923408888955,1.3043586891629255,0.8570977204816883
2024-01-19,1.2890668785645785,1.4082830849811625,1.1109557616614913,1.1268695628331353,1.2975291092756422,0.893339359677001
2024-01-23,1.331852186576972,0.5127955545436069,1.0864436449032544,0.4103249613191652,1.3035491097751173,0.8815978067446625
2024-01-24,1.3220973914698886,1.00038748311069,1.0822390311888872,0.8004826712604896,1.3065899862560169,0.8746463067417058
2024-01-25,1.3545473110079391,1.4116958884094852,1.0963026584313798,1.1296003946867046,1.3145842331778559,0.8916211974669925
2024-01-29,1.395746346370174,0.7919493537123663,1.084478863144813,0.6336961875926926,1.3183951719511666,0.8885080496628542
2024-01-30,1.373222776051114,0.9929124187302856,1.0791046713209864,0.7945013294263593,1.3126665775374622,0.8675251125110987
2024-01-31,1.526678933600921,1.1554942231545948,1.071533889925746,0.9245948374930945,1.3181187219305304,0.859971844085632
2024-02-01,1.3775555985160195,1.3930544929802506,1.0768553811006796,1.1146840605050565,1.3284774511637902,0.8813152456146611
2024-02-02,1.4433388210221814,1.236931656186085,1.0799155247782612,0.9897588414757706,1.3327698680683686,0.8874400687697239
2024-02-05,1.4248721024185125,1.4562062553242916,1.1132175571107759,1.1652163715039658,1.338396542624238,0.8982560756902206
2024-02-06,1.456820877581798,1.2790603604364728,1.1284880748279142,1.023469077043924,1.337143560780729,0.8947305485230229
2024-02-07,1.4404881065264126,1.4325742516234756,1.1368130501081375,1.146306689236806,1.340376699325538,0.8955771554446357
2024-02-08,1.342568887195614,1.232333774708153,1.1456841381876037,0.9860797426168469,1.3478782614711904,0.9200009485118024
2024-02-09,1.3073162892937875,1.3939190863209157,1.163026379250639,1.1153758844218629,1.3525045276419962,0.9349686191694194
2024-02-12,1.1891653030951754,0.9106522089251121,1.1419282629903047,0.7286789619987496,1.35177993441816,0.9349754401819249
2024-02-13,1.1504510118675142,1.26550676412906,1.138987663572745,1.0126238604048594,1.3458593181756084,0.9413650859396585
2024-02-14,1.1959877204424223,1.0696805600143167,1.1468799800295373,0.8559290940078004,1.3409746204993933,0.9465623081545328
2024-02-15,1.2333583164679482,1.4195116872529574,1.1583240452036527,1.1358543829081515,1.3358996516670238,0.9509904291584422
2024-02-16,1.321961264554298,1.46967204119017,1.1682348691575863,1.1759913246321503,1.3359819327944304,0.9577530053309737
2024-02-20,1.210934225123259,1.1692360096459642,1.161489886672072,0.935590638764316,1.3321801280230892,0.9631629150009902
2024-02-21,1.2823007807319218,1.2158556638372875,1.1550065549966841,0.9728944095035003,1.3319205299275454,0.9608820611254952
2024-02-22,1.197290718156578,0.906112818880789,1.1654987318323369,0.7250466663833806,1.3275502365747833,0.9417476374850308
2024-02-23,1.206451467145986,1.2601014265646895,1.174132029700456,1.0082986572954227,1.3215787737447364,0.9702225753886621
2024-02-26,1.1255623849565377,0.9993060141587102,1.1770931236399833,0.7996173094180221,1.3122199639107675,0.9701813676818778
2024-02-27,1.1850161481452484,1.195825456541925,1.180360147315032,0.9568667860951824,1.3041470513934963,0.9619559577489483
2024-02-28,1.2359424713583738,0.30332763630442716,1.1593616382679544,0.2427144688187113,1.296537343059601,0.9433377806644729
2024-02-29,1.6085818785794357,1.4210977086693577,1.1632882756744336,1.137123473816935,1.3077449193704735,0.959653120873548
2024-03-01,1.1773624129362097,0.8677537295675466,1.149140309600205,0.6943527734679027,1.2911107993388204,0.9486892130628245
2024-03-04,1.1892324514747314,1.4734552933711516,1.164013602177311,1.179018579433927,1.2821430304320927,0.9517527615832471
2024-03-05,1.2222736067160531,1.3568828998222189,1.1667191934365841,1.085740542114708,1.2716161154651342,0.9563233187565297
2024-03-06,1.2240336653963144,1.0890255843630336,1.1560772767493133,0.8714084527839704,1.262052380368839,0.9423324654841488
2024-03-07,1.2224845336958972,1.703988120000905,1.1957836955978896,1.3634846348267828,1.250893506850463,0.9585236825214279
2024-03-11,1.1919709628684494,1.0137499947918331,1.196229112653928,0.8111749872139143,1.2390593571524646,0.9425650300441474
2024-03-12,1.1615345577349845,1.3312609431244011,1.1935479478110915,1.0652385539484681,1.2304386747971965,0.9463344972504151
2024-03-13,1.2889049998242703,0.7863976573342384,1.1933628912651542,0.629253872168101,1.2295619467272194,0.9231858300002358
2024-03-14,1.1830722237600275,1.2867526195397017,1.2031575646254677,1.0296242121480077,1.2292718000922125,0.9375165561978195
2024-03-15,1.4653074229986558,1.7852900267557459,1.2241507580788396,1.4285401943938802,1.2442649625270288,0.9573220959115826
2024-03-18,1.067629993264933,1.4023963761754084,1.224462154185345,1.1221591796373058,1.2381526898042912,0.9699997190367969
2024-03-19,1.0624390005582385,1.1661004228220129,1.2221011130732091,0.9330816280467878,1.2300136747609716,0.9603438735672084
2024-03-20,1.04009918916795,1.2676134281048128,1.2158146854992264,1.0143095552333425,1.2165916711711455,0.9526447416910747
2024-03-21,1.2602772131142204,1.3667980689165868,1.2187392757818971,1.093674388925725,1.2189413372659532,0.9601725393178083
2024-03-22,1.274710270330732,1.2553937610799237,1.2128332594304454,1.0045317122803488,1.218579884389706,0.9616790775452774
2024-03-26,1.2771363307873915,1.4168274435437012,1.2189830483916302,1.1337065245922735,1.2223820564197447,0.9811390707933199
2024-03-27,1.3908055272918194,1.5632345158517846,1.2246268960426592,1.250857454917973,1.231160821188594,0.9926894897277272
2024-03-28,1.44333386679734,1.105474965204268,1.231120987918631,0.8845707969142952,1.2462927965143464,0.9967348938942161
2024-04-02,1.3716318503352598,1.3196682333938186,1.2329263702274564,1.0559623850549622,1.2551792585233947,1.0014537319399202
2024-04-03,1.4338451587839842,1.3856958578695526,1.2434602134892974,1.1087958821844657,1.2646031960198523,1.042695704004956
2024-04-04,1.3959855034065678,1.2786170087530395,1.238763724205967,1.0231143191667473,1.2544795591068585,1.0372666966406614
2024-04-05,1.40520055521846,1.3355524324388375,1.2342930705809223,1.068672486187828,1.2653289944536323,1.0550914448654196
2024-04-08,1.3765093665348205,0.9783603646976466,1.2279305490826453,0.7828571742554524,1.274246942789827,1.036226616047397
2024-04-09,1.3172044744804037,1.1878753932278054,1.2269978733956626,0.9505053631207685,1.2787674603024153,1.0297868456191144
2024-04-10,1.4027722865112775,1.322473659053656,1.2408765680680915,1.0582072098494772,1.2872788232126515,1.0386820245269957
2024-04-12,1.4168313044286514,1.1875613769882651,1.238458566415544,0.950254095924317,1.2965334313427828,1.0190043798173545
2024-04-15,1.2711335523702088,1.272606918146628,1.2475685965484746,1.0183052092324865,1.300303078461914,1.0288677237230006
2024-04-16,1.2974479783847268,1.3464772404435195,1.2525903226785278,1.07741421840883,1.3067751461119017,1.0294475172687323
2024-04-18,1.3898434136033075,1.2040875387934613,1.2826156527614956,0.9634778780795789,1.3115817372442369,1.0453629461216596
2024-04-19,1.2473230318645936,0.9175964073631702,1.265832276051289,0.7342355194420463,1.3146412995349306,1.0312968178975663
2024-04-22,1.3624748637444393,1.0628801922930007,1.272336491475471,0.8504876259656514,1.3097445109990156,1.0037705051152697
2024-04-23,1.3741656236367863,1.269047004287427,1.265522881839347,1.015456663640323,1.3243414457786276,0.9986894329249371
2024-04-24,1.42051796425188,1.2917043289544465,1.263350262810421,1.033586434433412,1.341392825002134,1.003475376086205
2024-04-25,1.4988092003394295,1.3499207757562934,1.2720467691901967,1.0801696410748332,1.3632361588674429,1.0066115706500856
2024-04-26,1.4142756385525708,1.1683325950408623,1.2541915850248617,0.9348677511347157,1.37056941722165,0.9990493498028944
2024-04-29,1.4067861468330405,1.0059309416517819,1.2539309499201934,0.8049183949934543,1.376858744674141,0.9895439537416137
2024-04-30,1.5640484969512418,1.4243555317673913,1.2570341028749596,1.139730294653896,1.3905212287771813,0.9898307999350244
2024-05-02,1.4323233949964873,1.7323251180079582,1.2885650182307502,1.3861591247051006,1.3924982700964512,0.9962737365915542
2024-05-03,1.574457602510288,1.0259403135454206,1.2798712746976078,0.8209293464838302,1.3987422575113537,0.9932431913329607
2024-05-06,1.3941201295737058,1.3895885541323967,1.2666812256101627,1.1119107111437385,1.3998131279512793,0.9959073973371881
2024-05-07,1.4434947929752993,1.0185305709889336,1.2538856987706135,0.8150002733845491,1.400272634341342,0.9819171302514776
2024-05-08,1.3784002868653091,1.294452668242319,1.2581641069512903,1.0357855802762264,1.3994352430774726,0.9825205236376436
2024-05-09,1.2696276561485682,0.6477962195061174,1.237503533331334,0.5183487968184899,1.392979390740811,0.9563146336676751
2024-05-10,1.2526455813598174,1.1047454585163985,1.2287684463179942,0.8839870656380978,1.3870811152562872,0.9611303427811342
2024-05-13,1.210169910947981,0.9796688058789602,1.2195776144779622,0.7839041530608533,1.3819842312785529,0.9531969518259003
2024-05-14,1.2735705295606397,0.9458979132365445,1.2038799634677235,0.7568816094868439,1.3758317666618558,0.938848113713394
2024-05-15,1.3529507486176966,1.1935367002119133,1.1915567029463945,0.955035385950895,1.3727898354327626,0.93907579419085
2024-05-16,1.445959218402784,0.9516628881411938,1.1864296337109586,0.761494584548341,1.3811148671485995,0.9268467168249382
2024-05-17,1.3719900417151174,1.1573999568702749,1.181020691160174,0.9261197534293626,1.3846644892119515,0.9196422184925828
2024-05-21,1.419934886779821,1.4159660949715733,1.1820296990635746,1.133017297050402,1.3860974165060713,0.92771552415786
2024-05-22,1.3769731347821883,1.331471074006406,1.1837915012386868,1.0654066949264205,1.3922712309307186,0.9434855801333064
2024-05-23,1.3994855863031093,0.7707142407825658,1.164963561516811,0.6167044316885616,1.3940336462906553,0.9323530470724926
2024-05-24,1.4792738629208222,1.3901624027716386,1.1786902961192776,1.1123698891116707,1.3990388005422763,0.9369679625711284
2024-05-27,1.5695574031209556,1.1408389442878155,1.1771224144879446,0.9128680846364228,1.4061359166788985,0.9312194697236525
2024-05-28,1.426235796967089,1.1431412775562038,1.1711446684380296,0.9147103486750336,1.4026800403278348,0.9233404557998526
2024-05-29,1.4167167867703336,1.1311521077226103,1.1692643594625074,0.9051169432630143,1.4027962854810618,0.9219237506631048
2024-05-30,1.4141982879450965,1.1386737590221023,1.1647999208250233,0.9111355626741501,1.4031492445816358,0.9269817110288523
2024-05-31,1.933866548390728,1.8417065170975064,1.1813075633801562,1.4736831251625544,1.4207596279835162,0.94288422676736
2024-06-03,1.6264519554639585,1.2629155475499083,1.1832684970053713,1.0105504398512115,1.4300038451486339,0.9249980989171747
2024-06-04,1.5321467299959357,-0.025781345758138174,1.1518225719013275,-0.020629526927897882,1.4279890416955692,0.8849238668499495
2024-06-05,1.4729111803862256,0.09455723186818599,1.119545139887167,0.07566210776396595,1.4317409964961654,0.8355786952604364
2024-06-06,1.517695736590102,1.4830616887284087,1.1266789627018667,1.1867053539553858,1.435274374763537,0.853278937192381
2024-06-07,1.6316221525377184,0.8065805485171293,1.1105081700206225,0.6454036690424114,1.4473325588431756,0.8346893223717233
2024-06-10,1.582806741356403,1.378703651760603,1.1114675992207663,1.1032009103174731,1.4622458486149772,0.862539423014532
2024-06-11,1.5423509463513585,1.416700886595649,1.1197465422725927,1.133605257187839,1.476041342186003,0.8744260035645196
2024-06-12,1.5728967515893495,1.398728355466372,1.1328397893997455,1.1192241299040984,1.493314048883211,0.8903936215094361
2024-06-13,1.6313228588988258,1.3304658455809595,1.129710133193531,1.0646023386656582,1.5103498740897914,0.9050469895655702
2024-06-14,1.5642235371312143,1.129911639643228,1.1096296839147068,0.9041243546725317,1.5204104830666254,0.9026226547427909
2024-06-18,1.5885354532967273,1.4117039386710055,1.122488471418893,1.1296068362855398,1.5271998275853846,0.9201518095874194
2024-06-19,1.5779245318269328,1.3270642411838072,1.12040432765394,1.0618804679701783,1.5370062318764235,0.9266166055179345
2024-06-20,1.5826615309911551,1.3099471207317959,1.1301182126453686,1.0481838168874322,1.544755119696011,0.9225769159863646
2024-06-21,1.7410006994163014,1.703619812625802,1.1437571174581516,1.3631899253502602,1.5620897656309685,0.9367570698160712
2024-06-24,1.518203816856827,1.1449857573461415,1.160330102052819,0.9161862508971849,1.5677430147049551,0.9510181088260055
2024-06-25,1.4761929348863156,1.201824083006995,1.1635660562025054,0.9616667227374542,1.567596303846169,0.9438417675700905
2024-06-26,1.487153545916391,1.17383700895985,1.1700383296385353,0.939272232430197,1.5636723106459518,0.9450991079412228
2024-06-27,1.6300717933395945,1.5931725335920555,1.191614150317052,1.2748130369475055,1.5733787866636901,0.9622468550018165
2024-06-28,1.4817349736241914,1.5360221169971973,1.2030303308765617,1.2290828384875554,1.576474890799588,0.9776738023934612
2024-07-04,1.476676364860107,1.0473082657662287,1.2062185101307294,0.8380273967512049,1.5794500373193505,0.9741924611590355
2024-07-05,1.4841662957053037,1.4132292547328835,1.2147461533928163,1.1308273524318755,1.5580357395724256,0.9578659957909078
2024-07-08,1.471408823898872,1.4977138240980252,1.2174710776970314,1.1984295914717034,1.5506527333074214,0.9668126220585503
2024-07-09,1.5624421104344046,1.3006504570885151,1.2164437237997683,1.040744881202388,1.552095370471158,1.017354260540945
2024-07-10,1.4998918916710176,1.0802925183430019,1.2267629997184497,0.8644204924845554,1.5533801662466242,1.0549141836228775
2024-07-11,1.4834931678518897,1.4216267156545106,1.2278118101478788,1.1375467707211244,1.5517514724971857,1.0525732987069605
2024-07-12,1.5274734089458613,1.215396693265507,1.230297068447135,0.9725271538195462,1.5467920085166211,1.0681506075058718
2024-07-15,1.5762165785890514,1.522441170691486,1.2429403982183111,1.2182157371287532,1.5464781912419854,1.0736275040206944
2024-07-16,1.558096546173616,1.5644250461655926,1.257382829499744,1.2518100846758446,1.5472279817097117,1.0792563053296471
2024-07-18,1.6773206303529566,1.1828658553459377,1.2588558993772052,0.9464968680794381,1.5522005473651217,1.071031197623711
2024-07-19,1.4673060720800932,1.0401669704787704,1.232137914489914,0.8323131278059465,1.5443902241832772,1.0599698066303913
2024-07-22,1.4107614102069137,1.4228508950899341,1.237469092741248,1.1385263255847287,1.537082503853549,1.0711318052452579
2024-07-23,1.5346597927189949,1.1793185047891461,1.2776390877594912,0.9436583752978529,1.53451699620699,1.0622771166267966
2024-07-24,1.5126500600795438,1.5415175792151472,1.325871099337723,1.2334801568769829,1.531408688028543,1.0704485303842635
2024-07-25,1.5116846198515317,1.612636968983004,1.3301902753462094,1.2903879451699425,1.5280288351171323,1.0819820603024783
2024-07-26,1.607546450228889,0.8716690400335938,1.3323598917300918,0.6974856976933539,1.5216738708701125,1.0502818589854828
2024-07-29,1.6083892249674492,1.5401371804702226,1.3377410093537456,1.232375599599531,1.5259684141134757,1.0653384946379754
2024-07-30,1.5701345002349087,1.6809797815578054,1.3465503058524844,1.345073992421574,1.530441821987218,1.0835959836705524
2024-07-31,1.6345354912376038,1.5788333852884378,1.352553806846553,1.2633392431111525,1.537460009859657,1.0990277460839313
2024-08-01,1.6028119972626929,1.8401879598877229,1.3695445439901117,1.4724680172645932,1.5361619243321853,1.1084398880037927
2024-08-02,1.4514130391633726,1.3544046135269867,1.3770276431195705,1.0837574852819825,1.5347180226911938,1.1015196330892416
2024-08-05,1.5198408227406996,0.9504498477165967,1.3616525067544234,0.7605239428161902,1.5367734730664604,1.0978289924256694
2024-08-06,1.4371906472610576,0.9950242917949959,1.3505845084414632,0.7961911924251902,1.534536537426258,1.0818939371872558
2024-08-07,1.4459751616980725,1.2392918948377132,1.3482293342449938,0.9916474398164783,1.5333254106547916,1.0720471680608166
2024-08-08,1.3666330902770816,1.146056860458103,1.3296439025060705,0.9170433182783083,1.524001171599681,1.0661566174453843
2024-08-09,1.3367950159624284,0.9416048682628787,1.3228645395366283,0.753446432451566,1.5162346537087956,1.060872138396194
2024-08-12,1.3883753439749824,1.2456262184144635,1.3243246107168773,0.99671599209542,1.511705233524181,1.0541659108425894
2024-08-13,1.3262002164623872,0.8869376323141149,1.3147612981620194,0.7097032071498836,1.5021207957868727,1.0416504848107004
2024-08-14,1.2675733857992844,1.6052473896519959,1.3151637933640175,1.2844750061315777,1.487423500892122,1.0448056880965493
2024-08-16,1.3753112318468812,0.6172839280320882,1.2845391870651803,0.49393369667203296,1.4787194383051345,1.008716336286844
2024-08-19,1.398584590364561,1.3823061494871949,1.2957057831892125,1.1060835303542864,1.4654462935437824,1.016315701157075
2024-08-20,1.4427968346462727,1.2241011952331857,1.2894015145392226,0.9794922579464126,1.4642791869993148,1.0233242311637638
2024-08-21,1.4606970535331398,1.3568884431757287,1.284707335175146,1.0857449777543977,1.466657074776754,1.0208108336480337
2024-08-22,1.498307372770525,1.3428247906921063,1.2861131462952657,1.0744916281295467,1.4649260071601602,1.027040988544781
2024-08-23,1.3986210122277003,1.333126777022219,1.2945409549179063,1.0667315431430244,1.4594960525005487,1.0191005783669735
2024-08-26,1.4551824450488584,0.9592559757701692,1.2791285969217616,0.7675703653542516,1.4568054727480404,0.9942045031376548
2024-08-27,1.5298991406397713,1.3877225862375726,1.284872793354164,1.110417614728447,1.4531079818152253,1.0138679277583735
2024-08-28,1.454287301188698,1.2300059565177877,1.2751249528817072,0.984217086241501,1.4457697949686181,1.0020508556937056
2024-08-29,1.505418712070518,1.5240771278439427,1.2737800222709859,1.2195247852461828,1.4426880907703137,0.9960723220186868
2024-08-30,1.8004212480678694,2.039712895121566,1.3023415902635065,1.6321224070240765,1.4505874125241358,1.0136334250621595
2024-09-02,1.3562331853360212,1.3510107283215262,1.3127030488582652,1.0810417912723265,1.4388455643371516,0.9949940809672895
2024-09-03,1.3594790203310807,1.3810877706583617,1.311310944710546,1.1051086169772428,1.4344677539165662,0.9960108015242067
2024-09-04,1.5044922836460513,1.3554107644598679,1.31718068669957,1.0845625797079337,1.4337368711025353,1.0114412128047658
2024-09-05,1.49554954127777,1.2454248952163711,1.3073109305662776,0.9965548987849613,1.436515866055712,1.0209823416790407
2024-09-06,1.477996239474887,0.9162915935928497,1.2840994180532725,0.7331914431915961,1.4380406792831795,1.008674913268332
2024-09-09,1.3407404916531167,1.2137493129551973,1.2955020938173258,0.9712089652039928,1.436807698396324,1.0112542297886027
2024-09-10,1.3055997079857828,1.1398455715662488,1.2821590401871932,0.9120732149852707,1.4353222075402932,1.0188078860997316
2024-09-11,1.3163411005683947,1.2155107414038948,1.2666434055153963,0.9726184120170049,1.431892005473313,1.0176603822864738
2024-09-12,1.412692435723715,0.7977777324174735,1.2406082170863642,0.6383598966391859,1.4360106825809953,1.0142630817859644
2024-09-13,1.435773841848769,1.397133383540972,1.2258397312081393,1.1179478770430973,1.444020228107161,1.0063332184960367
2024-09-16,1.3092046773743795,1.124084571514297,1.2181623964743828,0.8994616943132082,1.440872296941804,1.025644075526569
2024-09-17,1.283519477352346,1.355567843038052,1.2316663296517647,1.084688269685053,1.435393005845984,1.0246252535899387
2024-09-18,1.2686922203790338,1.1651719000254077,1.2373379165927785,0.932338649529862,1.4271023099284965,1.022379843665341
2024-09-19,1.3700156361492537,1.4208865854679658,1.2433910729471203,1.1369545388121807,1.4227841471959306,1.024818394191902
2024-09-20,1.7272260992316637,1.3306331569662069,1.2495436161640572,1.0647362166547936,1.4336850389321751,1.0243538507883425
2024-09-23,1.4241598163563571,1.1734262494349144,1.2572709955364583,0.9389435539058079,1.4349011724621112,1.018268708443713
2024-09-24,1.492655701053315,1.8173087675283672,1.2763270805069216,1.4541607140193034,1.4366856132242283,1.0509634869515725
2024-09-25,1.3931592653575708,1.4442583976428156,1.2949044393512117,1.1556560229448567,1.4301741905917427,1.0531176968666398
2024-09-26,1.480347144150807,1.4407062091095317,1.2894197333331294,1.1528136589469564,1.4314151354947,1.0611461050907092
2024-09-27,1.7624626223620543,1.999725632567108,1.3355011234842966,1.6001256944638043,1.4436553216990589,1.0792699579105958
2024-09-30,1.438220511082703,1.0733062269525095,1.325201126066474,0.8588302534133148,1.4264076675569082,1.0424465220243693
2024-10-01,1.3287019905354354,1.3796025769036966,1.330384505455491,1.1039202056025053,1.4250966582806899,1.0435359703258063
2024-10-03,1.3305837569070642,1.0195766013326064,1.3191407773940536,0.8158372782230333,1.4237206933557367,1.029761144670844
2024-10-04,1.373733135019156,0.9325513440366734,1.3054649958388724,0.7462020502703941,1.4174940672306464,1.0136487385071515
2024-10-07,1.2871615996485115,1.0325145575318457,1.2954445885225268,0.8261898765050655,1.4075708319149673,1.005536118398585
2024-10-08,1.2741561609713583,1.1888760745776958,1.3030985918161109,0.9513060809361794,1.3978641615100376,1.0159225297197556
2024-10-09,1.295768806434076,1.2544706572736684,1.2986568608506475,1.0037930698911175,1.3957226526900832,1.0174741537524759
2024-10-10,1.1829491935435943,1.4087538446261059,1.3046151237875914,1.1272462518106243,1.3898821520023599,1.0277204888393976
2024-10-11,1.005902884430854,1.2832576645454803,1.2965878083443094,1.02682764486089,1.375099379805334,1.0303018808795823
2024-10-14,1.016787865026943,1.0258428557582062,1.2627921403655307,0.8208513634311015,1.356246781200726,1.0389919507268166
2024-10-15,1.2190882840704251,1.2497007081094897,1.259415139691796,0.9999762871812363,1.345928421306519,1.03337425597149
2024-10-16,1.2374557876878798,1.1487859781017784,1.2516717466065768,0.9192270834877654,1.342511807511924,1.034315464979802
2024-10-17,1.2449756689645044,0.875581189634212,1.2356774274457216,0.70061609268084,1.3406763880648838,1.0160263136938872
2024-10-18,1.1486159065841586,1.1130721655891405,1.2312656697914803,0.8906498686348587,1.334958468360366,1.014041133651268
2024-10-21,1.071622896707647,1.0173488397270725,1.2346342446626213,0.8140546843871085,1.320749290291718,0.9986649501072168
2024-10-22,1.1136815097326864,0.6296499385466611,1.21516426551567,0.5038286396782774,1.2915328812679572,0.9719550654892876
2024-10-23,1.1524119176846055,1.3087919170497986,1.2207958103651217,1.0472594545330176,1.278592505140731,0.9771129655191547
2024-10-24,1.0114584510550797,1.2270821466506363,1.2211815238733463,0.9818775336459032,1.2556783503789102,0.9546232902632784
2024-10-25,1.08155241949973,1.116235941998047,1.2317967975260322,0.8931814358863777,1.2408399291475845,0.9421245004033509
2024-10-28,0.9967771856795936,0.9074987143679771,1.2154756418869324,0.7261556220034795,1.2178127882680028,0.9218074510250902
2024-10-29,1.021741358380574,1.1492473500055398,1.2163144011699738,0.9195962606518169,1.1825403471260276,0.8894012875102336
2024-10-30,1.1549832195692022,1.2621298018976403,1.2131997997986266,1.0099217076956442,1.169052857053956,0.8965961186665351
2024-10-31,1.1550481715145064,1.2399725332089306,1.2156931542380776,0.9921920680038087,1.1607836275767691,0.8912757311618352
2024-11-01,0.0296699729640489,-0.8257155339005776,1.1408064169257928,-0.6607149603898831,1.098835352150911,0.8209637197993154
2024-11-04,0.995056989446384,0.486420561648894,1.1126659970818824,0.38922041420789344,1.080803154742684,0.8039645942725296
2024-11-05,1.055965932313245,0.8117493468191376,1.1006101003280229,0.649539599911051,1.0697938372505282,0.7955526763394813
2024-11-06,1.2181760501664092,1.0950633895258286,1.0765352543946052,0.8762397391473662,1.0671281176883878,0.7919780886352521
2024-11-07,1.1539256503704016,0.9655242261589261,1.0605774486784756,0.7725860476773845,1.060373681685356,0.7809682304345982
2024-11-08,0.9966990414192692,1.3481369574533701,1.0574918069566033,1.0787422785135512,1.0515046268222927,0.7786585174204519
2024-11-11,0.9853618870612396,1.107301152063437,1.0277443242731477,0.8860320616341445,1.0505264840904063,0.7719539658382258
2024-11-12,0.9764146483487524,0.5910322462551177,1.011668524916568,0.47292781974065945,1.0486039499628734,0.755386178043443
2024-11-13,0.9250495825238094,0.7667731146220719,0.9912408761738472,0.6135508504513024,1.0346021070320823,0.7369849667705889
2024-11-14,0.9238034921860048,1.2523933144199337,0.999001433276758,1.002130837021599,1.0196662834367547,0.7409327645579142
2024-11-18,0.919744097178398,1.0796666423165386,1.0039052765527536,0.8639196836259886,1.0041790657326546,0.7487091260314929
2024-11-19,0.9761073752898136,1.0998777549304841,1.0061507164660415,0.8800920625166664,0.9959643737662572,0.7482063733591979
2024-11-21,0.9852176085296124,1.4292341922133196,1.0141626537205624,1.1436340651546886,0.9918498362339698,0.7639006295862255
2024-11-22,1.0151526452126134,0.3336700691651815,0.9834693007836127,0.26699365275391373,0.9871579855425378,0.7526227730660177
2024-11-25,1.6034579583601252,1.7321524421200805,0.9942492540334119,1.3860209541878519,1.0086363684318482,0.7687542730495813
2024-11-26,1.019411574204159,1.1435201016069838,0.9895913352687954,0.9150134733074643,1.0090150885818043,0.7655702701763223
2024-11-27,1.0709919528996354,1.309792789020685,0.9990563330442114,1.04806032487813,1.008512209219895,0.7729454553664058
2024-11-28,1.1745531182190718,0.7601548818386992,0.9827381388351849,0.608255121799256,1.016977729817013,0.7673311458328713
2024-11-29,1.1995857950381534,0.9962856600340195,0.9776547948995931,0.7972005047511274,1.0254465125149932,0.761502776504267
2024-12-02,1.121186289003604,0.8131171487794808,0.9755726602044352,0.6506340775864078,1.0238371348690123,0.7443938417371605
2024-12-03,1.2947727167523777,1.3658216125773568,0.9839976417707093,1.0928930553005125,1.0304906846422441,0.7491891268465274
2024-12-04,1.3116054833961808,1.5329877243840122,1.001185604592607,1.226654800606571,1.09153523275806,0.839063877370168
2024-12-05,1.2433489748162627,0.7661137680563066,1.0057343989095953,0.6130232593836803,1.103358660632816,0.8497211557118722
2024-12-06,1.2456393828514891,1.2993246496496103,1.005418823329589,1.0396840063931876,1.1123907297060658,0.8682994607824502
2024-12-09,1.269821883976734,1.347722827821443,1.009440179368616,1.078410903321828,1.1148500551256053,0.8779266590764723
2024-12-10,1.372220585881086,1.3781182722007945,1.0181695903753742,1.1027325056226445,1.1252450520546853,0.8936479189786274
2024-12-11,1.206962781726375,1.1754679198174351,1.0271018972236896,0.9405772426406487,1.1352576111169284,0.8870686315561083
2024-12-12,1.193875192170863,1.3252868255648047,1.0329698797423317,1.0604582286612507,1.1451868161221488,0.89537463950978
2024-12-13,1.1725104008326948,0.5484784445606917,1.0091815011644334,0.4388774328378535,1.1545247090975743,0.8937531925144081
2024-12-16,1.0898829624662756,0.9384022756632249,0.9991291592462431,0.7508838055470805,1.1623739176662633,0.9002928570427786
2024-12-17,1.1272176772640403,0.7307324852945254,1.0510107598860798,0.5847121257320415,1.172060307431884,0.8804157755527997
2024-12-18,1.0886360761354028,0.9731720780524142,1.0672358104328639,0.7787056493481969,1.1801027826203128,0.8763579643967144
2024-12-19,1.0751485243483407,1.1546097181723365,1.0786644894779704,0.9238870808259081,1.184819027813576,0.8784434414590592
2024-12-20,1.3473781709274408,0.8542216395104466,1.0706364311441243,0.6835247655414517,1.2020647688801394,0.8565334748108098
2024-12-23,0.917844680968808,0.6911577294590237,1.0614908812541277,0.5530454897529716,1.197431056297101,0.870154990858384
2024-12-24,0.8476049921815514,0.9669165309222674,1.048783533703091,0.7737001318247616,1.161438057907645,0.8409968564601416
2024-12-26,0.8964410259993696,0.9420729891026018,1.0432759282710633,0.753821009929374,1.1555823175169408,0.8333210248707087
2024-12-27,0.8837687204407138,0.9755599172093297,1.0560935173028703,0.7806163328574752,1.1466669254950874,0.8205855966792489
2024-12-30,1.3805490575734414,1.1869615709506627,1.07009979918049,0.9497741475569851,1.1564762559405335,0.836848407429617
