DATE,Market_Liquidity_Index
2011-06-01,-1.3039984311800599
2011-06-02,-1.400764499379262
2011-06-03,-1.397904990890634
2011-06-06,-1.7990274840719667
2011-06-07,-1.4810683936134736
2011-06-08,-1.3771004318133437
2011-06-09,-1.4608588363742567
2011-06-10,-1.5704612690744684
2011-06-13,-1.5455002818825132
2011-06-14,-1.2916344895377416
2011-06-15,-1.457286573033881
2011-06-16,-1.3244438551412236
2011-06-17,-1.3873074843985957
2011-06-20,-1.537652151904093
2011-06-21,-1.5581781056040074
2011-06-22,-1.6787168310162577
2011-06-23,-1.5246770784608383
2011-06-24,-1.5820549328986435
2011-06-27,-1.4043127541750604
2011-06-28,-1.3544828116006509
2011-06-29,-1.0975918669251765
2011-06-30,-0.9937161371907958
2011-07-01,-1.2387320024270552
2011-07-04,-1.3214240911830297
2011-07-05,-1.0934791204445786
2011-07-06,-1.1829811507585482
2011-07-07,-0.9167749557363359
2011-07-08,-1.1655384866944882
2011-07-11,-1.4847402985456022
2011-07-12,-1.4026375443684216
2011-07-13,-1.4242532530282164
2011-07-14,-1.118271709881582
2011-07-15,-1.434128089461789
2011-07-18,-1.3638080725167383
2011-07-19,-1.1367760797011885
2011-07-20,-1.2185832564932544
2011-07-21,-1.3095277164288994
2011-07-22,-1.1476184150041446
2011-07-25,-1.1661169813105277
2011-07-26,-1.1818375099751242
2011-07-27,-1.076751998151689
2011-07-28,-0.9671927791095192
2011-07-29,-1.0906744562546467
2011-08-01,-1.3976824833834014
2011-08-02,-1.4853829945704504
2011-08-03,-1.3670647917698595
2011-08-04,-1.295769306752341
2011-08-05,-1.3190444173786096
2011-08-08,-1.458896512144396
2011-08-09,-1.3574971768738364
2011-08-10,-1.6065542236142807
2011-08-11,-1.5780031973461404
2011-08-12,-1.6048721288490697
2011-08-16,-1.8199420195060103
2011-08-17,-1.563702979884724
2011-08-18,-1.7747211401172887
2011-08-19,-1.5146213066821195
2011-08-22,-2.00799965231502
2011-08-23,-1.7976572069045889
2011-08-24,-1.7353891132057624
2011-08-25,-1.596563559718583
2011-08-26,-1.977600265307062
2011-08-29,-1.9927118138287665
2011-08-30,-1.614067044013053
2011-09-02,-1.674721399358881
2011-09-05,-1.718723675632917
2011-09-06,-1.3385563239327738
2011-09-07,-1.410105451921559
2011-09-08,-1.6514830807030467
2011-09-09,-1.6540266134130939
2011-09-12,-2.263054940742428
2011-09-13,-1.8148919547884255
2011-09-14,-1.925865684355518
2011-09-15,-1.7704549129796119
2011-09-16,-1.5162509281690635
2011-09-19,-1.7770013416830335
2011-09-20,-1.6094112708483568
2011-09-21,-1.4882922566174073
2011-09-22,-1.8898649914945564
2011-09-23,-1.669016479502972
2011-09-26,-2.0205172928662596
2011-09-27,-1.9078506421501207
2011-09-28,-2.1959139653834696
2011-09-29,-1.7627082242131455
2011-09-30,-2.0774818156367894
2011-10-03,-2.332309193174883
2011-10-04,-2.02728240015307
2011-10-05,-2.228865944948005
2011-10-07,-2.1340137772853294
2011-10-10,-1.9732127571154325
2011-10-11,-1.7323153650670844
2011-10-12,-1.6949664756126719
2011-10-13,-1.7233949806855846
2011-10-14,-2.108298465307906
2011-10-17,-1.9608278081828097
2011-10-18,-1.9735250202492887
2011-10-19,-1.697943466409522
2011-10-20,-2.1307791595553613
2011-10-21,-1.863024433923744
2011-10-24,-1.987711166191611
2011-10-25,-1.6937490262741246
2011-10-26,-3.593013493942293
2011-10-28,-1.5457377906310197
2011-10-31,-1.5903443355040527
2011-11-01,-1.8439548631953375
2011-11-02,-1.789290358643109
2011-11-03,-1.788827403215844
2011-11-04,-1.5322724017373486
2011-11-08,-1.819548952612873
2011-11-09,-1.8646551922601953
2011-11-11,-1.872563073420719
2011-11-14,-2.0071758818885432
2011-11-15,-2.2408645610605435
2011-11-16,-1.7264586523666017
2011-11-17,-1.8904487775575354
2011-11-18,-1.9828104233794521
2011-11-21,-2.1353454154473104
2011-11-22,-2.1102573919447445
2011-11-23,-2.0573895399212914
2011-11-24,-1.8686120088320917
2011-11-25,-2.133487914517125
2011-11-28,-2.230240484630971
2011-11-29,-2.4503931654296083
2011-11-30,-2.109653456776762
2011-12-01,-2.0346047543932015
2011-12-02,-1.9837946573187284
2011-12-05,-2.0924756931429136
2011-12-07,-1.8085661761191048
2011-12-08,-2.3722186576166373
2011-12-09,-2.266315050165606
2011-12-12,-2.581653145220553
2011-12-13,-2.2211141280526694
2011-12-14,-2.2812930763470645
2011-12-15,-2.0197756267099076
2011-12-16,-2.1805389721243698
2011-12-19,-2.727319993925284
2011-12-20,-2.477234156653508
2011-12-21,-2.3800106865889985
2011-12-22,-2.3342459726420683
2011-12-23,-2.7888876773100577
2011-12-26,-2.923870408582595
2011-12-27,-2.903356753631977
2011-12-28,-2.7017006610029566
2011-12-29,-2.3087069259757085
2011-12-30,-2.446762776200788
2012-01-02,-2.8766327364532853
2012-01-03,-2.6236244724192916
2012-01-04,-2.4147675011401595
2012-01-05,-2.349475930695207
2012-01-06,-2.4880434620007765
2012-01-07,-4.763660426452973
2012-01-09,-2.510303809033032
2012-01-10,-1.9993854140341423
2012-01-11,-1.802196848113781
2012-01-12,-2.009973992099551
2012-01-13,-1.7000270093711394
2012-01-16,-2.064140658292563
2012-01-17,-1.7393681584170884
2012-01-18,-1.9736393622041493
2012-01-19,-1.7574859637805005
2012-01-20,-1.7147968379435634
2012-01-23,-1.7544234282224973
2012-01-24,-1.535169805262991
2012-01-25,-1.3570553892134785
2012-01-27,-1.5121665911821625
2012-01-30,-1.9220452036698497
2012-01-31,-1.5291851666588163
2012-02-01,-1.356424309357063
2012-02-02,-1.1506809938825915
2012-02-03,-1.1417110481261048
2012-02-06,-1.0815599398347062
2012-02-07,-1.0042450336320345
2012-02-08,-1.0341382506071854
2012-02-09,-1.1699198865557656
2012-02-10,-1.1146665520798602
2012-02-13,-1.261765695210707
2012-02-14,-1.1597578388800673
2012-02-15,-0.633278305493251
2012-02-16,-0.9399367391093114
2012-02-17,-0.8546346352494248
2012-02-21,-0.8665079271420894
2012-02-22,-1.2067056787946933
2012-02-23,-1.172067576563705
2012-02-24,-1.4029891024994348
2012-02-27,-1.6997160597271825
2012-02-28,-1.7956455457841152
2012-02-29,-1.2281237771999998
2012-03-01,-1.554848249422042
2012-03-02,-1.3025806633141568
2012-03-03,-3.6049780927767134
2012-03-05,-1.6555042690090138
2012-03-06,-1.3946854088870733
2012-03-07,-1.5946306483739838
2012-03-09,-1.5293168453996362
2012-03-12,-1.3499564167590026
2012-03-13,-1.075167638452397
2012-03-14,-1.0525577318695618
2012-03-15,-1.4462270801492385
2012-03-16,-1.368174083141912
2012-03-19,-1.5240795988391735
2012-03-20,-1.4418230736118605
2012-03-21,-1.4227874387304682
2012-03-22,-1.4593803369675786
2012-03-23,-1.6676215020431846
2012-03-26,-1.5556338593512709
2012-03-27,-1.366947168674847
2012-03-28,-1.4406969922216617
2012-03-29,-1.4570025226062728
2012-03-30,-1.2131313417537144
2012-04-02,-1.827592178258442
2012-04-03,-1.3625020698903485
2012-04-04,-1.6090253472443192
2012-04-09,-1.8218379165885517
2012-04-10,-1.7495452367535989
2012-04-11,-1.618729869801902
2012-04-12,-1.4595721759785316
2012-04-13,-1.360527047856652
2012-04-16,-1.8331791844474932
2012-04-17,-1.5087918740431558
2012-04-18,-1.1745205059689376
2012-04-19,-1.3948100178128313
2012-04-20,-1.243205889479223
2012-04-23,-1.5950960386721993
2012-04-24,-1.5417640033887519
2012-04-25,-1.453309702152872
2012-04-26,-1.2489701009279595
2012-04-27,-1.552362019833008
2012-04-28,-4.0286586118985435
2012-04-30,-1.662316585087027
2012-05-02,-1.5936424800495714
2012-05-03,-1.66619792396139
2012-05-04,-1.4784772659049563
2012-05-07,-1.692386399659203
2012-05-08,-1.5786541334871034
2012-05-09,-1.8603068779806995
2012-05-10,-1.7987522511717804
2012-05-11,-1.734671693217216
2012-05-14,-1.9051606276920308
2012-05-15,-1.854255119423183
2012-05-16,-1.8332176184868914
2012-05-17,-1.7594786452752085
2012-05-18,-1.7890701533803728
2012-05-21,-1.9548365344676801
2012-05-22,-1.736427733064658
2012-05-23,-2.041381406051221
2012-05-24,-1.9262290948958805
2012-05-25,-2.1863387006202335
2012-05-28,-2.0360853619877823
2012-05-29,-1.8556992392645113
2012-05-30,-2.022183326927467
2012-05-31,-1.5265846429219236
2012-06-01,-2.239084124936585
2012-06-04,-2.0031133328221165
2012-06-05,-2.1523069605261997
2012-06-06,-1.9904039348766314
2012-06-07,-1.843976974012653
2012-06-08,-1.7699054522359523
2012-06-11,-1.6180075336771849
2012-06-12,-1.874788139153106
2012-06-13,-1.6915263948548303
2012-06-14,-2.020680211686635
2012-06-15,-1.9138348893190393
2012-06-18,-1.8440605080871935
2012-06-19,-1.9469475460738634
2012-06-20,-1.7008994559244779
2012-06-21,-1.7824414881153623
2012-06-22,-1.6264830271964517
2012-06-25,-1.753622606961309
2012-06-26,-1.7578659444707194
2012-06-27,-1.5760203714383
2012-06-28,-1.3573663679255152
2012-06-29,-1.1859845917745242
2012-07-02,-1.5420827080806228
2012-07-03,-1.1510328184509024
2012-07-04,-1.1832149758380546
2012-07-05,-1.0517820087376673
2012-07-06,-1.394602321075195
2012-07-09,-1.9854261137297067
2012-07-10,-1.3442410272900363
2012-07-11,-1.3933926040868572
2012-07-12,-1.534756495867913
2012-07-13,-1.401703805003303
2012-07-16,-1.6086357026608378
2012-07-17,-1.5870881513163047
2012-07-18,-1.6116094553743787
2012-07-19,-1.3629452128746915
2012-07-20,-1.532929040225271
2012-07-23,-1.8156075420827165
2012-07-24,-1.506683129232075
2012-07-25,-1.675798910696461
2012-07-26,-1.2849587751491482
2012-07-27,-1.685277463251496
2012-07-30,-1.8157971551461545
2012-07-31,-1.5843387158578168
2012-08-01,-1.6208787082998166
2012-08-02,-1.7261271042068174
2012-08-03,-1.7460374059037052
2012-08-06,-1.4229166752328644
2012-08-07,-1.2602379833978608
2012-08-08,-1.1959401430690488
2012-08-09,-1.4615474938205244
2012-08-10,-1.560648837906777
2012-08-13,-1.6094831943459027
2012-08-14,-1.4351583060592434
2012-08-16,-1.5071281810952684
2012-08-17,-1.46651078614824
2012-08-21,-1.2392127415010943
2012-08-22,-1.3013180959605124
2012-08-23,-1.2946480826610114
2012-08-24,-1.462013027423789
2012-08-27,-1.5597236650689632
2012-08-28,-1.504384453154769
2012-08-29,-1.5621472212797398
2012-08-30,-1.2351496156183863
2012-08-31,-1.487367623803944
2012-09-03,-1.5917369639258308
2012-09-04,-1.627496387571678
2012-09-05,-1.6751087933285755
2012-09-06,-1.4275714620492435
2012-09-07,-1.5462083899181498
2012-09-08,-3.6406594566633865
2012-09-10,-1.6049727999085008
2012-09-11,-1.4080943514848359
2012-09-12,-1.4604637702421532
2012-09-13,-1.5101687678960172
2012-09-14,-1.0524457057567058
2012-09-17,-1.2104834019242685
2012-09-18,-1.015803158815255
2012-09-20,-1.4448808333593914
2012-09-21,-0.8578698212815917
2012-09-24,-0.9467065482287644
2012-09-25,-1.051408707030014
2012-09-26,-0.9543994923105372
2012-09-27,-0.8677103954975721
2012-09-28,-0.7962221293138574
2012-10-01,-1.1721109427315537
2012-10-03,-1.0183982233931874
2012-10-04,-0.759403416608725
2012-10-05,-0.9311840590062164
2012-10-08,-1.1584728539615867
2012-10-09,-1.0901590769497458
2012-10-10,-1.3923769733600997
2012-10-11,-0.9092573709224822
2012-10-12,-1.0327709142387937
2012-10-15,-1.3993711039458896
2012-10-16,-1.1582918018305768
2012-10-17,-1.2856343924598104
2012-10-18,-1.0242625787810313
2012-10-19,-1.1842916885320727
2012-10-22,-1.2302266266415596
2012-10-23,-1.3238831291701476
2012-10-25,-1.0553335578349792
2012-10-26,-1.4678957365844347
2012-10-29,-1.4074866176583642
2012-10-30,-1.5222275594118355
2012-10-31,-1.4054322381020763
2012-11-01,-1.316886000388344
2012-11-02,-1.0736736022410605
2012-11-05,-1.3278959980060985
2012-11-06,-1.119711790572029
2012-11-07,-0.9592289438384042
2012-11-08,-1.2060003253728497
2012-11-09,-1.3039022364082153
2012-11-12,-1.3766225668686256
2012-11-13,-2.670092060317839
2012-11-15,-1.4397455719124814
2012-11-16,-1.0235424951909446
2012-11-19,-1.507234571337875
2012-11-20,-1.3660543702458223
2012-11-21,-1.4577361235231656
2012-11-22,-1.4140262858970594
2012-11-23,-1.4987857629761956
2012-11-26,-1.3867478447791644
2012-11-27,-0.9244005915362421
2012-11-29,-0.6351973107617754
2012-11-30,-0.669600136461394
2012-12-03,-1.0507742985208566
2012-12-04,-0.870099919324588
2012-12-05,-0.9139935081809567
2012-12-06,-1.1480734475334624
2012-12-07,-0.8703258801450988
2012-12-10,-1.017741537652425
2012-12-11,-1.00169535922754
2012-12-12,-1.145815627478617
2012-12-13,-1.048529707962273
2012-12-14,-1.1504205259851348
2012-12-17,-1.2357190541373007
2012-12-18,-0.949713201090839
2012-12-19,-0.9721193872921184
2012-12-20,-1.0227048603458913
2012-12-21,-1.0991401165218044
2012-12-24,-1.4758083155616828
2012-12-26,-1.1121631555203677
2012-12-27,-0.7985302020559488
2012-12-28,-1.1081229851130576
2012-12-31,-1.0977577715087519
2013-01-01,-1.2038352417072642
2013-01-02,-0.9152783635767744
2013-01-03,-0.865201535854456
2013-01-04,-0.9530503665264835
2013-01-07,-0.8406331772242559
2013-01-08,-1.0946336939434076
2013-01-09,-0.8748475576085736
2013-01-10,-0.9007509854755741
2013-01-11,-1.2980536175011321
2013-01-14,-1.2257779777018258
2013-01-15,-0.9616415114149338
2013-01-16,-1.172561256293015
2013-01-17,-1.0655995244945997
2013-01-18,-1.1427219793938637
2013-01-21,-1.1610836988232116
2013-01-22,-1.1389055459089594
2013-01-23,-1.2575374864355788
2013-01-24,-1.537859861628489
2013-01-25,-1.4103339945191173
2013-01-28,-1.54401444316656
2013-01-29,-1.3731309157909635
2013-01-30,-1.3549239241737085
2013-01-31,-1.1438955709458554
2013-02-01,-1.4690619784212147
2013-02-04,-1.3746024262278977
2013-02-05,-1.3742242681512817
2013-02-06,-1.2035692833008487
2013-02-07,-1.347551006489148
2013-02-08,-1.3613632841245102
2013-02-11,-1.5132732112678868
2013-02-12,-1.5963119697877517
2013-02-13,-1.3545747903667409
2013-02-14,-1.5967971628815893
2013-02-15,-1.6955420656420592
2013-02-18,-1.7180102415157705
2013-02-19,-1.7068075171262822
2013-02-20,-1.5855054223481446
2013-02-21,-1.4618876741707187
2013-02-22,-1.4381826526345427
2013-02-25,-1.7942204943198805
2013-02-26,-1.6499604296206245
2013-02-27,-1.32450252420233
2013-02-28,-1.3477883110268094
2013-03-01,-1.7260476404240717
2013-03-04,-1.9248198855973209
2013-03-05,-1.8253500627345143
2013-03-06,-1.5734191510762892
2013-03-07,-1.6491847160633095
2013-03-08,-1.5109620445397653
2013-03-11,-1.7727132915150692
2013-03-12,-1.7416634695018933
2013-03-13,-1.8214110783370403
2013-03-14,-1.7112789099955912
2013-03-15,-1.4565312921193758
2013-03-18,-1.7565141072575392
2013-03-19,-1.5006849388300085
2013-03-20,-1.7970503132908329
2013-03-21,-1.53950311535258
2013-03-22,-1.6187633373150754
2013-03-25,-1.44252557550291
2013-03-26,-1.7983920068958401
2013-03-28,-1.5620273907572777
2013-04-01,-2.642129998966895
2013-04-02,-1.756911233264125
2013-04-03,-1.6723497135201069
2013-04-04,-2.084850626047968
2013-04-05,-2.0622697444063576
2013-04-08,-2.3460937172409206
2013-04-09,-1.795028171052983
2013-04-10,-1.83264475897044
2013-04-11,-2.0812818589820785
2013-04-12,-2.293341352359451
2013-04-15,-1.9542547532913586
2013-04-16,-2.015595636584294
2013-04-17,-1.7444765206324266
2013-04-18,-1.7331769728721422
2013-04-22,-1.7996193703049448
2013-04-23,-1.787435931055958
2013-04-25,-1.4061676177487568
2013-04-26,-1.944707746509889
2013-04-29,-1.8183755953410652
2013-04-30,-1.7757394979311185
2013-05-02,-1.6460916741062128
2013-05-03,-1.8424774006649038
2013-05-06,-1.6802974283270393
2013-05-07,-1.2854781237167805
2013-05-08,-1.3855328185001468
2013-05-09,-1.368160652998793
2013-05-10,-1.5203228890561775
2013-05-11,-3.5791738715349277
2013-05-13,-1.8412369808503766
2013-05-14,-1.804662041284178
2013-05-15,-1.2619357633585617
2013-05-16,-1.285181928604831
2013-05-17,-1.3640516298754712
2013-05-20,-1.391934760870374
2013-05-21,-1.610903613213875
2013-05-22,-1.676607460383525
2013-05-23,-1.9802482882849235
2013-05-24,-1.8631687677176492
2013-05-27,-1.8515638110152628
2013-05-28,-1.665092159518483
2013-05-29,-1.6648905445758295
2013-05-30,-1.5173690927620909
2013-05-31,-1.6147766703635602
2013-06-03,-1.884630804298136
2013-06-04,-1.6948260144036988
2013-06-05,-1.721096452651124
2013-06-06,-1.7899064132052214
2013-06-07,-1.7311644494740253
2013-06-10,-1.9728961174530093
2013-06-11,-1.8672846639668073
2013-06-12,-1.852373108303429
2013-06-13,-1.9123071003437144
2013-06-14,-2.0442082159111536
2013-06-17,-1.950362748546788
2013-06-18,-1.882932840202881
2013-06-19,-1.932712328795273
2013-06-20,-2.1196371077810072
2013-06-21,-1.8419850518740013
2013-06-24,-2.0738731634339502
2013-06-25,-1.8323600076995714
2013-06-26,-2.1924427225323204
2013-06-27,-1.7123311000541699
2013-06-28,-1.7309167392365936
2013-07-01,-2.0414323685844193
2013-07-02,-2.0491778292227742
2013-07-03,-2.357102103525817
2013-07-04,-1.8086908651327014
2013-07-05,-1.9444426207470844
2013-07-08,-2.160590727957994
2013-07-09,-1.7686743858073042
2013-07-10,-1.8154435435343275
2013-07-11,-1.714415997045854
2013-07-12,-1.9815162192423015
2013-07-15,-1.9682000144257912
2013-07-16,-1.9156221978337977
2013-07-17,-1.701738960994286
2013-07-18,-1.730224364927283
2013-07-19,-1.74508175700264
2013-07-22,-2.107308048444528
2013-07-23,-1.7758535910926228
2013-07-24,-1.9743837198912606
2013-07-25,-1.6346438374447783
2013-07-26,-2.032977859350051
2013-07-29,-2.0796370302215714
2013-07-30,-1.8434962685292382
2013-07-31,-1.7589661021738436
2013-08-01,-2.1679127165541083
2013-08-02,-2.007845919851099
2013-08-05,-2.2311639972429878
2013-08-06,-2.0352193544045165
2013-08-07,-2.129645764541343
2013-08-08,-2.3114661542226047
2013-08-12,-2.2053159809659784
2013-08-13,-1.8932469821427294
2013-08-14,-1.8575769957123123
2013-08-16,-2.2467895336612016
2013-08-19,-2.1924375950336636
2013-08-20,-2.127139671660689
2013-08-21,-2.151148514968256
2013-08-22,-2.19801929672782
2013-08-23,-2.0745902808839927
2013-08-26,-2.3103349244440747
2013-08-27,-2.482846057116793
2013-08-28,-1.953088571131237
2013-08-29,-1.986382775845871
2013-08-30,-1.9620254098031764
2013-09-02,-2.2539530623871435
2013-09-03,-2.4879222143284934
2013-09-04,-2.2915893617476772
2013-09-05,-2.063478110350712
2013-09-06,-1.9959263945679797
2013-09-10,-1.7615865768974117
2013-09-11,-1.547441098735302
2013-09-12,-1.7319387640904202
2013-09-13,-1.7875295349620928
2013-09-16,-1.7890231104894836
2013-09-17,-2.0244270372847053
2013-09-18,-2.0588029834969426
2013-09-19,-1.3465595696940964
2013-09-20,-1.7235745390297124
2013-09-23,-2.1209951343948132
2013-09-24,-1.981139400255873
2013-09-25,-1.7717438457566155
2013-09-26,-1.615950776537761
2013-09-27,-1.6640928701750766
2013-09-30,-2.080345920434449
2013-10-01,-2.0516283932248576
2013-10-03,-1.748927824267906
2013-10-04,-1.6938643325713951
2013-10-07,-1.8342010135789528
2013-10-08,-1.7156658544797185
2013-10-09,-1.6655679917625965
2013-10-10,-1.5616379330457282
2013-10-11,-1.4490339381653767
2013-10-14,-1.584907199944244
2013-10-15,-1.7487608129350594
2013-10-17,-1.7211312531751783
2013-10-18,-1.5672178484320498
2013-10-21,-1.487128365896104
2013-10-22,-1.3293521507067978
2013-10-23,-1.3921334311658187
2013-10-24,-1.384657772290337
2013-10-25,-1.7621072270526656
2013-10-28,-1.7285958318045012
2013-10-29,-1.385350352745054
2013-10-30,-1.424488301044369
2013-10-31,-1.1027640226814857
2013-11-01,-1.277983930131437
2013-11-03,-2.544526387216283
2013-11-05,-1.3694957418060312
2013-11-06,-1.157814584424218
2013-11-07,-1.432232854925632
2013-11-08,-1.480837786355346
2013-11-11,-1.729574644186058
2013-11-12,-1.4355621394058802
2013-11-13,-1.8551263853422133
2013-11-14,-1.680075574784927
2013-11-18,-1.3489233334656023
2013-11-19,-1.4379204225868676
2013-11-20,-1.2476965218096554
2013-11-21,-1.6073183045660406
2013-11-22,-1.4192588779133601
2013-11-25,-1.4822332886585317
2013-11-26,-1.30107722477415
2013-11-27,-1.4824701550437562
2013-11-28,-1.0969608979141505
2013-11-29,-1.1442533254915712
2013-12-02,-1.119090647192886
2013-12-03,-1.289027737991862
2013-12-04,-1.1757577067785359
2013-12-05,-1.0868451085749067
2013-12-06,-1.0378053527440432
2013-12-09,-0.9442399099013385
2013-12-10,-1.1599791677247184
2013-12-11,-1.1151068966547784
2013-12-12,-1.2045075719432894
2013-12-13,-1.4059553134889518
2013-12-16,-1.587912815176206
2013-12-17,-1.2809857422925717
2013-12-18,-1.009497182112986
2013-12-19,-1.3232634667738716
2013-12-20,-1.051123061223475
2013-12-23,-1.0766065580077888
2013-12-24,-1.0601613871189048
2013-12-26,-0.8521834579277119
2013-12-27,-0.9409780429290285
2013-12-30,-1.0071860806202078
2013-12-31,-0.9936910004133582
2014-01-01,-1.209480052756545
2014-01-02,-0.9608464774636744
2014-01-03,-1.223980684947884
2014-01-06,-1.0613422467926623
2014-01-07,-1.06099376282618
2014-01-08,-0.9772465457878782
2014-01-09,-1.211869508736667
2014-01-10,-1.0717153986833903
2014-01-13,-1.295768772182718
2014-01-14,-1.5704031100650628
2014-01-15,-1.201516916830189
2014-01-16,-1.1913298390606093
2014-01-17,-1.5659885613885374
2014-01-20,-1.5363501492795633
2014-01-21,-1.3862969072759794
2014-01-22,-1.2114760710528936
2014-01-23,-1.3337084779302075
2014-01-24,-1.4199839867883086
2014-01-27,-1.7913835040060702
2014-01-28,-1.4455708472908086
2014-01-29,-1.4708067539815155
2014-01-30,-1.360207426339219
2014-01-31,-1.5624843665192685
2014-02-03,-1.7490846696131412
2014-02-04,-1.3062975897821265
2014-02-05,-1.4222808420147164
2014-02-06,-1.3999348149532689
2014-02-07,-1.3207347092929618
2014-02-10,-1.68949633692028
2014-02-11,-1.553182711363155
2014-02-12,-1.3753934943179487
2014-02-13,-1.4860908148859715
2014-02-14,-1.627025511993302
2014-02-17,-1.8867929052407577
2014-02-18,-1.4084462556638118
2014-02-19,-1.4881712712018822
2014-02-20,-1.2873970671670119
2014-02-21,-1.3838936950719423
2014-02-24,-1.368039297715159
2014-02-25,-1.2994500521249543
2014-02-26,-1.0910620795008241
2014-02-28,-1.1038062793063592
2014-03-03,-1.3085262564159588
2014-03-04,-1.009226126271904
2014-03-05,-0.9006838346526809
2014-03-06,-0.8682071217560056
2014-03-07,-0.7172575117032727
2014-03-10,-0.8883212247269624
2014-03-11,-0.7999407278309304
2014-03-12,-1.0015547175949242
2014-03-13,-0.9473852454774316
2014-03-14,-1.0986934949282017
2014-03-18,-1.0739609190264565
2014-03-19,-0.9248693796223656
2014-03-20,-1.0752613221758816
2014-03-21,-0.7107059428764287
2014-03-22,-2.834471030970646
2014-03-24,-0.9142275174219738
2014-03-25,-0.841539909412781
2014-03-26,-0.7089035595648758
2014-03-27,-0.40257748079443645
2014-03-28,-0.74685083375998
2014-03-31,-0.6746241674704516
2014-04-01,-0.7735629984280283
2014-04-02,-0.5558193618955026
2014-04-03,-0.7098489125191613
2014-04-04,-0.737594175706595
2014-04-07,-0.7662394660517838
2014-04-09,-0.5683917148858844
2014-04-10,-0.4239353637853127
2014-04-11,-0.5095987987120646
2014-04-15,-0.7484591487099188
2014-04-16,-0.8486381210876677
2014-04-17,-0.5830647559616154
2014-04-21,-0.5412716408126956
2014-04-22,-0.530608543303298
2014-04-23,-0.4662343655970959
2014-04-25,-0.6654289007356663
2014-04-28,-0.5327163304059587
2014-04-29,-0.5649953272701255
2014-04-30,-0.5730624904529502
2014-05-02,-0.9252880699292567
2014-05-05,-1.0125974187828368
2014-05-06,-0.7103801632737261
2014-05-07,-0.7222522714071622
2014-05-08,-0.8879601308137807
2014-05-09,-0.5794243216224916
2014-05-12,-0.45472351045181203
2014-05-13,-0.3260804320217502
2014-05-14,-0.40639881820138485
2014-05-15,-0.4755393737098051
2014-05-16,0.09257883414008515
2014-05-19,0.03857892006530991
2014-05-20,-0.0012420679559124036
2014-05-21,-0.011684322031889655
2014-05-22,-0.015924175841960587
2014-05-23,0.051023633266184275
2014-05-26,0.13219496128136524
2014-05-27,-0.4500232577967938
2014-05-28,-0.3494094852447648
2014-05-29,-0.4439317954541225
2014-05-30,-0.2617869513730042
2014-06-02,-0.3292913608344021
2014-06-03,-0.14784140656098657
2014-06-04,-0.08179226018265973
2014-06-05,0.1661045372525611
2014-06-06,0.16700229728786278
2014-06-09,0.14094773037145847
2014-06-10,0.08161330325653528
2014-06-11,-0.023435734657097265
2014-06-12,-0.24369608831159223
2014-06-13,-0.2203775367533206
2014-06-16,-0.38010965396896584
2014-06-17,-0.37718915601532765
2014-06-18,-0.1458536972596473
2014-06-19,-0.4721237757386979
2014-06-20,-0.4599879475581618
2014-06-23,-0.5874148769604621
2014-06-24,-0.2534488604130479
2014-06-25,-0.28256358418335226
2014-06-26,-0.18392020103711726
2014-06-27,-0.2654655271424225
2014-06-30,-0.05135019242752923
2014-07-01,-0.10857928069961678
2014-07-02,0.05862155857610985
2014-07-03,-0.06368004843782442
2014-07-04,-0.013197862914499883
2014-07-07,-0.009272073657747812
2014-07-08,-0.10178833098232502
2014-07-09,-0.28524723250791506
2014-07-10,-0.21246848536163795
2014-07-11,-0.5433450874107251
2014-07-14,-0.825741430060639
2014-07-15,-0.5795981110473268
2014-07-16,-0.4057559532180587
2014-07-17,-0.3549377056037079
2014-07-18,-0.3388736232351802
2014-07-21,-0.38214457519940714
2014-07-22,-0.22395891695834086
2014-07-23,-0.295357354429234
2014-07-24,-0.2966141441112633
2014-07-25,-0.41139822969252476
2014-07-28,-0.49992408156369683
2014-07-30,-0.3554909998746543
2014-07-31,-0.14944705819712867
2014-08-01,-0.2850154811383827
2014-08-04,-0.3528036820045864
2014-08-05,-0.18845838555554853
2014-08-06,-0.2817256025074846
2014-08-07,-0.3569707738186985
2014-08-08,-0.49172481146640323
2014-08-11,-0.4960715227442407
2014-08-12,-0.42248562818205054
2014-08-13,-0.437299657171284
2014-08-14,-0.35621322876462874
2014-08-18,-0.44049535714739485
2014-08-19,-0.16231778297007832
2014-08-20,-0.169985790680686
2014-08-21,-0.09949098132238324
2014-08-22,-0.21347754484097706
2014-08-25,-0.34907110413962406
2014-08-26,-0.46441372952189713
2014-08-27,-0.23987952848787156
2014-08-28,-0.129837079572898
2014-09-01,-0.1745745168023674
2014-09-02,0.05866305317367585
2014-09-03,0.08516037525079996
2014-09-04,-0.09121152977090133
2014-09-05,0.007528311371423728
2014-09-08,0.0886619743219899
2014-09-09,0.023167391059282644
2014-09-10,0.03432012291735094
2014-09-11,0.10270420980371729
2014-09-12,0.10559647818633076
2014-09-15,-0.016869318978775794
2014-09-16,-0.07021583769050115
2014-09-17,-0.17766321207020422
2014-09-18,-0.13528206169145082
2014-09-19,0.11954905665719374
2014-09-22,-0.11372706566431863
2014-09-23,-0.17466148220625108
2014-09-24,-0.24455204661299276
2014-09-25,-0.27140029518686115
2014-09-26,-0.3301467528175395
2014-09-29,-0.4030870397591615
2014-09-30,-0.08854330877983341
2014-10-01,-0.48293592737523705
2014-10-07,-0.4798729823055471
2014-10-08,-0.36304838262009065
2014-10-09,-0.36235861895374016
2014-10-10,-0.5231264869687493
2014-10-13,-0.44750391355751057
2014-10-14,-0.4357417546873862
2014-10-16,-0.43706874004270685
2014-10-17,-0.37729278462337174
2014-10-20,-0.4251363999918946
2014-10-21,-0.4152096756126799
2014-10-22,-0.3530773912417452
2014-10-23,-1.5023600028663893
2014-10-27,-0.3338284334467819
2014-10-28,-0.34055190210987046
2014-10-29,-0.23926678490584666
2014-10-30,0.02620144874048319
2014-10-31,0.10924338383441799
2014-11-03,-0.02156020751092519
2014-11-05,0.055045036369188914
2014-11-07,0.01692430951571647
2014-11-10,-0.0966553884026156
2014-11-11,-0.03502762517387046
2014-11-12,0.12346832103723115
2014-11-13,-0.009923738937825137
2014-11-14,-0.06675360418778215
2014-11-17,-0.0005505441229378869
2014-11-18,0.08573353469022216
2014-11-19,0.08940718213244137
2014-11-20,-0.08661755109968808
2014-11-21,0.012625718991007588
2014-11-24,-0.1665852969134765
2014-11-25,-0.005629380773511603
2014-11-26,-0.18109052445997295
2014-11-27,0.11141422370814938
2014-11-28,0.12861966977831107
2014-12-01,-0.1807785871997031
2014-12-02,-0.11271051638035354
2014-12-03,0.12289468446369672
2014-12-04,0.0690173623327923
2014-12-05,0.052214954101232024
2014-12-08,-0.21071103474856925
2014-12-09,-0.27561621712498335
2014-12-10,-0.23941328672323672
2014-12-11,-0.19273395826201534
2014-12-12,-0.360668702382429
2014-12-15,-0.43997319323375006
2014-12-16,-0.36376817732073297
2014-12-17,-0.2126394954041522
2014-12-18,-0.41074872990786643
2014-12-19,-0.17426890037993137
2014-12-22,-0.37980284058119523
2014-12-23,-0.29120988810188597
2014-12-24,0.11642077639546607
2014-12-26,-0.577015928279408
2014-12-29,-0.3440293842196581
2014-12-30,-0.36571104567304646
2014-12-31,-0.1539799781500347
2015-01-01,-0.44296857151015956
2015-01-02,-0.062316466925663505
2015-01-05,-0.19076324350950355
2015-01-06,-0.24641023897526954
2015-01-07,-0.27801306249176666
2015-01-08,-0.1682582171734055
2015-01-09,-0.1771464071045872
2015-01-12,-0.30043092681010547
2015-01-13,-0.1419856005566809
2015-01-14,-0.16513418132252844
2015-01-15,0.0066596407959534165
2015-01-16,-0.13590088206046233
2015-01-19,-0.05481842177054842
2015-01-20,0.01836436033694837
2015-01-21,-0.05131465186266035
2015-01-22,-0.030931171340045818
2015-01-23,0.02005806433670111
2015-01-27,-0.03114598975973038
2015-01-28,0.0901482149047969
2015-01-29,0.044174376840537107
2015-01-30,-0.07087769074182333
2015-02-02,-0.183604472046487
2015-02-03,0.009344155282277335
2015-02-04,-0.09488909109390754
2015-02-05,-0.031645148291854844
2015-02-06,-0.2971607972580306
2015-02-09,-0.43396040846633155
2015-02-10,-0.2689052441079844
2015-02-11,-0.36031647161836977
2015-02-12,-0.18388729154903607
2015-02-13,-0.020634171737596855
2015-02-16,-0.2740549444416981
2015-02-18,-0.031771809735637126
2015-02-19,-0.05509465619797078
2015-02-20,-0.20547250338926948
2015-02-23,-0.10236479795516222
2015-02-24,-0.2127947715514033
2015-02-25,-0.08914028981925996
2015-02-26,-0.24979095231312357
2015-02-27,-0.14767267622741512
2015-02-28,-0.296990133901742
2015-03-02,0.013216100268579455
2015-03-03,-0.02019408458751938
2015-03-04,0.07085629375479365
2015-03-05,-0.11020866868379839
2015-03-09,-0.31160689900152627
2015-03-10,-0.19866797677899048
2015-03-11,-0.16826131741217729
2015-03-12,-0.21308294256147195
2015-03-13,-0.06086346015445078
2015-03-16,-0.32584010380037853
2015-03-17,-0.07824000054948511
2015-03-18,-0.10486095366858575
2015-03-19,-0.17922663834913447
2015-03-20,-0.3277600057805799
2015-03-23,-0.36064223000688267
2015-03-24,-0.33382325863251083
2015-03-25,-0.403361883609372
2015-03-26,-0.22728071159847663
2015-03-27,-0.29979890163582806
2015-03-30,-0.5171055111063553
2015-03-31,-0.22554088082252613
2015-04-01,-0.5318500249877988
2015-04-06,-0.27838939542924385
2015-04-07,-0.1460298083450094
2015-04-08,-0.07234118852720335
2015-04-09,-0.028358603986603795
2015-04-10,-0.2689911056318908
2015-04-13,-0.1433400899560433
2015-04-15,-0.08434029444009403
2015-04-16,-0.21074445993233357
2015-04-17,-0.38948391233912544
2015-04-20,-0.451272706391679
2015-04-21,-0.44102550349982794
2015-04-22,-0.2455771533546335
2015-04-23,-0.3701941212324125
2015-04-24,-0.4596766752568502
2015-04-27,-0.5798901039706231
2015-04-28,-0.5245945202864171
2015-04-29,-0.6115938531734573
2015-04-30,-0.2806149929275712
2015-05-04,-0.6422732329453218
2015-05-05,-0.4042456862413756
2015-05-06,-0.5867170798314454
2015-05-07,-0.5805595026077994
2015-05-08,-0.7186265556603418
2015-05-11,-0.46487963719082875
2015-05-12,-0.718065553216205
2015-05-14,-0.7201249494813511
2015-05-15,-0.5200412362194624
2015-05-18,-0.47110982849280036
2015-05-19,-0.44389161073345595
2015-05-20,-0.4233334876322763
2015-05-21,-0.5987790529226482
2015-05-22,-0.5043732718636772
2015-05-25,-0.6934041356322457
2015-05-26,-0.6342881168071319
2015-05-27,-0.6098963803471936
2015-05-28,-0.27872577886993266
2015-05-29,-0.03545172905780656
2015-06-01,-0.5250700000409746
2015-06-02,-0.537166822241742
2015-06-03,-0.5471517457388733
2015-06-04,-0.7928969171239691
2015-06-05,-0.7314431368250878
2015-06-08,-1.0692726665714953
2015-06-09,-0.9708720219232004
2015-06-10,-0.7099148835421676
2015-06-11,-0.6755575248391517
2015-06-12,-0.7821792141734909
2015-06-15,-0.8886823205271996
2015-06-16,-0.8179337783124827
2015-06-17,-0.5795500249761733
2015-06-18,-0.6027375365757884
2015-06-19,-0.5578814333828134
2015-06-22,-0.5066344891624703
2015-06-23,-0.4769395843495483
2015-06-24,-0.33345203916564853
2015-06-25,-0.13932645858311132
2015-06-26,-0.5741144482569226
2015-06-29,-0.8370327854673679
2015-06-30,-0.37735331422893603
2015-07-01,-0.44099619917764427
2015-07-02,-0.4096146345910945
2015-07-03,-0.45259567030006703
2015-07-06,-0.39059771412855115
2015-07-07,-0.14415904263103088
2015-07-08,-0.3402309018275423
2015-07-09,-0.5296301972697699
2015-07-10,-0.6825184232715573
2015-07-13,-0.3717285489489886
2015-07-14,-0.3010360106933857
2015-07-15,-0.2399137523477682
2015-07-16,-0.20217576440034252
2015-07-17,-0.23268269020584
2015-07-20,-0.241803981278256
2015-07-21,-0.2983357683537148
2015-07-22,-0.36836372368449194
2015-07-23,-0.15131333256222956
2015-07-24,-0.2671938284303656
2015-07-27,-0.41010550198031687
2015-07-28,-0.39408649942209717
2015-07-29,-0.23010763629003309
2015-07-30,0.10027394286250636
2015-07-31,0.06511774290191642
2015-08-03,-0.11011399623935711
2015-08-04,-0.007636446208155585
2015-08-06,0.06417017517365414
2015-08-07,-0.01364931545650757
2015-08-10,-0.09007851487697437
2015-08-11,-0.33220682148777225
2015-08-12,-0.17592183944153267
2015-08-13,-0.16147920507558614
2015-08-14,-0.3121338723312806
2015-08-17,-0.415763510234625
2015-08-18,-0.431396552582189
2015-08-19,-0.1633961721920855
2015-08-20,-0.4541887087771756
2015-08-21,-0.38394262200911433
2015-08-24,-0.39242649854815836
2015-08-25,-0.20991341597602486
2015-08-26,-0.4720653860376621
2015-08-27,-0.39128783475461987
2015-08-28,-0.32323427014149675
2015-08-31,-0.5343600243953848
2015-09-01,-0.588853779595618
2015-09-02,-0.5265658486196567
2015-09-03,-0.5860050316688059
2015-09-04,-0.7418330727525506
2015-09-07,-0.9500047094900956
2015-09-08,-0.6954710972261514
2015-09-09,-0.7283198944108594
2015-09-10,-0.7583902652239589
2015-09-11,-0.7364265682687775
2015-09-14,-0.7605641755574604
2015-09-15,-0.7402905290664888
2015-09-16,-0.6860787702179854
2015-09-18,-0.2062006664084783
2015-09-21,-0.6126603942054378
2015-09-22,-0.5903045366932855
2015-09-23,-0.7298154229299998
2015-09-24,-0.5011352335756152
2015-09-28,-0.7532492744853492
2015-09-29,-0.4444350025586449
2015-09-30,-0.5078312468085427
2015-10-01,-0.5608229577068169
2015-10-05,-0.41840048408482855
2015-10-06,-0.3049411689262047
2015-10-07,-0.32548564009604425
2015-10-08,-0.46442823654297
2015-10-09,-0.2274126035051281
2015-10-12,-0.4932357431813385
2015-10-13,-0.37118287055279114
2015-10-14,-0.346661913518046
2015-10-15,-0.24084946350913589
2015-10-16,-0.3283747437476366
2015-10-19,-0.2890804967156557
2015-10-20,-0.08231588901496313
2015-10-21,-0.15248322336984474
2015-10-23,-0.27411842439383144
2015-10-26,-0.5202029010162066
2015-10-27,-0.3604773964464858
2015-10-28,-0.2237019750609871
2015-10-29,-0.054729164755681674
2015-10-30,-0.23241492252607682
2015-11-02,-0.472433505746276
2015-11-03,-0.24033788172586013
2015-11-04,-0.19539393405555525
2015-11-05,-0.4328107119007433
2015-11-06,-0.5170169599548986
2015-11-09,-0.3900843480811096
2015-11-10,-0.5325518659337508
2015-11-11,-1.9293502540710934
2015-11-13,-0.8670542264747344
2015-11-16,-0.5338570033975157
2015-11-17,-0.35660434597445084
2015-11-18,-0.4593298333077002
2015-11-19,-0.5463338396509976
2015-11-20,-0.39644639575029217
2015-11-23,-0.4144405416495969
2015-11-24,-0.30494325807630207
2015-11-26,-0.027393515339909746
2015-11-27,-0.2778040271366676
2015-11-30,-0.14372537787745532
2015-12-01,-0.24358533251075076
2015-12-02,-0.2500836124001075
2015-12-03,-0.2865078271681311
2015-12-04,-0.5146079731467113
2015-12-07,-0.5183218072786085
2015-12-08,-0.5813538497197458
2015-12-09,-0.6162910200116144
2015-12-10,-0.6565439843387864
2015-12-11,-0.5110818263981572
2015-12-14,-0.5936081681353728
2015-12-15,-0.5731651852920142
2015-12-16,-0.44697970917275726
2015-12-17,-0.3362800198166283
2015-12-18,-0.2542887036706678
2015-12-21,-0.3759388584185948
2015-12-22,-0.4119922943441329
2015-12-23,-0.3038947774776759
2015-12-24,-0.37626136109465513
2015-12-28,-0.32348612232251606
2015-12-29,-0.33798856717987064
2015-12-30,-0.3080082896664756
2015-12-31,0.04440909955770966
2016-01-01,-0.43445517424770286
2016-01-04,-0.44648709775899076
2016-01-05,-0.29209400484350234
2016-01-06,-0.28225828865931624
2016-01-07,-0.5215157413853131
2016-01-08,-0.4725345225141818
2016-01-11,-0.47086029037202215
2016-01-12,-0.5759620477290929
2016-01-13,-0.22204023892990102
2016-01-14,-0.4811792575738735
2016-01-15,-0.697953342642737
2016-01-18,-0.7791603700548865
2016-01-19,-0.7505348031094287
2016-01-20,-0.7881340778978161
2016-01-21,-0.4866789368546465
2016-01-22,-0.6047596349619282
2016-01-25,-0.8626827775345643
2016-01-27,-0.715011140098428
2016-01-28,-0.36418665647695225
2016-01-29,-0.47098128286164476
2016-02-01,-0.6055620702575775
2016-02-02,-0.6813964429594467
2016-02-03,-0.8560773369278423
2016-02-04,-0.6121336737643709
2016-02-05,-0.6844129052493955
2016-02-08,-0.6240399040198639
2016-02-09,-0.8546331605444494
2016-02-10,-0.6477144253297861
2016-02-11,-0.7846448888977104
2016-02-12,-0.6533419707207555
2016-02-15,-1.0406905625679468
2016-02-16,-1.1654665076794388
2016-02-17,-0.8807175505858371
2016-02-18,-0.9767779265997425
2016-02-19,-1.1990010662415969
2016-02-22,-1.2536985315459146
2016-02-23,-0.9944652992048614
2016-02-24,-0.8761183010179503
2016-02-25,-0.7061035933256383
2016-02-26,-0.8336518555004498
2016-02-29,-0.8487424542655853
2016-03-01,-0.8927580790963396
2016-03-02,-0.5064840554936524
2016-03-03,-0.4814139951277045
2016-03-04,-0.4405048485812492
2016-03-08,-0.6307459063537828
2016-03-09,-0.6054627429242175
2016-03-10,-0.6285334211309155
2016-03-11,-0.5360418189108456
2016-03-14,-0.5735808501509199
2016-03-15,-0.6277535113612476
2016-03-16,-0.5329468296671942
2016-03-17,-0.5186853689910709
2016-03-18,-0.3501476656398233
2016-03-21,-0.5392785792535955
2016-03-22,-0.2613138941852067
2016-03-23,-0.3402538389588408
2016-03-28,-0.6920763498081322
2016-03-29,-0.31300485468496864
2016-03-30,-0.4364144192755045
2016-03-31,-0.16314327273817902
2016-04-01,-0.5993021846226957
2016-04-04,-0.4630858685820462
2016-04-05,-0.6743187722606236
2016-04-06,-0.5127493832087812
2016-04-07,-0.516281843370959
2016-04-08,-0.5926052643546865
2016-04-11,-0.4538970477905904
2016-04-12,-0.3283267158080171
2016-04-13,-0.13018317300449297
2016-04-18,-0.35317038597425887
2016-04-20,-0.26132673156451963
2016-04-21,-0.2782227701893702
2016-04-22,-0.356840308962787
2016-04-25,-0.4335711616063644
2016-04-26,-0.06661541448253099
2016-04-27,-0.21430149658305347
2016-04-28,-0.1629323459256791
2016-04-29,-0.3479058204083636
2016-05-02,-0.4040416905344492
2016-05-03,-0.24150031467648347
2016-05-04,-0.4619923407669119
2016-05-05,-0.3954965170390991
2016-05-06,-0.5898560199104123
2016-05-09,-0.28101451937652566
2016-05-10,-0.34209964053392106
2016-05-11,-0.3809286728441884
2016-05-12,-0.42974031262367013
2016-05-13,-0.29481269617042677
2016-05-16,-0.43620870786224036
2016-05-17,-0.17395840455486303
2016-05-18,-0.4954760228227458
2016-05-19,-0.4169248633325239
2016-05-20,-0.5411748395724248
2016-05-23,-0.5806863506071238
2016-05-24,-0.5409292650441508
2016-05-25,-0.26180048317697757
2016-05-26,-0.10316613061772287
2016-05-27,-0.2026970048015825
2016-05-30,-0.33155297736035966
2016-05-31,-0.11477956867025427
2016-06-01,-0.27288127124645917
2016-06-02,-0.30726987734037453
2016-06-03,-0.3554670280024206
2016-06-06,-0.4528648819858731
2016-06-07,-0.31343427847708527
2016-06-08,-0.3491055730164939
2016-06-09,-0.18418982148711302
2016-06-10,-0.2336342021135043
2016-06-13,-0.36448678988520544
2016-06-14,-0.39216713713400214
2016-06-15,-0.16340890042709588
2016-06-16,-0.21523168172006069
2016-06-17,-0.1746426623074577
2016-06-20,-0.376024595800125
2016-06-21,-0.29182432521554696
2016-06-22,-0.2937184605647034
2016-06-23,-0.5672593787579999
2016-06-24,-0.11627459450572128
2016-06-27,-0.39196950594724494
2016-06-28,-0.13914576610078574
2016-06-29,0.014892219122898292
2016-06-30,0.2975798117905118
2016-07-01,0.03626183481630213
2016-07-04,0.004620394448533481
2016-07-05,-0.02199825827189631
2016-07-07,-0.0033132256235269717
2016-07-08,-0.159096816775658
2016-07-11,0.044305031776200376
2016-07-12,0.0386413444131492
2016-07-13,-0.0022166521919827513
2016-07-14,-0.01763794131994806
2016-07-15,-0.1457459452389309
2016-07-18,-0.10843964646187881
2016-07-19,-0.09572259916117258
2016-07-20,0.04218803704034313
2016-07-21,-0.016667570304005203
2016-07-22,-0.0895931821244176
2016-07-25,0.0802327789887937
2016-07-26,0.08375797134307955
2016-07-27,0.02932119247584543
2016-07-28,0.4225066142423242
2016-07-29,0.11800028505725092
2016-08-01,0.1736887491186329
2016-08-02,0.042739500308978294
2016-08-03,-0.05938932546631031
2016-08-04,-0.0037237030924464213
2016-08-05,0.08403227890881014
2016-08-08,0.0014493478884090678
2016-08-09,0.04169160458474171
2016-08-10,0.0245239527621689
2016-08-11,0.024263626415531335
2016-08-12,-0.05184077943710109
2016-08-16,-0.1597919655687988
2016-08-17,-0.18674437627564766
2016-08-18,0.008814608831377248
2016-08-19,0.07639209781562953
2016-08-22,-0.07798065518031314
2016-08-23,-0.033099808404373814
2016-08-24,-0.026196024997090523
2016-08-25,0.24128830750217722
2016-08-26,-0.1952303934492384
2016-08-29,-0.29232672398599074
2016-08-30,0.10688812185656535
2016-08-31,0.2275023167752907
2016-09-01,-0.08084958865278652
2016-09-02,-0.0514578223929815
2016-09-06,0.04848166375540125
2016-09-07,0.172337087043324
2016-09-08,0.26585183547714986
2016-09-09,-0.02382005450413065
2016-09-12,-0.2125883051254735
2016-09-14,0.01284871937671441
2016-09-15,0.03759229674999879
2016-09-16,0.4341421980746665
2016-09-19,-0.040396020606578494
2016-09-20,-0.061299758940376536
2016-09-21,0.022602536643372122
2016-09-22,0.15161412776929398
2016-09-23,0.22096077356590785
2016-09-26,0.016245580305215973
2016-09-27,-0.010312124012575455
2016-09-28,0.19976559004854935
2016-09-29,0.491237610256399
2016-09-30,-0.11133322744087211
2016-10-03,0.03055548627588158
2016-10-04,0.10617247854339205
2016-10-05,0.17121522735821063
2016-10-06,0.08361991155053929
2016-10-07,-0.07106343857248329
2016-10-10,-0.14594798900825065
2016-10-13,0.0270583318651818
2016-10-14,-0.013656614996162556
2016-10-17,-0.056830271592674925
2016-10-18,0.07106854067441039
2016-10-19,0.18233817450807607
2016-10-20,0.08667436951127133
2016-10-21,0.05619157139557847
2016-10-24,0.05487549056530657
2016-10-25,0.04881327511630941
2016-10-26,0.0975679100771042
2016-10-27,0.2784322367350437
2016-10-28,0.1626515269557599
2016-10-30,-1.003139582223455
2016-11-01,-0.0017156415348447318
2016-11-02,-0.08938149517318339
2016-11-03,-0.003577659586224427
2016-11-04,0.001626640326917393
2016-11-07,-0.27949987230726664
2016-11-08,-0.15875063396876674
2016-11-09,0.2885457920675511
2016-11-10,0.010933604209429276
2016-11-11,-0.11108806983484126
2016-11-15,-0.0619958894730578
2016-11-16,-0.12929151446406348
2016-11-17,-0.3437120238951748
2016-11-18,-0.3033725466439221
2016-11-21,-0.3016963351405466
2016-11-22,-0.3179870576995006
2016-11-23,-0.25954234636123164
2016-11-24,-0.14273679632297806
2016-11-25,-0.34159878017596995
2016-11-28,-0.35902422540897017
2016-11-29,-0.3580457407443121
2016-11-30,-0.11285267947189391
2016-12-01,-0.2102067630943765
2016-12-02,-0.469239284334187
2016-12-05,-0.5856834909911554
2016-12-06,-0.5046644259122502
2016-12-07,-0.477246369946044
2016-12-08,-0.5104584817934209
2016-12-09,-0.4458329800157325
2016-12-12,-0.6098892912339412
2016-12-13,-0.5949889084730752
2016-12-14,-0.5395222560768266
2016-12-15,-0.448231767326971
2016-12-16,-0.4222898080018676
2016-12-19,-0.5813441082854406
2016-12-20,-0.5548018979636927
2016-12-21,-0.4614169927052801
2016-12-22,-0.6213981479563588
2016-12-23,-0.5060465683713692
2016-12-26,-0.8175181291044833
2016-12-27,-0.35412735787979566
2016-12-28,-0.42632750877352865
2016-12-29,-0.16270496274858906
2016-12-30,-0.33120359696823504
2017-01-02,-0.4392002329953297
2017-01-03,-0.22417331355331943
2017-01-04,-0.3033426416825991
2017-01-05,-0.14604341132539464
2017-01-06,-0.23410472705754543
2017-01-09,-0.37857741434264575
2017-01-10,-0.11098798334345256
2017-01-11,0.06621602676261382
2017-01-12,-0.043043979926189295
2017-01-13,-0.07601121435492181
2017-01-16,-0.2652763375650623
2017-01-17,-0.14270909340674515
2017-01-18,-0.0017970444489663097
2017-01-19,0.10677120220531323
2017-01-20,-0.024733171904456144
2017-01-23,-0.14340065922382567
2017-01-24,0.029271050469835264
2017-01-25,0.4520909564305435
2017-01-27,0.25969637493708453
2017-01-30,0.13074518250813247
2017-01-31,0.0526091117514554
2017-02-01,0.1524952336099902
2017-02-02,0.292364028066425
2017-02-03,0.24173061597515463
2017-02-06,0.32029247231670777
2017-02-07,0.24799331886526527
2017-02-08,0.272879883799194
2017-02-09,0.2888304507780055
2017-02-10,0.21766692752058495
2017-02-13,0.08424305608733108
2017-02-14,0.0016104483653824435
2017-02-15,-0.0626564447704406
2017-02-16,0.03306326640462298
2017-02-17,0.04926776520981984
2017-02-20,0.14130990044678376
2017-02-21,0.2739042185289262
2017-02-22,0.06652421126792708
2017-02-23,0.3934734391110603
2017-02-27,0.1258853359894259
2017-02-28,0.19373335591730634
2017-03-01,0.3167799692428056
2017-03-02,0.29333255615282255
2017-03-03,0.0403850149243693
2017-03-06,0.014169350681151978
2017-03-07,0.09884323537756133
2017-03-08,0.15490355442058334
2017-03-09,0.05541259861391656
2017-03-10,0.06370774494690289
2017-03-14,0.28054933048540914
2017-03-15,0.39962373587544964
2017-03-16,0.41810724305337915
2017-03-17,0.4380258041408135
2017-03-20,0.34792520462977905
2017-03-21,0.27996772744076837
2017-03-22,0.27752302454460337
2017-03-23,0.3104053479030779
2017-03-24,0.2933571126802139
2017-03-27,0.30200229741411183
2017-03-28,0.3379111303755686
2017-03-29,0.5195529743568024
2017-03-30,0.757531829054121
2017-03-31,0.5692404186001394
2017-04-03,0.4247896309378326
2017-04-05,0.3922296341574406
2017-04-06,0.36277413820357884
2017-04-07,0.4868082065278334
2017-04-10,0.2773645665779127
2017-04-11,0.4271833060426705
2017-04-12,0.43596831947276327
2017-04-13,0.25977815949801886
2017-04-17,0.29936580571240073
2017-04-18,0.4130009588794619
2017-04-19,0.25482585480084013
2017-04-20,0.38318844945715175
2017-04-21,0.3908821554055055
2017-04-24,0.4472985228314906
2017-04-25,0.4637896466802833
2017-04-26,0.5319205822412669
2017-04-27,0.5585873020407279
2017-04-28,0.41839112127336553
2017-05-02,0.2748437364727142
2017-05-03,0.4459478753374152
2017-05-04,0.4110609501142405
2017-05-05,0.43860318971915285
2017-05-08,0.31403239932661714
2017-05-09,0.49924581984126964
2017-05-10,0.4743750829175504
2017-05-11,0.41066612120683244
2017-05-12,0.2666182807902456
2017-05-15,0.3955312351974859
2017-05-16,0.413318475255281
2017-05-17,0.29323328817385197
2017-05-18,0.42620583931068007
2017-05-19,0.31044471638656657
2017-05-22,0.23967409245586205
2017-05-23,0.3884408593687379
2017-05-24,0.26025580925045433
2017-05-25,0.3837913466407792
2017-05-26,0.36656889712353447
2017-05-29,0.24644786359611748
2017-05-30,0.2451955664853527
2017-05-31,0.38227901148687904
2017-06-01,0.301010195883739
2017-06-02,0.30533105068437555
2017-06-05,0.22802117536225086
2017-06-06,0.1825948680424396
2017-06-07,0.18671356203794814
2017-06-08,0.3147449860952616
2017-06-09,0.20722666920172989
2017-06-12,0.23600648960027337
2017-06-13,0.20037161893259986
2017-06-14,0.24212902420632718
2017-06-15,0.2550177269887648
2017-06-16,0.38406477124116806
2017-06-19,0.18478618143257397
2017-06-20,0.27037041368251946
2017-06-21,0.24656045943840632
2017-06-22,0.23133280092626604
2017-06-23,0.20601132240691708
2017-06-27,0.10906464849934601
2017-06-28,0.1639477995755476
2017-06-29,0.5263749678368542
2017-06-30,0.2299561651969986
2017-07-03,0.25181946104616415
2017-07-04,0.29359870322171777
2017-07-05,0.3563196033086226
2017-07-06,0.42726002293071613
2017-07-07,0.23385999597944135
2017-07-10,-0.37440028088771904
2017-07-11,0.3234756176528221
2017-07-12,0.29675145652853047
2017-07-13,0.36156863676360357
2017-07-14,0.3017450984535369
2017-07-17,0.2840549372525825
2017-07-18,0.29027981791174534
2017-07-19,0.4200009649190072
2017-07-20,0.40067252806029663
2017-07-21,0.3511157449216172
2017-07-24,0.312449955143484
2017-07-25,0.3441863129750265
2017-07-26,0.4390153720286693
2017-07-27,0.656045611482357
2017-07-28,0.36825402854843453
2017-07-31,0.47348220813971714
2017-08-01,0.43592554342842527
2017-08-02,0.41545605578832057
2017-08-03,0.41352039520559497
2017-08-04,0.4845631304987714
2017-08-07,0.2825719848112283
2017-08-08,0.32658862890265233
2017-08-09,0.34855171144357694
2017-08-10,0.4572911915037306
2017-08-11,0.3731466260040208
2017-08-14,0.02453292045390233
2017-08-16,0.2983619451990845
2017-08-17,0.28767409895793966
2017-08-18,0.12112184686426802
2017-08-21,0.1721500130900642
2017-08-22,0.1493973015373476
2017-08-23,0.21704587699593442
2017-08-24,0.3518572450436501
2017-08-28,0.13755920387240778
2017-08-29,0.25816598008905156
2017-08-30,0.35775121369233026
2017-08-31,0.6068213953443204
2017-09-01,0.36175163105526714
2017-09-04,0.2747574669584608
2017-09-05,0.36466299141699543
2017-09-06,0.37590493532998
2017-09-07,0.3182380357496135
2017-09-08,0.3665670848767096
2017-09-11,0.43892931472223007
2017-09-12,0.5929501907102126
2017-09-13,0.6080673497626748
2017-09-14,0.41110046253152105
2017-09-15,0.5926156319430129
2017-09-18,0.3918653993532314
2017-09-19,0.5667901450859891
2017-09-20,0.4182495339022697
2017-09-21,0.5287323408013918
2017-09-22,0.5322012570135596
2017-09-25,0.32009315804636557
2017-09-26,0.22954677807757135
2017-09-27,0.2921283823750972
2017-09-28,0.4120333706556259
2017-09-29,0.3235747264694107
2017-10-03,0.21893072376610867
2017-10-04,0.17636309079566367
2017-10-05,0.2683773979044724
2017-10-06,0.5963117336055747
2017-10-09,0.4485486658780017
2017-10-10,0.4402348511461761
2017-10-11,0.6114071242502149
2017-10-12,0.5314434871636549
2017-10-13,0.5394655649871701
2017-10-16,0.4522209636056654
2017-10-17,0.4770393319783098
2017-10-18,0.4754267915415437
2017-10-19,-0.5335623870862434
2017-10-23,0.34112198211254136
2017-10-24,0.4060833686889067
2017-10-25,0.7034797485389622
2017-10-26,0.7699151324863291
2017-10-27,0.6174878169323619
2017-10-30,0.5924163007371634
2017-10-31,0.7128739052064955
2017-11-01,0.7969058490316682
2017-11-02,0.7381588209872916
2017-11-03,0.6199117785928335
2017-11-06,0.6492952618942595
2017-11-07,0.8044510693840526
2017-11-08,0.5380887000328326
2017-11-09,0.6073716040178233
2017-11-10,0.6702483865210471
2017-11-13,0.4671357293253504
2017-11-14,0.44736961585769613
2017-11-15,0.4776996427461148
2017-11-16,0.41824384261479225
2017-11-17,0.6232336551056245
2017-11-20,0.4542875143803036
2017-11-21,0.5582185946677913
2017-11-22,0.5087681705835027
2017-11-23,0.5827183606707169
2017-11-24,0.5794259700006871
2017-11-27,0.462888706136615
2017-11-28,0.5696507856033117
2017-11-29,0.5633319353625649
2017-11-30,0.7673437664135174
2017-12-01,0.5260241290589804
2017-12-04,0.3175827004285422
2017-12-05,0.4108364499234143
2017-12-06,0.3740711830760317
2017-12-07,0.47431827251685227
2017-12-08,0.5860806761505305
2017-12-11,0.4085898824545948
2017-12-12,0.4332084867617645
2017-12-13,0.5355969117884107
2017-12-14,0.47529204411931075
2017-12-15,0.4809416820432195
2017-12-18,0.6380719221449661
2017-12-19,0.6276263804424594
2017-12-20,0.6288982054176114
2017-12-21,0.6666051654093088
2017-12-22,0.6519249968971984
2017-12-26,0.6216336034763763
2017-12-27,0.6506020378667483
2017-12-28,0.9814382065544176
2017-12-29,0.8190283205745267
2018-01-01,0.6652170716000957
2018-01-02,0.6990845585945865
2018-01-03,0.7496948843084412
2018-01-04,0.7892966530452424
2018-01-05,0.8155208819128478
2018-01-08,0.7580637270713662
2018-01-09,0.7791636064874553
2018-01-10,0.8511852322439963
2018-01-11,0.7277180408872009
2018-01-12,0.8000635960177721
2018-01-15,0.762598225287914
2018-01-16,0.5872168311723337
2018-01-17,0.6662759298558384
2018-01-18,0.7728332953341844
2018-01-19,0.601689565903917
2018-01-22,0.5808095508206813
2018-01-23,0.7725352017788942
2018-01-24,0.7935491731572537
2018-01-25,0.9592523438291974
2018-01-29,0.5737339671203953
2018-01-30,0.6111354147804566
2018-01-31,0.6566142765002084
2018-02-01,0.7580191855591916
2018-02-02,0.7786875516408438
2018-02-05,0.6118749430737704
2018-02-06,0.708751919101623
2018-02-07,0.5455361679459718
2018-02-08,0.5970454693268686
2018-02-09,0.5779231007923603
2018-02-12,0.6067487125014754
2018-02-14,0.627852773775113
2018-02-15,0.5645641288294527
2018-02-16,0.44261648395244685
2018-02-19,0.33222557139762476
2018-02-20,0.33444444297782144
2018-02-21,0.3759701445417427
2018-02-22,0.6590963853429592
2018-02-23,0.47515526353652215
2018-02-26,0.5941525225735129
2018-02-27,0.46862566598502864
2018-02-28,0.47053733860445124
2018-03-01,0.4626184668310978
2018-03-05,0.2899351564344837
2018-03-06,0.45328421905055144
2018-03-07,0.39016614122603566
2018-03-08,0.42710860543041207
2018-03-09,0.2577475959176291
2018-03-12,0.4385874065616331
2018-03-13,0.41605711648854776
2018-03-14,0.5121494147307057
2018-03-15,0.6067616510453852
2018-03-16,0.6509553804284971
2018-03-19,0.44635175718008396
2018-03-20,0.42371235659642065
2018-03-21,0.3983936849868286
2018-03-22,0.37547397201410737
2018-03-23,0.517685691874392
2018-03-26,0.5775661696978244
2018-03-27,0.5297427628882796
2018-03-28,0.7585253326883004
2018-04-02,0.13030423813092928
2018-04-03,0.481797102090497
2018-04-04,0.5522421470841582
2018-04-05,0.5016815715869848
2018-04-06,0.49187151618101943
2018-04-09,0.3992353563203085
2018-04-10,0.43004626210927227
2018-04-11,0.5210662130868621
2018-04-12,0.48985788261264046
2018-04-13,0.5423772594861812
2018-04-16,0.446344390901202
2018-04-17,0.42161180178139673
2018-04-18,0.4165008373009199
2018-04-19,0.529627825737752
2018-04-20,0.5834902826994853
2018-04-23,0.5386477872767698
2018-04-24,0.5564758886881777
2018-04-25,0.41985685321156163
2018-04-26,0.6877380323658708
2018-04-27,0.5310746370822684
2018-04-30,0.395043897917735
2018-05-02,0.4624564592460178
2018-05-03,0.2995338012308639
2018-05-04,0.35440729268794774
2018-05-07,0.4072541061713177
2018-05-08,0.4106583172397779
2018-05-09,0.45314890051331863
2018-05-10,0.4168538259934519
2018-05-11,0.40550595923742283
2018-05-14,0.3144715135591516
2018-05-15,0.41588696655830487
2018-05-16,0.35640093257046074
2018-05-17,0.38184243065492096
2018-05-18,0.4448133570916961
2018-05-21,0.290028710605336
2018-05-22,0.2689958911353091
2018-05-23,0.3053170809061443
2018-05-24,0.32658016549596963
2018-05-25,0.30155705711473946
2018-05-28,0.3784646499024581
2018-05-29,0.3730461676506149
2018-05-30,0.2784159422418786
2018-05-31,0.7780271109995974
2018-06-01,0.3241994383631772
2018-06-04,0.20369006060385325
2018-06-05,0.27003911314377876
2018-06-06,0.16876789730290134
2018-06-07,0.32520494708889064
2018-06-08,0.4172894313338004
2018-06-11,0.3798035034732918
2018-06-12,0.4200021955096534
2018-06-13,0.3698566968037427
2018-06-14,0.3238824574129878
2018-06-15,0.43252397534434306
2018-06-18,0.21480858566266192
2018-06-19,0.2586932437297047
2018-06-20,0.18276052099370596
2018-06-21,0.1931694998983492
2018-06-22,0.22086936716742148
2018-06-25,0.17913498123173205
2018-06-26,0.2563470696630778
2018-06-27,0.2987915137930855
2018-06-28,0.4510089380188533
2018-06-29,0.26034572956420954
2018-07-02,0.18697727953180443
2018-07-03,0.1548115836242496
2018-07-04,0.21335525265256308
2018-07-05,0.22579252884021128
2018-07-06,0.28440978331971967
2018-07-09,0.23828639806259902
2018-07-10,0.3138832378713113
2018-07-11,0.29380530313595926
2018-07-12,0.3203357730082126
2018-07-13,0.218625439265249
2018-07-16,0.17054542576581475
2018-07-17,0.22316014291978706
2018-07-18,0.23227338949616413
2018-07-19,0.10414584710441409
2018-07-20,0.14135258825537753
2018-07-23,0.23235271315575293
2018-07-24,0.46726334209980847
2018-07-25,0.41928760100617946
2018-07-26,0.6160727874045175
2018-07-27,0.46968161322866225
2018-07-30,0.42341725909857625
2018-07-31,0.5424504178584002
2018-08-01,0.4418688661461319
2018-08-02,0.38288335395564876
2018-08-03,0.544141767342
2018-08-06,0.5104939458890476
2018-08-07,0.5105455210586665
2018-08-08,0.5305869137758334
2018-08-09,0.5516830417507109
2018-08-10,0.4645507290512423
2018-08-13,0.3627556588735335
2018-08-14,0.4081833770367903
2018-08-16,0.2967220627346591
2018-08-17,0.3758991721133119
2018-08-20,0.4237953571570037
2018-08-21,0.5129055735978586
2018-08-23,0.42964256839228143
2018-08-24,0.5064640247269017
2018-08-27,0.5749274054623558
2018-08-28,0.5755421080864196
2018-08-29,0.6378974958207674
2018-08-30,0.7661188407657465
2018-08-31,0.7133373312546765
2018-09-03,0.6518580922198578
2018-09-04,0.6117793389672219
2018-09-05,0.45744543560175327
2018-09-06,0.4671816741544844
2018-09-07,0.41311437390229655
2018-09-10,0.3146167704367641
2018-09-11,0.406622374832976
2018-09-12,0.38995281383719144
2018-09-14,0.37234937246044947
2018-09-17,0.2644896562833112
2018-09-18,0.38457723178433223
2018-09-19,0.3240523070481214
2018-09-21,0.8009958635901561
2018-09-24,0.36685568974440014
2018-09-25,0.4442324423841578
2018-09-26,0.32991858823503034
2018-09-27,0.4438446805034058
2018-09-28,0.4495609194199525
2018-10-01,0.36704130617028885
2018-10-03,0.1533222526852806
2018-10-04,0.28294965371400865
2018-10-05,0.2545089679136086
2018-10-08,0.1136547134320729
2018-10-09,0.1644444366258061
2018-10-10,0.21656635632780558
2018-10-11,0.1000486256118937
2018-10-12,0.09901490008395872
2018-10-15,0.06735141849799604
2018-10-16,0.15716961613542463
2018-10-17,0.14218188882341973
2018-10-19,0.055396406926830837
2018-10-22,-0.011061588631380632
2018-10-23,0.01172057608387503
2018-10-24,0.13096153760902127
2018-10-25,0.20153157432292756
2018-10-26,0.09166391956143408
2018-10-29,0.17673521989263014
2018-10-30,0.23356673001997547
2018-10-31,0.28013677386272096
2018-11-01,0.3771751735879324
2018-11-02,0.4593054998584969
2018-11-05,0.08835496774023287
2018-11-06,0.042474907839761294
2018-11-07,-1.160815320345824
2018-11-09,0.015999769218757294
2018-11-12,0.009820410778759834
2018-11-13,0.1263019981488969
2018-11-14,0.29420461355814975
2018-11-15,0.21017832094290168
2018-11-16,0.13811720838440342
2018-11-19,0.16908010735506476
2018-11-20,0.10312875472440562
2018-11-21,0.18472662635041684
2018-11-22,0.1939517750183397
2018-11-26,0.15616003545354007
2018-11-27,0.274154487962722
2018-11-28,0.22644236074376278
2018-11-29,0.38824815076554947
2018-11-30,0.27337865591709487
2018-12-03,0.24156162337663922
2018-12-04,0.11878942548373432
2018-12-05,0.08686393184389547
2018-12-06,-0.08369116040791306
2018-12-07,0.014549320879025933
2018-12-10,-0.042921719392957525
2018-12-11,0.10763232662313817
2018-12-12,0.23774907313362695
2018-12-13,0.26083984422931955
2018-12-14,0.1059802026560868
2018-12-17,0.1667307117797384
2018-12-18,0.2512238209594298
2018-12-19,0.5037609224569188
2018-12-20,0.359141553173802
2018-12-21,0.3231331024838901
2018-12-24,0.16970752501244415
2018-12-26,0.23800162405622208
2018-12-27,0.515940541233596
2018-12-28,0.3817310890887876
2018-12-31,0.26869037756162734
2019-01-01,0.14736553173978353
2019-01-02,0.30744050315987
2019-01-03,0.1339370360238113
2019-01-04,0.2323903529007811
2019-01-07,0.2512147166749525
2019-01-08,0.21166904570651174
2019-01-09,0.20377154130434877
2019-01-10,0.1446260307597473
2019-01-11,0.1850960716687715
2019-01-14,0.10643041498550203
2019-01-15,0.23870280612797473
2019-01-16,0.14099390536010054
2019-01-17,0.05953886737954184
2019-01-18,0.006654994034245968
2019-01-21,0.11070578785012901
2019-01-22,0.16309674467684296
2019-01-23,0.10041021023830937
2019-01-24,0.033333484137498655
2019-01-25,0.1431638479964579
2019-01-28,0.11826203708939824
2019-01-29,0.007341206797515614
2019-01-30,0.029455842460102105
2019-01-31,0.37514828492778146
2019-02-01,0.21889807283050358
2019-02-04,-0.12122077085749548
2019-02-05,-0.003811379314714269
2019-02-06,0.13209610905755914
2019-02-07,0.12370377025950194
2019-02-08,-0.013315044225014573
2019-02-11,-0.06669298097357085
2019-02-12,-0.04573696116969084
2019-02-13,0.04791945001118327
2019-02-14,0.0005678870179920964
2019-02-15,0.0690002010398721
2019-02-18,-0.05062496211433588
2019-02-19,-0.012003713910991014
2019-02-20,0.034779113663707645
2019-02-21,-0.1019668350878611
2019-02-22,0.04270713663984096
2019-02-25,0.20325681065401188
2019-02-26,0.20582851119387907
2019-02-27,0.33084639215330464
2019-02-28,0.4202288454653264
2019-03-01,0.3445175343924516
2019-03-05,0.4158149763848367
2019-03-06,0.5729363109605851
2019-03-07,0.32924571016445214
2019-03-08,0.28946922242303713
2019-03-11,0.4460437563951797
2019-03-12,0.6365931010423656
2019-03-13,0.3853359691096042
2019-03-14,0.22016606062820235
2019-03-15,0.6851295223100973
2019-03-18,0.31818585927304205
2019-03-19,0.38994370855254834
2019-03-20,0.4672972949572236
2019-03-22,0.3007942008920611
2019-03-25,0.2559353428091012
2019-03-26,0.43992879119524186
2019-03-27,0.5315320735110363
2019-03-28,0.5582802423927666
2019-03-29,0.7201042040773694
2019-04-01,0.6088218826575638
2019-04-02,0.42103801385438844
2019-04-03,0.49756892918567974
2019-04-04,0.3329757112518798
2019-04-05,0.30729921009432354
2019-04-08,0.21695441762526807
2019-04-09,0.12237806456749101
2019-04-10,0.3852635768156385
2019-04-11,0.22947159232133044
2019-04-12,0.38016945770834004
2019-04-15,0.3469904324984515
2019-04-16,0.331173791890178
2019-04-18,0.30504994503363164
2019-04-22,0.14098242666596986
2019-04-23,0.24835009774988331
2019-04-24,0.26000956212897014
2019-04-25,0.44728443715673666
2019-04-26,0.27422816218907303
2019-04-30,0.2903571215170148
2019-05-02,0.2879857936795494
2019-05-03,0.13743917398032912
2019-05-06,0.013297492002494048
2019-05-07,0.15231260362184273
2019-05-08,0.04050894727338965
2019-05-09,0.10515499727872787
2019-05-10,0.08617515159010634
2019-05-13,-0.0516112784372101
2019-05-14,0.030825131334444065
2019-05-15,0.06143763301626424
2019-05-16,0.00016411043623336041
2019-05-17,0.15872262257406655
2019-05-20,0.4577981997036031
2019-05-21,0.20531599841121653
2019-05-22,0.14744700530715407
2019-05-23,0.42615878034819643
2019-05-24,0.46133556341049875
2019-05-27,0.6260345038758758
2019-05-28,0.6504206147103333
2019-05-29,0.31808980498821104
2019-05-30,0.48200423047737695
2019-05-31,0.46719919935660353
2019-06-03,0.29234884347799645
2019-06-04,0.27343505971349896
2019-06-06,0.15642114267196638
2019-06-07,0.072843991386666
2019-06-10,0.11953774062599101
2019-06-11,0.16389085956924337
2019-06-12,0.10631508931080212
2019-06-13,0.07436094466579572
2019-06-14,-0.024129914086882996
2019-06-17,0.018883998183499603
2019-06-18,0.034716798676603676
2019-06-19,0.1858101912263478
2019-06-20,0.12261698757430599
2019-06-21,0.20822133185413927
2019-06-24,-0.05065351834604618
2019-06-25,0.041510256944532066
2019-06-26,0.20979652276077496
2019-06-27,0.3728818776162486
2019-06-28,0.21683971567220653
2019-07-01,0.12646379577918818
2019-07-02,0.024436995926186467
2019-07-03,0.09587486106222766
2019-07-04,0.15010339218025423
2019-07-05,0.06838145917373468
2019-07-08,-0.06023126796842723
2019-07-09,0.0323871875461982
2019-07-10,-0.08399286208319857
2019-07-11,-0.0560413800956227
2019-07-12,-0.026951717352759596
2019-07-15,-0.20631339329562184
2019-07-16,-0.017720848933364522
2019-07-17,0.057501841213561986
2019-07-18,-0.24986270573658714
2019-07-19,-0.0008733226334684519
2019-07-22,-0.10688852257715545
2019-07-23,-0.0328047250463753
2019-07-24,-0.026514699883962635
2019-07-25,0.007122828432582671
2019-07-26,-0.045862044294593306
2019-07-29,-0.03376799784644508
2019-07-30,0.06266753993906986
2019-07-31,0.005557778494155478
2019-08-01,-0.28276691625322586
2019-08-02,-0.07834414270090154
2019-08-05,-0.2683060063333464
2019-08-06,-0.2578436244948444
2019-08-07,-0.07955839300864477
2019-08-08,-0.11207502031526084
2019-08-09,0.09612225903320151
2019-08-13,-0.17315912860773972
2019-08-14,-0.14298514621997918
2019-08-16,-0.18974084954514273
2019-08-19,-0.12986168097723352
2019-08-20,-0.15214878903169846
2019-08-21,-0.17730516275718894
2019-08-22,-0.17165810199529066
2019-08-23,-0.11280527940185646
2019-08-26,-0.06847206960873485
2019-08-27,-0.03715960875822861
2019-08-28,-0.0975407671545975
2019-08-29,0.02380952192514126
2019-08-30,-0.07394528964749077
2019-09-03,-0.2482029529187012
2019-09-04,-0.2105633108210133
2019-09-05,-0.28873980852487646
2019-09-06,-0.045149301687583715
2019-09-09,-0.042350805650225955
2019-09-11,0.08614785337968783
2019-09-12,0.04761574218992667
2019-09-13,0.16045710246236816
2019-09-16,0.07873086977527394
2019-09-17,-0.0038365086493665854
2019-09-18,-0.05405629991803315
2019-09-19,-0.2192478329991746
2019-09-20,0.6029956516621272
2019-09-23,0.5631816231500031
2019-09-24,0.2988147557232736
2019-09-25,0.18994435026011175
2019-09-26,0.3254231616946028
2019-09-27,0.051213414367119625
2019-09-30,0.02439722027163218
2019-10-01,0.030231546232994056
2019-10-03,-0.16686838100816273
2019-10-04,-0.06983309157999819
2019-10-07,-0.22841692661314686
2019-10-09,-0.03256194160582786
2019-10-10,-0.1435568818886669
2019-10-11,0.04978007409148565
2019-10-14,0.05359721798365721
2019-10-15,0.020367298619320576
2019-10-16,-0.09026698244273915
2019-10-17,0.061911412119524376
2019-10-18,0.40436685593249494
2019-10-22,0.2697525360931756
2019-10-23,0.18108655535857676
2019-10-24,0.16371853970437955
2019-10-25,0.043228184560564265
2019-10-27,-1.2500009012965638
2019-10-29,0.2762478578611493
2019-10-30,0.2445692678721984
2019-10-31,0.4574964308952076
2019-11-01,0.4002413434874522
2019-11-04,0.3414308251687924
2019-11-05,0.19436083866260292
2019-11-06,0.3196612103082159
2019-11-07,0.28361246767449055
2019-11-08,0.26768017154124024
2019-11-11,0.16012396792934705
2019-11-13,0.2516872470768986
2019-11-14,0.19412286995336286
2019-11-15,0.2790583055772534
2019-11-18,0.24115678167704074
2019-11-19,0.1629698160695263
2019-11-20,0.4147211914560142
2019-11-21,0.14738424175186401
2019-11-22,0.16379389950661197
2019-11-25,0.2322506227286864
2019-11-26,0.5212940074733866
2019-11-27,0.1907146510886651
2019-11-28,0.3162938984944934
2019-11-29,0.28355912303288233
2019-12-02,0.15345929007843884
2019-12-03,0.07231411059560258
2019-12-04,0.12967671289413418
2019-12-05,0.09328952829211277
2019-12-06,0.10829205168887616
2019-12-09,0.06448465159413744
2019-12-10,-0.010291289771959778
2019-12-11,-0.0855458859396094
2019-12-12,-0.005040716309193461
2019-12-13,0.2693763632845799
2019-12-16,-0.027604772926521946
2019-12-17,0.10674591422562259
2019-12-18,0.2326583652427572
2019-12-19,0.047269723883513234
2019-12-20,0.33054593069220645
2019-12-23,0.20816146220352852
2019-12-24,0.06532498548980462
2019-12-26,0.21286162107730056
2019-12-27,0.20897380777670393
2019-12-30,0.18813038020112804
2019-12-31,0.2733361781605347
2020-01-01,0.10976001366412104
2020-01-02,0.3441051488823483
2020-01-03,0.2442942295448518
2020-01-06,0.10110903930807284
2020-01-07,0.2829985629476802
2020-01-08,0.23729421028137873
2020-01-09,0.4547589789361667
2020-01-10,0.5159229930014779
2020-01-13,0.442387826731706
2020-01-14,0.3861066147562193
2020-01-15,0.5087437687832419
2020-01-16,0.5269898869676032
2020-01-17,0.5556301536769699
2020-01-20,0.43591966919769276
2020-01-21,0.33575425346330345
2020-01-22,0.4178822490330968
2020-01-23,0.45852918434213924
2020-01-24,0.4707229624286663
2020-01-27,0.35037955285978256
2020-01-28,0.3045053760971321
2020-01-29,0.4249091904911685
2020-01-30,0.3507788469911406
2020-01-31,0.3969963879850298
2020-02-01,0.2994362086541012
2020-02-03,0.21121378067020755
2020-02-04,0.3761888314733019
2020-02-05,0.4365594232498055
2020-02-06,0.4658437283901559
2020-02-07,0.42900805586756985
2020-02-10,0.2892919684299506
2020-02-11,0.3634489165591341
2020-02-12,0.3631906345447096
2020-02-13,0.3016856118122928
2020-02-14,0.3220413959242051
2020-02-17,0.2587272398661653
2020-02-18,0.3187097994884476
2020-02-19,0.26294068789210306
2020-02-20,0.3940857046387422
2020-02-24,0.10979169177120629
2020-02-25,0.23208388420301068
2020-02-26,0.3431854671180012
2020-02-27,0.2869224929356336
2020-02-28,0.31760886773308905
2020-03-02,0.28299865539540336
2020-03-03,0.22890443990216253
2020-03-04,0.2663486538739242
2020-03-05,0.24339764224376134
2020-03-06,0.04162726699799009
2020-03-09,0.07198188851404097
2020-03-11,0.11642922539821829
2020-03-12,0.029667032640487687
2020-03-13,0.17194826282841932
2020-03-16,-0.3221575975460445
2020-03-17,-0.09111980557043223
2020-03-18,-0.18978914912248543
2020-03-19,-0.20796907360517558
2020-03-20,-0.18711213694685042
2020-03-23,-1.2576480720012098
2020-03-24,-0.8039014390520095
2020-03-25,-0.6781845593990413
2020-03-26,-0.49200847854885194
2020-03-27,-0.48634478996354985
2020-03-30,-0.7109797442588719
2020-03-31,-0.5211793892820678
2020-04-01,-0.8020277026182038
2020-04-03,-0.5457315863365008
2020-04-07,-0.4059829625801877
2020-04-08,-0.16926873997229136
2020-04-09,-0.11119354049119926
2020-04-13,-0.17869581203079277
2020-04-15,0.025115438745159296
2020-04-16,-0.11113855450571568
2020-04-17,0.02576587833135402
2020-04-20,0.06736609631719713
2020-04-21,-0.2711688009583319
2020-04-22,-0.11082483291611167
2020-04-23,-0.004347512801417117
2020-04-24,-0.1440693635969227
2020-04-27,-0.06177828329445582
2020-04-28,-0.06719365701769088
2020-04-29,0.037505343678471616
2020-04-30,0.29780851093731275
2020-05-04,-0.3732754921473223
2020-05-05,-0.06244104089264181
2020-05-06,-0.10469360840817951
2020-05-07,-0.22386095379488355
2020-05-08,-0.1937781466403155
2020-05-11,-0.15157800005494898
2020-05-12,-0.24406532205757142
2020-05-13,0.046229892785007484
2020-05-14,-0.10218580217804041
2020-05-15,-0.04062935266731512
2020-05-18,-0.15431938601568324
2020-05-19,-0.09442050003182835
2020-05-20,-0.18328509040084434
2020-05-21,0.05345746986180965
2020-05-22,-0.10307361705778552
2020-05-26,-0.08423612790450698
2020-05-27,0.12945772102500622
2020-05-28,0.18266576643572519
2020-05-29,0.5610132305176249
2020-06-01,0.40549969641354355
2020-06-02,0.46579574697063025
2020-06-03,0.6265148897292688
2020-06-04,0.40577065336124485
2020-06-05,0.6592914907141896
2020-06-08,0.6245119272711023
2020-06-09,0.4567844645600363
2020-06-10,0.3724958773317114
2020-06-11,0.28008807458320345
2020-06-12,0.4119712840311743
2020-06-15,0.3075471086466322
2020-06-16,0.4503193133277948
2020-06-17,0.3595134669923169
2020-06-18,0.3735614219130409
2020-06-19,0.7965952764932687
2020-06-22,0.5870962218715731
2020-06-23,0.7218568759758199
2020-06-24,0.7591018314666433
2020-06-25,0.6489512563129495
2020-06-26,0.6144414226950514
2020-06-29,0.463332635531879
2020-06-30,0.5238781979679238
2020-07-01,0.45617852957908783
2020-07-02,0.581456255482499
2020-07-03,0.5778363526468868
2020-07-06,0.6811727967262035
2020-07-07,0.7064698135965166
2020-07-08,0.7240094020161719
2020-07-09,0.5836072533247922
2020-07-10,0.48091922083267125
2020-07-13,0.5144461343284792
2020-07-14,0.3690704196926129
2020-07-15,0.5165740957111281
2020-07-16,0.44437733196211604
2020-07-17,0.48575881019675443
2020-07-20,0.546211599184742
2020-07-21,0.669339409455292
2020-07-22,0.5919639136933786
2020-07-23,0.6113636698426874
2020-07-24,0.5389860417267828
2020-07-27,0.45624525263269994
2020-07-28,0.5126262148151867
2020-07-29,0.5950281540990343
2020-07-30,0.500896259361277
2020-07-31,0.49955803318224595
2020-08-03,0.5199094888953565
2020-08-04,0.5628198313955034
2020-08-05,0.6700787805054875
2020-08-06,0.6628592985421481
2020-08-07,0.7460647076604014
2020-08-10,0.7211050315324198
2020-08-11,0.7857551579067313
2020-08-12,0.6885838227834962
2020-08-13,0.7128407753294004
2020-08-14,0.7742705441996834
2020-08-17,0.605966062487487
2020-08-18,0.8130275622933947
2020-08-19,0.9146942173268483
2020-08-20,0.8790016927936268
2020-08-21,1.0078555463435364
2020-08-24,0.8688646885408936
2020-08-25,0.8514917918454286
2020-08-26,0.8998017425421514
2020-08-27,0.9780937288177212
2020-08-28,0.9079882123641942
2020-08-31,0.8729724706777917
2020-09-01,0.6088835901156985
2020-09-02,0.5348155272508466
2020-09-03,0.5405043678227631
2020-09-04,0.4651586583370177
2020-09-07,0.45629181655913087
2020-09-08,0.5410504459443639
2020-09-09,0.4933160369905926
2020-09-10,0.40125346865576633
2020-09-11,0.4434866558932726
2020-09-14,0.7229515731436671
2020-09-15,0.6972752359997311
2020-09-16,0.5617917326788574
2020-09-17,0.4663264921053319
2020-09-18,0.8806707545480886
2020-09-21,0.41193041164846894
2020-09-22,0.4641140946253193
2020-09-23,0.4276901470520761
2020-09-24,0.24603233602169985
2020-09-25,0.3552506375077826
2020-09-28,0.45220877087646116
2020-09-29,0.6165688470380257
2020-09-30,0.35653678127042926
2020-10-01,0.37055201348196926
2020-10-05,0.39091203663643315
2020-10-06,0.41681178751970616
2020-10-07,0.41830058269320336
2020-10-08,0.44189590220483155
2020-10-09,0.48012611723240445
2020-10-12,0.301048101651068
2020-10-13,0.376334537701194
2020-10-14,0.4769583748690278
2020-10-15,0.3104506659157092
2020-10-16,0.25522252311637394
2020-10-19,0.33612008339907523
2020-10-20,0.4257771286464126
2020-10-21,0.5429685255173646
2020-10-22,0.6095820838111684
2020-10-23,0.5343738374768047
2020-10-26,0.3772754302379746
2020-10-27,0.48247298774708125
2020-10-28,0.3719361180959106
2020-10-29,0.13753685291920517
2020-10-30,0.2967795264764896
2020-11-02,0.3027181776071467
2020-11-03,0.36062763525862734
2020-11-04,0.33183173185498155
2020-11-05,0.5218772868552225
2020-11-06,0.7068002094027745
2020-11-09,0.6252713863904882
2020-11-10,0.699141038284043
2020-11-11,0.7426515982622693
2020-11-12,0.8224930119935215
2020-11-13,0.6928305729876824
2020-11-14,-0.42425933620275813
2020-11-17,0.8142868689973926
2020-11-18,0.8998022271839617
2020-11-19,0.9327443001610115
2020-11-20,0.808456958022488
2020-11-23,0.8332988394635515
2020-11-24,0.9017192221372725
2020-11-25,0.9143094569141742
2020-11-26,0.8501555225074574
2020-11-27,1.4325285126668215
2020-12-01,0.948413030787757
2020-12-02,1.0713874136857684
2020-12-03,1.0262328757619823
2020-12-04,1.0552510211711432
2020-12-07,0.9868608684277174
2020-12-08,1.0050187969355617
2020-12-09,1.033677758564518
2020-12-10,0.915482191909684
2020-12-11,0.9819119030088449
2020-12-14,0.9533119690907661
2020-12-15,0.9563069940905192
2020-12-16,1.0554227677154822
2020-12-17,0.965527946525996
2020-12-18,1.0737429537028187
2020-12-21,0.9455497646393031
2020-12-22,0.8257683424373305
2020-12-23,0.8116753003418534
2020-12-24,0.8546920313244893
2020-12-28,0.9325294114941545
2020-12-29,0.8723161793911494
2020-12-30,0.8723678091935295
2020-12-31,0.9087958748547037
2021-01-01,0.8450241039436791
2021-01-04,1.0887564677479429
2021-01-05,1.0297423018220813
2021-01-06,1.1447166760452587
2021-01-07,1.0831401659818027
2021-01-08,1.2091007526896147
2021-01-11,0.9781249487792694
2021-01-12,1.1273614631456153
2021-01-13,1.2073440365607744
2021-01-14,0.9692311892797474
2021-01-15,0.9028074912770802
2021-01-18,0.8854018470816377
2021-01-19,0.9022185090612219
2021-01-20,0.9682857178181348
2021-01-21,1.0339904448991664
2021-01-22,0.97212699912314
2021-01-25,0.7974197069419345
2021-01-27,0.8766087462154399
2021-01-28,0.7606166263061557
2021-01-29,0.8943287748433878
2021-02-01,0.9051580684419326
2021-02-02,1.13282750592803
2021-02-03,1.1753380892693697
2021-02-04,1.2080807857275757
2021-02-05,1.1236729414575723
2021-02-08,1.0814059997898737
2021-02-09,1.1523617904700698
2021-02-10,1.0994595818416504
2021-02-11,0.9723964551432451
2021-02-12,0.9762686496266808
2021-02-15,0.9657301256539167
2021-02-16,1.1314331325601654
2021-02-17,1.1416020499585346
2021-02-18,1.2451910048694046
2021-02-19,1.153824482649373
2021-02-22,1.002032939155075
2021-02-23,1.0164329279616073
2021-02-24,0.7828449863432707
2021-02-25,1.2419817786784602
2021-02-26,1.1344871648183958
2021-03-01,0.99314510913743
2021-03-02,1.1055340618670833
2021-03-03,1.307607411158447
2021-03-04,1.2121245433358252
2021-03-05,1.0734052003031753
2021-03-08,1.002875778946934
2021-03-09,1.026460431400686
2021-03-10,0.9527087730538888
2021-03-12,0.9869279952881144
2021-03-15,0.8963795033153059
2021-03-16,0.9040520654711323
2021-03-17,0.8446151040578974
2021-03-18,0.8748140190530296
2021-03-19,1.2406433551777463
2021-03-22,0.8034189652054727
2021-03-23,0.9078299948286039
2021-03-24,0.8325744046225563
2021-03-25,0.9066227993202006
2021-03-26,0.8056348371024593
2021-03-30,0.9168909060132963
2021-03-31,0.9038166186847962
2021-04-01,0.9103829491525459
2021-04-05,0.8430339400399999
2021-04-06,0.897133688842074
2021-04-07,0.8981968623152928
2021-04-08,1.0043653768112488
2021-04-09,0.9832744008551361
2021-04-12,0.8350927138374772
2021-04-13,0.8234871066153101
2021-04-15,0.8327744441345855
2021-04-16,0.8934889221261558
2021-04-19,0.8011451107069318
2021-04-20,0.8733790147969565
2021-04-22,0.8815427038622441
2021-04-23,0.9245137468833756
2021-04-26,0.8595911828418974
2021-04-27,0.9448157128785215
2021-04-28,0.9920450443489739
2021-04-29,1.0221859413207126
2021-04-30,1.057709904794273
2021-05-03,0.9570881005323727
2021-05-04,1.130189522493378
2021-05-05,0.9937613107012253
2021-05-06,1.0322586296823397
2021-05-07,1.1245788215574384
2021-05-10,1.1371570517942264
2021-05-11,1.164919267367109
2021-05-12,1.2096289675089542
2021-05-14,1.1086431904735723
2021-05-17,1.0945324356905792
2021-05-18,1.176720029888798
2021-05-19,1.1702454134512112
2021-05-20,1.0472160929210816
2021-05-21,1.1426119029138917
2021-05-24,1.2135001351785546
2021-05-25,1.2056992184114672
2021-05-26,1.1902833204622942
2021-05-27,1.5139353842355496
2021-05-28,1.1599319423301657
2021-05-31,1.1448816928879335
2021-06-01,0.9857573233792027
2021-06-02,1.1621885883322456
2021-06-03,1.1919214367382445
2021-06-04,1.2521796809113181
2021-06-07,1.2761627893272218
2021-06-08,1.2658206992548802
2021-06-09,1.3245369669508182
2021-06-10,1.1992658900627342
2021-06-11,1.175893304412401
2021-06-14,1.1451437882170605
2021-06-15,1.14240461027911
2021-06-16,1.1451055070961076
2021-06-17,1.0819124409866183
2021-06-18,1.2937001205899834
2021-06-21,0.9346436423092384
2021-06-22,1.1019423675307112
2021-06-23,1.0780863819122777
2021-06-24,0.9631362438034052
2021-06-25,1.0279107497964746
2021-06-28,1.0287349951336942
2021-06-29,1.0053254200088269
2021-06-30,1.1091413483408086
2021-07-01,0.9897789909788387
2021-07-02,1.0763208989564266
2021-07-05,1.059713707442891
2021-07-06,1.0903604227422843
2021-07-07,1.0241480753674022
2021-07-08,1.011373040790857
2021-07-09,0.8956952264777137
2021-07-12,1.0048601260570622
2021-07-13,1.020759531899578
2021-07-14,1.0131386695801248
2021-07-15,0.9705836227687162
2021-07-16,1.0711990053645855
2021-07-19,0.9949157439594505
2021-07-20,0.9480022592766816
2021-07-22,0.9900988040635705
2021-07-23,0.9908433739055974
2021-07-26,0.9536347501245104
2021-07-27,1.0853771839396085
2021-07-28,1.043748508393953
2021-07-29,1.0981498258496085
2021-07-30,1.1979464464951641
2021-08-02,1.0852955274029712
2021-08-03,1.1798460296919742
2021-08-04,1.1829021470315781
2021-08-05,1.0260900335037628
2021-08-06,1.0382107107951477
2021-08-09,0.9143251599443936
2021-08-10,1.010335708883468
2021-08-11,0.9970888618791061
2021-08-12,0.9815974476095537
2021-08-13,1.0054605249424833
2021-08-16,0.7817389830961736
2021-08-17,0.9178850477430907
2021-08-18,0.817080056270572
2021-08-20,0.7814549070962091
2021-08-23,0.8571743380990301
2021-08-24,0.8397831774076698
2021-08-25,0.8570260455089819
2021-08-26,0.8476098516509931
2021-08-27,0.8786079521709946
2021-08-30,0.9932647685500732
2021-08-31,1.1828442588784864
2021-09-01,0.9528539292937853
2021-09-02,0.9704532996120226
2021-09-03,0.9664406381463605
2021-09-06,0.9284756038990674
2021-09-07,0.8684788337502378
2021-09-08,0.9422167797354268
2021-09-09,0.8427851007822621
2021-09-13,0.8369876744019087
2021-09-14,0.9159786915461261
2021-09-15,1.0819354425870615
2021-09-16,1.1022382590337234
2021-09-17,1.3882034569373203
2021-09-20,0.9561024820803394
2021-09-21,0.9357127899855957
2021-09-22,1.003940441084864
2021-09-23,1.0187815687922361
2021-09-24,1.011411561412922
2021-09-27,0.9775935196962018
2021-09-28,1.0938561062013228
2021-09-29,1.1862583012752894
2021-09-30,1.2017174836903557
2021-10-01,1.0298237550788258
2021-10-04,1.1319522019955768
2021-10-05,1.135357783976062
2021-10-06,1.1274670797995097
2021-10-07,1.042781818879546
2021-10-08,1.0078172864989519
2021-10-11,1.0794879301018139
2021-10-12,1.0876588183393403
2021-10-13,1.1897691580002234
2021-10-14,1.1815246174947862
2021-10-18,1.1917393170082005
2021-10-19,1.1685799045701672
2021-10-20,1.0470260642653042
2021-10-21,1.2080518282984032
2021-10-22,0.9557875487601217
2021-10-25,0.895647113853098
2021-10-26,0.9041196701911546
2021-10-27,1.0320970475181945
2021-10-28,0.9663246743561197
2021-10-29,0.954179171631333
2021-11-01,0.8381043516615939
2021-11-02,0.9355986867655435
2021-11-03,0.9787337977236834
2021-11-04,-0.25887449325836964
2021-11-08,0.9816624816076372
2021-11-09,1.0710462738439352
2021-11-10,0.9910174310275262
2021-11-11,0.8925094439855819
2021-11-12,0.9931330728579726
2021-11-15,0.8760295294171639
2021-11-16,0.9091560545411999
2021-11-17,0.8849183313912051
2021-11-18,0.8587561694338166
2021-11-22,0.852299307475024
2021-11-23,0.8359816438212901
2021-11-24,0.8284814807383987
2021-11-25,0.8293682480568921
2021-11-26,0.8123256504685789
2021-11-29,0.7444826098072924
2021-11-30,1.1490684447985409
2021-12-01,0.751268325511994
2021-12-02,0.7546332997163037
2021-12-03,0.87526014255861
2021-12-06,0.6907485210416754
2021-12-07,0.7826081079886353
2021-12-08,0.8372504517494089
2021-12-09,0.9310293845873564
2021-12-10,0.8879395363780835
2021-12-13,0.9450791318971876
2021-12-14,0.8579429475555065
2021-12-15,0.8440918917747705
2021-12-16,0.7724331071042291
2021-12-17,0.8842582726979513
2021-12-20,0.8206842675664372
2021-12-21,0.7093709482132418
2021-12-22,0.6919447731851347
2021-12-23,0.7473599262899262
2021-12-24,0.6896742665870031
2021-12-27,0.5920276250153236
2021-12-28,0.7782546363085276
2021-12-29,0.8209868658627189
2021-12-30,0.8531025765906295
2021-12-31,0.7887036591351853
2022-01-03,0.7925861697828391
2022-01-04,0.9091188562805925
2022-01-05,1.0006585455806387
2022-01-06,0.9370022724854098
2022-01-07,0.9588621252825016
2022-01-10,0.9528232654750639
2022-01-11,0.8975129449685523
2022-01-12,0.9301163264640225
2022-01-13,0.9590921692078886
2022-01-14,0.966679948288581
2022-01-17,1.014164316552437
2022-01-18,0.9455930009126856
2022-01-19,0.9395883753642572
2022-01-20,0.857042454459625
2022-01-21,0.9031606778491625
2022-01-24,0.838713885964329
2022-01-25,0.764365773520058
2022-01-27,0.8658150816046253
2022-01-28,0.9135691848095211
2022-01-31,0.8603326028979301
2022-02-01,0.9249161211378004
2022-02-02,0.9546740476535832
2022-02-03,0.8728259028985923
2022-02-04,0.8349894436477784
2022-02-07,0.7951634907778883
2022-02-08,0.8094751482482322
2022-02-09,0.7366654152082164
2022-02-10,0.7680585587830817
2022-02-11,0.7286085770160378
2022-02-14,0.6829097778065032
2022-02-15,0.6776004058516751
2022-02-16,0.8163238464060958
2022-02-17,0.7492693202809523
2022-02-18,0.6799301429683682
2022-02-21,0.7046242530377085
2022-02-22,0.6813971763428871
2022-02-23,0.6634803328370189
2022-02-24,0.8238313626458545
2022-02-25,0.7465339351630678
2022-02-28,0.9081512607801683
2022-03-02,0.7376315399867004
2022-03-03,0.7882242559340252
2022-03-04,0.7733220215220179
2022-03-07,0.7649066449792167
2022-03-08,0.7870120848159534
2022-03-09,0.8737241142740034
2022-03-10,0.9199325830458053
2022-03-11,0.827796733082871
2022-03-14,0.8242291131163763
2022-03-15,0.80580486715233
2022-03-16,0.8604077488657496
2022-03-17,1.2847994660945117
2022-03-21,0.9274257972651969
2022-03-22,0.9416794106723368
2022-03-23,0.9416185675570993
2022-03-24,0.8277778447559642
2022-03-25,0.8569277059287076
2022-03-28,0.8764566419059691
2022-03-29,1.018167387691177
2022-03-30,1.0539732284613965
2022-03-31,1.023347953084397
2022-04-01,0.9666308610592227
2022-04-04,0.9944451742820355
2022-04-05,1.092261936259216
2022-04-06,1.132940896583449
2022-04-07,1.1012598987937514
2022-04-08,1.0793436722706717
2022-04-11,0.9474050697978272
2022-04-12,0.9481488997469739
2022-04-13,0.9067233490551475
2022-04-18,0.8310158228996
2022-04-19,0.9728945749254422
2022-04-20,0.8440374651530373
2022-04-21,0.9641934555668933
2022-04-22,0.8963547331977737
2022-04-25,0.8287753143216644
2022-04-26,0.8207767078602358
2022-04-27,0.8380073879193777
2022-04-28,0.8991854307363276
2022-04-29,0.9524445562957192
2022-05-02,0.6451812886847055
2022-05-04,0.7237781615956481
2022-05-05,0.7230503899288259
2022-05-06,0.7188854882283249
2022-05-09,0.642305642566835
2022-05-10,0.610699852802976
2022-05-11,0.6841743970435457
2022-05-12,0.6131555818203939
2022-05-13,0.5708169942300377
2022-05-16,0.5155815678772385
2022-05-17,0.6961333794906435
2022-05-18,0.7741153313050546
2022-05-19,0.6051539541029017
2022-05-20,0.7073746204695854
2022-05-23,0.7038562097784337
2022-05-24,0.643161609530775
2022-05-25,0.6122368183565203
2022-05-26,0.7665213910590022
2022-05-27,0.7609227334101323
2022-05-30,0.8177992942287197
2022-05-31,1.291480189560829
2022-06-01,0.7331896263997391
2022-06-02,0.7520271296161349
2022-06-03,0.7813970471260568
2022-06-06,0.5954517020161404
2022-06-07,0.6026087853154182
2022-06-08,0.6232076032083297
2022-06-09,0.5371561691336476
2022-06-10,0.5082228748729218
2022-06-13,0.4208395843623624
2022-06-14,0.5469269733959767
2022-06-15,0.45251221405621445
2022-06-16,0.5566154661536937
2022-06-17,0.6756932190913912
2022-06-20,0.47620885032251825
2022-06-21,0.5123874574936984
2022-06-22,0.42713510707245433
2022-06-23,0.40996185549785125
2022-06-24,0.5756117845423367
2022-06-27,0.5597586727115099
2022-06-28,0.5809661177587083
2022-06-29,0.5968600721016286
2022-06-30,0.5652667088530332
2022-07-01,0.4544372863985411
2022-07-04,0.45446388648248676
2022-07-05,0.6796446741564137
2022-07-06,0.6736084523282153
2022-07-07,0.7851377371231651
2022-07-08,0.6254931302543963
2022-07-11,0.7245086465836067
2022-07-12,0.5812449651488084
2022-07-13,0.5899894126547719
2022-07-14,0.5911490460284914
2022-07-15,0.5875364544047056
2022-07-18,0.715314679045397
2022-07-19,0.8166806029716445
2022-07-20,0.831903168816521
2022-07-21,0.8732862373796582
2022-07-22,0.8557222550364703
2022-07-25,0.780101357975586
2022-07-26,0.7495839777716284
2022-07-27,0.6483333897088277
2022-07-28,0.8389880920844219
2022-07-29,0.9524036022553296
2022-08-01,0.9675543212905398
2022-08-02,1.0081424643786678
2022-08-03,0.9425496981246096
2022-08-04,1.0005861174811845
2022-08-05,0.9407099682802014
2022-08-08,0.8474918417520992
2022-08-10,0.8378534415925187
2022-08-11,0.9236628578553073
2022-08-12,0.9313947808067707
2022-08-16,0.9490391392760874
2022-08-17,1.0410885282625828
2022-08-18,0.972310219305951
2022-08-19,0.9635096084744595
2022-08-22,0.8569977315202739
2022-08-23,0.9111294770783813
2022-08-24,0.9379276621822787
2022-08-25,1.058731770206699
2022-08-26,0.9698773784488821
2022-08-29,0.9029704046554083
2022-08-30,1.1873606748916803
2022-09-01,0.9239600915308945
2022-09-02,0.9627126861593688
2022-09-05,0.9611847652324349
2022-09-06,1.071446311681893
2022-09-07,1.0087839435782002
2022-09-08,1.027680747926764
2022-09-09,0.9805808718584206
2022-09-12,1.070044493628668
2022-09-13,1.0671664947160737
2022-09-14,1.1491150862669326
2022-09-15,1.0033751941333897
2022-09-16,1.367068033249928
2022-09-19,0.869033358323521
2022-09-20,0.9414087090598838
2022-09-21,0.8230626213023381
2022-09-22,0.9073434158801169
2022-09-23,0.7756424740991411
2022-09-26,0.8030703236857699
2022-09-27,0.7580069860062852
2022-09-28,0.7503116378268763
2022-09-29,0.8663656269804583
2022-09-30,0.8763958376963398
2022-10-03,0.7252654587743486
2022-10-04,0.7973903088955737
2022-10-06,0.800678257844917
2022-10-07,0.7751812629610005
2022-10-10,0.6225013486819694
2022-10-11,0.7335387683658322
2022-10-12,0.7044343539602581
2022-10-13,0.6008610480350843
2022-10-14,0.6159150283166266
2022-10-17,0.5911387230706762
2022-10-18,0.787736675012987
2022-10-19,0.7052267504786492
2022-10-20,0.8407997616655835
2022-10-21,0.7545615722262484
2022-10-24,-0.35386681994514074
2022-10-25,0.7644126439860525
2022-10-27,0.8864988972941882
2022-10-28,0.7385458773548492
2022-10-31,0.8078063900505827
2022-11-01,0.9019603731454909
2022-11-02,0.9264421803316799
2022-11-03,0.8700084417676951
2022-11-04,0.9525600059772473
2022-11-07,0.9763625517498644
2022-11-09,1.0657290102455166
2022-11-10,0.889274677356682
2022-11-11,1.045898402273293
2022-11-14,0.9928203483420105
2022-11-15,0.918008858849172
2022-11-16,0.9148978625427258
2022-11-17,0.8308262868645836
2022-11-18,0.8786500604509401
2022-11-21,0.8178192902565887
2022-11-22,0.8402386266803398
2022-11-23,0.8816385518507567
2022-11-24,0.9917654320325212
2022-11-25,0.9924627953074265
2022-11-28,1.0614281753293129
2022-11-29,0.9520621976057209
2022-11-30,1.379775394011635
2022-12-01,1.0892136209556076
2022-12-02,1.077368232771837
2022-12-05,1.0210665304645408
2022-12-06,1.0015087457233554
2022-12-07,0.9473787653887434
2022-12-08,0.915362461626711
2022-12-09,0.9911250741057817
2022-12-12,0.8902436256446842
2022-12-13,0.9479918953828732
2022-12-14,1.011248450772814
2022-12-15,0.9259836962450065
2022-12-16,1.0146295610198917
2022-12-19,0.8322939204030342
2022-12-20,0.8448717153034108
2022-12-21,1.0337758281614506
2022-12-22,0.9099980383432744
2022-12-23,0.8997375018221843
2022-12-26,0.7034958958670017
2022-12-27,0.8028215366854263
2022-12-28,0.8017036807995805
2022-12-29,0.8750978222278789
2022-12-30,0.8304156259405298
2023-01-02,0.7272028261833857
2023-01-03,0.7980621918770952
2023-01-04,0.7625766290109007
2023-01-05,0.8296748659841806
2023-01-06,0.8318781351681178
2023-01-09,0.6355455773150033
2023-01-10,0.7120721057784158
2023-01-11,0.7266652040425271
2023-01-12,0.6479610170767306
2023-01-13,0.709594066104331
2023-01-16,0.663647988073937
2023-01-17,0.6261040100641715
2023-01-18,0.7513596894182603
2023-01-19,0.5822122955812101
2023-01-20,0.6857982726419523
2023-01-23,0.630607547193845
2023-01-24,0.5923175990334902
2023-01-25,0.6301798967698059
2023-01-27,0.7424387805588547
2023-01-30,0.666443566731087
2023-01-31,0.8467993120585496
2023-02-01,0.8590159079921437
2023-02-02,0.6219000304142339
2023-02-03,0.6714415526204168
2023-02-06,0.5549737802638136
2023-02-07,0.6180843748178494
2023-02-08,0.710004713519607
2023-02-09,0.6461901440056236
2023-02-10,0.6363916057441867
2023-02-13,0.5814907167223075
2023-02-14,0.5902686196235895
2023-02-15,0.6316393151916534
2023-02-16,0.6602193587872708
2023-02-17,0.6803913364948457
2023-02-20,0.6636487831465074
2023-02-21,0.5939012155698468
2023-02-22,0.6935729705452058
2023-02-23,0.7545285173373404
2023-02-24,0.5974418501143244
2023-02-27,0.6094954780988904
2023-02-28,0.9491935110294691
2023-03-01,0.5742813626278863
2023-03-02,0.5160986582061703
2023-03-03,0.6754906968617982
2023-03-06,0.7706933228501465
2023-03-08,0.7679979381022206
2023-03-09,0.7487752746536622
2023-03-10,0.6349233400009405
2023-03-13,0.6313096139893886
2023-03-14,0.6435850571287259
2023-03-15,0.5551888357312448
2023-03-16,0.6010833232541642
2023-03-17,0.8868643230231439
2023-03-20,0.5620984508083664
2023-03-21,0.5611586393333394
2023-03-22,0.5480734690189987
2023-03-23,0.6278825399591014
2023-03-24,0.5830782264501617
2023-03-27,0.6464950142827692
2023-03-28,0.6172332011814773
2023-03-29,0.8316401051009829
2023-03-31,0.7479206823218734
2023-04-03,0.6324443519508262
2023-04-05,0.7266933702544897
2023-04-06,0.7403062967644315
2023-04-10,0.6783866010251611
2023-04-11,0.776710706348602
2023-04-12,0.8219551639000858
2023-04-13,0.7585467449981621
2023-04-17,0.7572981507955272
2023-04-18,0.8512541824165715
2023-04-19,0.8018007017966663
2023-04-20,0.7389879399147349
2023-04-21,0.7318420827953792
2023-04-24,0.7073339892249522
2023-04-25,0.7830367058496382
2023-04-26,0.8698778425048197
2023-04-27,0.8998869692067405
2023-04-28,1.0674374790041108
2023-05-02,0.9138623649646948
2023-05-03,0.926793907465274
2023-05-04,0.9843263843203437
2023-05-05,0.8571868914972033
2023-05-08,0.9185682819011456
2023-05-09,1.0403703262788346
2023-05-10,0.9182436196147616
2023-05-11,0.9477739467125393
2023-05-12,0.8229328810494785
2023-05-15,0.8471662077534761
2023-05-16,0.9932731062192226
2023-05-17,0.9287831719041281
2023-05-18,0.9711433501606134
2023-05-19,0.9309142153194214
2023-05-22,0.8177045625066935
2023-05-23,0.8865465596736565
2023-05-24,0.9118124602722316
2023-05-25,0.9259020204936431
2023-05-26,0.9584993590823503
2023-05-29,0.9842434581346049
2023-05-30,0.9085824347193283
2023-05-31,1.4215281501418424
2023-06-01,0.9392433318487527
2023-06-02,0.978826134624098
2023-06-05,0.9718411184586772
2023-06-06,0.8919889509163722
2023-06-07,1.0610546548304132
2023-06-08,1.0722027980577897
2023-06-09,0.8841960682848387
2023-06-12,0.8396794589105667
2023-06-13,1.065513204568341
2023-06-14,1.0507067403831312
2023-06-15,1.0244719007031524
2023-06-16,1.1958453221650551
2023-06-19,1.0263578163743354
2023-06-20,1.0438951591765917
2023-06-21,1.0677461897891596
2023-06-22,1.0405478638218506
2023-06-23,0.9417085062414108
2023-06-26,0.8668679724132927
2023-06-27,0.9692879156680945
2023-06-28,1.0694745236118408
2023-06-30,1.0482827826374364
2023-07-03,1.0016539576742705
2023-07-04,0.9942698011633311
2023-07-05,1.052949438234211
2023-07-06,1.1924200717016176
2023-07-07,1.1391223622687499
2023-07-10,0.9977776661356539
2023-07-11,1.0481589057247913
2023-07-12,1.0648851670099457
2023-07-13,1.0979722978176798
2023-07-14,1.0563443035163091
2023-07-17,1.140600408200733
2023-07-18,1.0163276780442936
2023-07-19,1.0395477515395941
2023-07-20,1.0819544583723535
2023-07-21,1.0736351039938734
2023-07-24,1.0862292021803546
2023-07-25,1.05652959922236
2023-07-26,1.0487422924457128
2023-07-27,1.190420843759668
2023-07-28,1.2280851259708465
2023-07-31,1.2371379535964497
2023-08-01,1.1918429271377766
2023-08-02,1.1645251738408793
2023-08-03,1.1093558125119223
2023-08-04,1.1372201281407002
2023-08-07,1.0204494122884125
2023-08-08,1.045271807581262
2023-08-09,1.1071317972151316
2023-08-10,1.1164482334245782
2023-08-11,1.0688816030114878
2023-08-14,0.9469498375140747
2023-08-16,0.9394075994597503
2023-08-17,0.9213340972422681
2023-08-18,1.057252067812002
2023-08-21,0.9054691140395689
2023-08-22,0.9986310378396417
2023-08-23,1.1622965872427797
2023-08-24,1.1253483668496609
2023-08-25,0.9757039813349894
2023-08-28,0.9790065419737682
2023-08-29,1.1409355886330366
2023-08-30,1.2052955006520685
2023-08-31,1.5177448129912696
2023-09-01,1.2573986285276224
2023-09-04,1.36677443610857
2023-09-05,1.4016339108861777
2023-09-06,1.2886014424364047
2023-09-07,1.2546457731465428
2023-09-08,1.3570286725276979
2023-09-11,1.322534766826167
2023-09-12,1.3749505903914943
2023-09-13,1.249747406887861
2023-09-14,1.2163796824049664
2023-09-15,1.5849683505945673
2023-09-18,1.2177498478997122
2023-09-20,1.1992892266599595
2023-09-21,1.099640105490717
2023-09-22,1.1012601124546295
2023-09-25,1.086122626773476
2023-09-26,1.009075988700714
2023-09-27,1.0958051193206413
2023-09-28,1.2770961554992901
2023-09-29,1.0714190455511736
2023-10-03,1.1427892722308104
2023-10-04,1.1551938933983272
2023-10-05,1.0216470708452814
2023-10-06,1.0092660717407034
2023-10-09,0.9608134443734323
2023-10-10,0.9980865226123357
2023-10-11,1.2060847309564457
2023-10-12,1.1525083963784528
2023-10-13,1.0866592263517205
2023-10-16,1.1132197551507699
2023-10-17,1.1824606809755374
2023-10-18,1.2185374014089572
2023-10-19,1.0375073107847324
2023-10-20,1.0602065435566992
2023-10-23,1.007144749854172
2023-10-25,0.9754589726168451
2023-10-26,1.015593234943695
2023-10-27,0.9986491237641054
2023-10-30,0.9153696996772008
2023-10-31,0.9857109422323335
2023-11-01,0.9788783504627621
2023-11-02,0.9786576864059737
2023-11-03,1.0896747536278668
2023-11-06,1.0848806384648202
2023-11-07,1.0680592271769613
2023-11-08,1.159838125767311
2023-11-09,1.16746327099529
2023-11-10,1.029646767511122
2023-11-12,-0.053252578718085225
2023-11-13,0.9828348395170391
2023-11-15,1.180990075202001
2023-11-16,1.1508039571038424
2023-11-17,1.12662037196658
2023-11-20,0.9571980893482933
2023-11-21,1.045771356565772
2023-11-22,1.0748553052722924
2023-11-23,1.0042812857289125
2023-11-24,1.0074659335037812
2023-11-28,1.089917297888216
2023-11-29,1.2166673590412342
2023-11-30,1.6486570659926756
2023-12-01,1.2909943551576752
2023-12-04,1.4332404620628394
2023-12-05,1.363060291042787
2023-12-06,1.3412428970960866
2023-12-07,1.3285589336918115
2023-12-08,1.3344490203320536
2023-12-11,1.2773041631440312
2023-12-12,1.196163496403728
2023-12-13,1.2323484605811974
2023-12-14,1.3761016176170981
2023-12-15,1.6134604192451876
2023-12-18,1.3980219801499714
2023-12-19,1.340111975930119
2023-12-20,1.4324880561975293
2023-12-21,1.2054321760879896
2023-12-22,1.2582389853710017
2023-12-26,1.186668125649316
2023-12-27,1.3157166321306475
2023-12-28,1.493523258738909
2023-12-29,1.4121839013464907
2024-01-01,1.160022284617563
2024-01-02,1.3531980660260379
2024-01-03,1.3067119367452522
2024-01-04,1.483133496295486
2024-01-05,1.3725921970854251
2024-01-08,1.1850360821369152
2024-01-09,1.2101646997068605
2024-01-10,1.2043817607957383
2024-01-11,1.274783952961096
2024-01-12,1.2985663716429399
2024-01-15,1.3399326619477079
2024-01-16,1.3202333608787586
2024-01-17,1.2907721253214255
2024-01-18,1.2877523407383447
2024-01-19,1.2890668785645785
2024-01-20,0.9519936727562447
2024-01-23,1.3318521865769721
2024-01-24,1.3220973914698886
2024-01-25,1.3545473110079393
2024-01-29,1.395746346370174
2024-01-30,1.373222776051114
2024-01-31,1.526678933600921
2024-02-01,1.3775555985160195
2024-02-02,1.4433388210221814
2024-02-05,1.4248721024185125
2024-02-06,1.4568208775817981
2024-02-07,1.4404881065264126
2024-02-08,1.342568887195614
2024-02-09,1.3073162892937877
2024-02-12,1.1891653030951754
2024-02-13,1.1504510118675142
2024-02-14,1.1959877204424223
2024-02-15,1.2333583164679482
2024-02-16,1.321961264554298
2024-02-19,1.1941739149567023
2024-02-20,1.2109342251232593
2024-02-21,1.2823007807319218
2024-02-22,1.197290718156578
2024-02-23,1.206451467145986
2024-02-26,1.1255623849565377
2024-02-27,1.1850161481452484
2024-02-28,1.2359424713583738
2024-02-29,1.6085818785794357
2024-03-01,1.1773624129362097
2024-03-02,-0.1570316162802665
2024-03-04,1.1892324514747314
2024-03-05,1.2222736067160533
2024-03-06,1.2240336653963144
2024-03-07,1.2224845336958972
2024-03-11,1.1919709628684494
2024-03-12,1.1615345577349845
2024-03-13,1.2889049998242705
2024-03-14,1.1830722237600275
2024-03-15,1.4653074229986558
2024-03-18,1.0676299932649327
2024-03-19,1.0624390005582383
2024-03-20,1.0400991891679499
2024-03-21,1.2602772131142204
2024-03-22,1.274710270330732
2024-03-26,1.2771363307873915
2024-03-27,1.3908055272918194
2024-03-28,1.4433338667973399
2024-04-01,1.2335171895209294
2024-04-02,1.3716318503352598
2024-04-03,1.4338451587839842
2024-04-04,1.3959855034065678
2024-04-05,1.4052005552184599
2024-04-08,1.3765093665348203
2024-04-09,1.3172044744804037
2024-04-10,1.4027722865112777
2024-04-12,1.4168313044286514
2024-04-15,1.2711335523702088
2024-04-16,1.2974479783847268
2024-04-18,1.3898434136033075
2024-04-19,1.2473230318645936
2024-04-22,1.3624748637444393
2024-04-23,1.3741656236367863
2024-04-24,1.4205179642518801
2024-04-25,1.4988092003394295
2024-04-26,1.4142756385525708
2024-04-29,1.4067861468330403
2024-04-30,1.5640484969512418
2024-05-02,1.4323233949964873
2024-05-03,1.5744576025102879
2024-05-06,1.3941201295737058
2024-05-07,1.4434947929752993
2024-05-08,1.3784002868653091
2024-05-09,1.2696276561485682
2024-05-10,1.2526455813598174
2024-05-13,1.2101699109479813
2024-05-14,1.2735705295606397
2024-05-15,1.3529507486176966
2024-05-16,1.4459592184027839
2024-05-17,1.3719900417151174
2024-05-18,0.31400550879556655
2024-05-21,1.419934886779821
2024-05-22,1.3769731347821883
2024-05-23,1.3994855863031093
2024-05-24,1.4792738629208222
2024-05-27,1.5695574031209556
2024-05-28,1.426235796967089
2024-05-29,1.4167167867703336
2024-05-30,1.4141982879450965
2024-05-31,1.933866548390728
2024-06-03,1.6264519554639583
2024-06-04,1.5321467299959357
2024-06-05,1.4729111803862256
2024-06-06,1.517695736590102
2024-06-07,1.6316221525377184
2024-06-10,1.5828067413564033
2024-06-11,1.5423509463513585
2024-06-12,1.5728967515893497
2024-06-13,1.6313228588988258
2024-06-14,1.5642235371312143
2024-06-18,1.5885354532967273
2024-06-19,1.5779245318269328
2024-06-20,1.5826615309911551
2024-06-21,1.7410006994163014
2024-06-24,1.518203816856827
2024-06-25,1.4761929348863156
2024-06-26,1.487153545916391
2024-06-27,1.6300717933395945
2024-06-28,1.4817349736241914
2024-07-01,1.4548295677723815
2024-07-02,1.451596690328237
2024-07-03,1.4799685131958642
2024-07-04,1.476676364860107
2024-07-05,1.4841662957053035
2024-07-08,1.471408823898872
2024-07-09,1.5624421104344046
2024-07-10,1.4998918916710176
2024-07-11,1.4834931678518897
2024-07-12,1.5274734089458613
2024-07-15,1.5762165785890514
2024-07-16,1.558096546173616
2024-07-18,1.6773206303529566
2024-07-19,1.4673060720800932
2024-07-22,1.4107614102069137
2024-07-23,1.5346597927189947
2024-07-24,1.5126500600795438
2024-07-25,1.5116846198515317
2024-07-26,1.607546450228889
2024-07-29,1.6083892249674492
2024-07-30,1.5701345002349087
2024-07-31,1.6345354912376038
2024-08-01,1.6028119972626929
2024-08-02,1.4514130391633726
2024-08-05,1.5198408227406996
2024-08-06,1.4371906472610576
2024-08-07,1.4459751616980723
2024-08-08,1.3666330902770816
2024-08-09,1.3367950159624284
2024-08-12,1.3883753439749824
2024-08-13,1.3262002164623872
2024-08-14,1.2675733857992844
2024-08-16,1.3753112318468812
2024-08-19,1.398584590364561
2024-08-20,1.4427968346462727
2024-08-21,1.4606970535331398
2024-08-22,1.498307372770525
2024-08-23,1.3986210122277005
2024-08-26,1.4551824450488584
2024-08-27,1.5298991406397713
2024-08-28,1.454287301188698
2024-08-29,1.505418712070518
2024-08-30,1.8004212480678694
2024-09-02,1.3562331853360212
2024-09-03,1.3594790203310807
2024-09-04,1.5044922836460513
2024-09-05,1.49554954127777
2024-09-06,1.477996239474887
2024-09-09,1.3407404916531167
2024-09-10,1.3055997079857828
2024-09-11,1.3163411005683947
2024-09-12,1.412692435723715
2024-09-13,1.435773841848769
2024-09-16,1.3092046773743797
2024-09-17,1.283519477352346
2024-09-18,1.2686922203790338
2024-09-19,1.3700156361492537
2024-09-20,1.7272260992316637
2024-09-23,1.4241598163563571
2024-09-24,1.492655701053315
2024-09-25,1.3931592653575708
2024-09-26,1.480347144150807
2024-09-27,1.7624626223620543
2024-09-30,1.4382205110827033
2024-10-01,1.3287019905354354
2024-10-03,1.3305837569070642
2024-10-04,1.373733135019156
2024-10-07,1.2871615996485117
2024-10-08,1.2741561609713583
2024-10-09,1.295768806434076
2024-10-10,1.1829491935435943
2024-10-11,1.005902884430854
2024-10-14,1.016787865026943
2024-10-15,1.2190882840704251
2024-10-16,1.2374557876878798
2024-10-17,1.2449756689645044
2024-10-18,1.1486159065841586
2024-10-21,1.071622896707647
2024-10-22,1.1136815097326864
2024-10-23,1.1524119176846055
2024-10-24,1.0114584510550795
2024-10-25,1.08155241949973
2024-10-28,0.9967771856795936
2024-10-29,1.021741358380574
2024-10-30,1.1549832195692022
2024-10-31,1.1550481715145064
2024-11-01,0.02966997296404892
2024-11-04,0.9950569894463839
2024-11-05,1.0559659323132453
2024-11-06,1.2181760501664092
2024-11-07,1.1539256503704016
2024-11-08,0.9966990414192693
2024-11-11,0.9853618870612395
2024-11-12,0.9764146483487524
2024-11-13,0.9250495825238094
2024-11-14,0.9238034921860049
2024-11-18,0.919744097178398
2024-11-19,0.9761073752898136
2024-11-21,0.9852176085296124
2024-11-22,1.0151526452126134
2024-11-25,1.6034579583601252
2024-11-26,1.019411574204159
2024-11-27,1.0709919528996354
2024-11-28,1.1745531182190718
2024-11-29,1.1995857950381534
2024-12-02,1.121186289003604
2024-12-03,1.2947727167523775
2024-12-04,1.3116054833961808
2024-12-05,1.2433489748162627
2024-12-06,1.2456393828514891
2024-12-09,1.2698218839767341
2024-12-10,1.372220585881086
2024-12-11,1.206962781726375
2024-12-12,1.193875192170863
2024-12-13,1.1725104008326948
2024-12-16,1.0898829624662756
2024-12-17,1.1272176772640405
2024-12-18,1.0886360761354028
2024-12-19,1.0751485243483407
2024-12-20,1.3473781709274408
2024-12-23,0.9178446809688081
2024-12-24,0.8476049921815514
2024-12-26,0.8964410259993696
2024-12-27,0.8837687204407138
2024-12-30,1.3805490575734414
2024-12-31,0.9970071346766846
