DATE,NIFTY50_Liquidity_Index
2010-01-06,-0.6809711045585172
2010-01-07,-1.0446487787406387
2010-01-08,-0.9081692630860054
2010-01-11,-0.7718157038603823
2010-01-12,-1.8227227383237021
2010-01-13,-1.2538753241874094
2010-01-14,-1.0520312172543185
2010-01-15,-0.6503387769010291
2010-01-18,-1.1751910205388607
2010-01-19,-1.7716204041600405
2010-01-20,-0.7254759986030068
2010-01-21,-3.7957760057536616
2010-01-22,-2.6204748112623015
2010-01-25,-1.2427887968057438
2010-01-27,-4.215160092079263
2010-01-28,-1.444376707578176
2010-01-29,-1.6563088905348604
2010-02-01,-1.3913566670185131
2010-02-02,-2.9650990799680095
2010-02-03,-3.5227251674244395
2010-02-04,-2.987838411261445
2010-02-05,-3.8731222286886755
2010-02-08,-2.285457729474503
2010-02-09,-1.561613016834923
2010-02-10,-1.7085976299242362
2010-02-11,-2.5557832679823345
2010-02-15,-1.3043545767894573
2010-02-16,-2.1960339280929104
2010-02-17,-2.118075048644337
2010-02-18,-1.194011975610545
2010-02-19,-1.8678063445738482
2010-02-22,-1.034716265610851
2010-02-23,-0.9424537976804638
2010-02-24,-0.8485540196180493
2010-02-25,-0.6070039011860583
2010-02-26,-2.7642162236805863
2010-03-02,-3.0781967661083103
2010-03-03,-2.379298921707152
2010-03-04,-0.7611335960372222
2010-03-05,-0.7957136880304622
2010-03-08,-1.4007955749815604
2010-03-09,-0.977893355430903
2010-03-10,-0.8816825898861599
2010-03-11,-0.9735853713643837
2010-03-12,-0.5624562218544192
2010-03-15,-0.7764459721918614
2010-03-16,-2.3468655953747324
2010-03-17,-1.5797525183374874
2010-03-18,-0.8134089280684222
2010-03-19,-0.8016381689105512
2010-03-22,-1.9890115041970662
2010-03-23,-1.0203976648566941
2010-03-25,-1.4427610823781103
2010-03-26,-0.8987488262085306
2010-03-29,-1.3295380680541093
2010-03-30,-1.6196411901114942
2010-03-31,-0.9444300380929049
2010-04-01,-1.4439125135449316
2010-04-05,-2.4746309519405942
2010-04-06,-0.5298511083978861
2010-04-07,-0.7995352284693542
2010-04-08,-2.367545722228975
2010-04-09,-1.9695722539468263
2010-04-12,-1.0965825214073375
2010-04-13,-0.9702515150677268
2010-04-15,-2.080092277670335
2010-04-16,-0.7837824066433076
2010-04-19,-2.388382833864802
2010-04-20,-1.1423441221940898
2010-04-21,-0.786299558327376
2010-04-22,-1.6057372456997148
2010-04-23,-1.234949442592328
2010-04-26,-0.9075975670823472
2010-04-27,-0.7072769677813394
2010-04-28,-2.9637814856897267
2010-04-29,-1.404456003091368
2010-04-30,-1.0072183766004803
2010-05-03,-1.8915587810558414
2010-05-04,-2.697162532509739
2010-05-05,-1.460092115027196
2010-05-06,-1.649162913873327
2010-05-07,-2.608913854830789
2010-05-10,-4.141350858725142
2010-05-11,-2.0757116937720497
2010-05-12,-1.2431862866042314
2010-05-13,-1.194629698799265
2010-05-14,-3.0174491738712876
2010-05-17,-2.003023393338408
2010-05-18,-1.0155281628335366
2010-05-19,-4.0356004240722685
2010-05-20,-1.2963345521474867
2010-05-21,-1.4691652117126461
2010-05-24,-1.4025205774041383
2010-05-25,-4.098926160895456
2010-05-26,-3.7025466675568928
2010-05-27,-3.0976243847944023
2010-05-28,-2.1661903324541143
2010-05-31,-1.1092060196733475
2010-06-01,-3.748881362257123
2010-06-02,-1.8297489873536734
2010-06-03,-3.035835385311207
2010-06-04,-1.1871636971128852
2010-06-07,-3.4456117422931456
2010-06-08,-2.0979430550836686
2010-06-09,-1.0854179852558705
2010-06-10,-2.631121167840972
2010-06-11,-1.5610237811970724
2010-06-14,-2.5177477908021553
2010-06-15,-1.1979709278778026
2010-06-16,-0.7485895726281787
2010-06-17,-1.6948872271339441
2010-06-18,-0.9049278356637995
2010-06-21,-2.869425393170892
2010-06-22,-1.2841066543151858
2010-06-23,-0.6860329132370538
2010-06-24,-0.7568189791615341
2010-06-25,-1.733258599325167
2010-06-28,-2.0734492117021692
2010-06-29,-2.5773880070711632
2010-06-30,-2.2574034149163107
2010-07-01,-2.101519668921844
2010-07-02,-0.905807332083649
2010-07-05,-0.42925692749106387
2010-07-06,-1.8260649413702985
2010-07-07,-1.6943186580439333
2010-07-08,-1.9850780817913616
2010-07-09,-1.8195843281125081
2010-07-12,-1.2119545954029773
2010-07-13,-0.9265039610534518
2010-07-14,-1.1363659725376247
2010-07-15,-0.6426654782368184
2010-07-16,-0.7035128052589563
2010-07-19,-0.7166060932306627
2010-07-20,-1.0638130425444716
2010-07-21,-1.1395145115854888
2010-07-22,-1.6367012392925084
2010-07-23,-0.6620827268196346
2010-07-26,-1.2477177868605724
2010-07-27,-0.7729038801436843
2010-07-28,-1.3396743308160872
2010-07-29,-0.6855321302459814
2010-07-30,-1.5304611317776238
2010-08-02,-2.1822532410429876
2010-08-03,-0.6006041050433912
2010-08-04,-1.1718102031761903
2010-08-05,-0.945693286812472
2010-08-06,-0.6621256307362571
2010-08-09,-1.5859297102332783
2010-08-10,-1.0534019483477677
2010-08-11,-1.4802710175024474
2010-08-12,-0.7370119527237973
2010-08-13,-1.383262374827936
2010-08-16,-1.4016126878420305
2010-08-17,-0.5434896759439254
2010-08-18,-2.0542766900529625
2010-08-19,-1.9092187767607334
2010-08-20,-0.6302235528460527
2010-08-23,-0.6714890084127494
2010-08-24,-1.3987585699568474
2010-08-25,-1.4491331415455861
2010-08-26,-0.7432857898744913
2010-08-27,-2.3866495805166226
2010-08-30,-0.9522050981687655
2010-08-31,-0.9682621250346847
2010-09-01,-2.178728496092943
2010-09-02,-0.7977749983694216
2010-09-03,-0.606741314029713
2010-09-06,-2.972985709013152
2010-09-07,-1.123298834035186
2010-09-08,-0.7037429749805163
2010-09-09,-1.1070935222643774
2010-09-13,-3.4802307530116074
2010-09-14,-1.4350851064097387
2010-09-15,-1.9776732343075596
2010-09-16,-1.4236850385920063
2010-09-17,-1.7460859684257652
2010-09-20,-2.6983695249201003
2010-09-21,-1.2127025736100172
2010-09-22,-1.171242448929098
2010-09-23,-1.2951296170682172
2010-09-24,-1.8168258184534674
2010-09-27,-0.8917612933288878
2010-09-28,-0.7153218893306342
2010-09-29,-1.5384101026151331
2010-09-30,-1.4968725312555202
2010-10-01,-3.090544487425982
2010-10-04,-1.0119385488960566
2010-10-05,-0.9213466346101954
2010-10-06,-1.426733707250521
2010-10-07,-1.9991921852953443
2010-10-08,-1.063087989175568
2010-10-11,-1.3397239408664483
2010-10-12,-1.6008822734845032
2010-10-13,-3.699474344576499
2010-10-14,-2.0656170720914555
2010-10-15,-3.2727140102837082
2010-10-18,-1.3572097355125918
2010-10-19,-1.9129234790925145
2010-10-20,-1.512899425384718
2010-10-21,-3.2714457171853555
2010-10-22,-1.3893638986836367
2010-10-25,-1.2977334034262578
2010-10-26,-0.9311753593225697
2010-10-27,-2.058106623039269
2010-10-28,-1.3820127598323415
2010-10-29,-1.4194265179662027
2010-11-01,-2.315570144187704
2010-11-02,-0.5179810100491858
2010-11-03,-1.1679795987669737
2010-11-04,-2.942021329779335
2010-11-08,-0.8218259552796416
2010-11-09,-1.137882620527742
2010-11-10,-0.892536205163198
2010-11-11,-2.412679533109013
2010-11-12,-3.368273013461878
2010-11-15,-1.7163493710511288
2010-11-16,-3.8082414376654183
2010-11-18,-1.6028884084003707
2010-11-19,-3.2520390024975967
2010-11-22,-3.233449685701065
2010-11-23,-2.6415675933757004
2010-11-24,-2.5041387354752698
2010-11-25,-2.352849614068017
2010-11-26,-2.1993428500583034
2010-11-29,-2.3186680347781374
2010-11-30,-1.7117472686762585
2010-12-01,-2.766907206003916
2010-12-02,-1.4544407409508282
2010-12-03,-0.9683469763864686
2010-12-06,-0.8317064065155497
2010-12-07,-0.9130099330434395
2010-12-08,-2.1036089785859864
2010-12-09,-4.032757791931957
2010-12-10,-2.979811122599508
2010-12-13,-1.98078465390537
2010-12-14,-1.327073368729384
2010-12-15,-1.6980857761881658
2010-12-16,-1.9656494863065017
2010-12-20,-0.8355717516022573
2010-12-21,-1.5021525562003695
2010-12-22,-0.9557849409216366
2010-12-23,-0.5657198240701266
2010-12-24,-1.3145233459930963
2010-12-27,-0.8225657830044448
2010-12-28,-0.42657630571606425
2010-12-29,-1.8103410304275351
2010-12-30,-1.2351961160796103
2010-12-31,-1.070430606306417
2011-01-03,-0.8096731867758249
2011-01-04,-0.781683104284515
2011-01-05,-1.9216483493241907
2011-01-06,-1.4203802521013604
2011-01-07,-3.8758180140282965
2011-01-10,-3.8872373852558892
2011-01-11,-1.443846295781035
2011-01-12,-3.454507682823348
2011-01-13,-3.172216981137674
2011-01-14,-3.5077739849621126
2011-01-17,-0.7417289635139135
2011-01-18,-1.9609266648064845
2011-01-19,-1.4622768800671129
2011-01-20,-1.300588559497654
2011-01-21,-0.7973961583169517
2011-01-24,-1.5139412628757623
2011-01-25,-2.168256165136542
2011-01-27,-2.784336888172202
2011-01-28,-3.185376594286931
2011-01-31,-1.179771330865989
2011-02-01,-3.0349473005953205
2011-02-02,-1.082075322386477
2011-02-03,-2.977615555577324
2011-02-04,-4.171198979184622
2011-02-07,-0.6997658710637142
2011-02-08,-2.9198740763336097
2011-02-09,-2.3271992639100305
2011-02-10,-1.385935140716299
2011-02-11,-3.0991495662616773
2011-02-14,-3.614511701718163
2011-02-15,-1.4572018292685167
2011-02-16,-0.5487041837482931
2011-02-17,-2.1676562520019664
2011-02-18,-3.159158149803359
2011-02-21,-2.268524676081949
2011-02-22,-1.811324288391846
2011-02-23,-1.3542295183991542
2011-02-24,-4.136607864310893
2011-02-25,-1.9010105962339778
2011-02-28,-2.1702752258644353
2011-03-01,-3.89516655682011
2011-03-03,-1.2613889279884176
2011-03-04,-0.8953400070624707
2011-03-07,-2.3231215717466656
2011-03-08,-1.8501320743007745
2011-03-09,-1.05980356421043
2011-03-10,-1.2784953235153298
2011-03-11,-1.8768939652912404
2011-03-14,-2.7133413776475455
2011-03-15,-2.7902428428197363
2011-03-16,-1.878213716361012
2011-03-17,-2.0536868297635835
2011-03-18,-2.57755229555709
2011-03-21,-0.8913071957146869
2011-03-22,-1.5925696146017465
2011-03-23,-2.16869077791134
2011-03-24,-1.270487387023395
2011-03-25,-3.451863580050212
2011-03-28,-1.3151774771382867
2011-03-29,-1.7985715460957938
2011-03-30,-1.5186905955905692
2011-03-31,-1.7418848113944332
2011-04-01,-0.6975054639092885
2011-04-04,-2.3469844736132597
2011-04-05,-0.7488691109862627
2011-04-06,-1.078052719489892
2011-04-07,-0.5872740937209945
2011-04-08,-1.7716476350280073
2011-04-11,-1.618103931357092
2011-04-13,-3.9379101509343943
2011-04-15,-2.5435330955846682
2011-04-18,-3.292046306682149
2011-04-19,-0.9333185681534358
2011-04-20,-3.0033047890484594
2011-04-21,-1.1492944181179607
2011-04-25,-0.7376747775764024
2011-04-26,-1.0517609589616999
2011-04-27,-1.36038842314918
2011-04-28,-1.6798149400589582
2011-04-29,-1.6005223151810506
2011-05-02,-1.759479504680128
2011-05-03,-3.857323821039321
2011-05-04,-1.3228187600901433
2011-05-05,-2.626801501698447
2011-05-06,-2.7313689263474576
2011-05-09,-0.8473087209304405
2011-05-10,-0.9918544947519067
2011-05-11,-1.036513628675938
2011-05-12,-2.4866397788212216
2011-05-13,-2.3929523938678416
2011-05-16,-1.5080077715736735
2011-05-17,-2.188625484819404
2011-05-18,-1.023017011111606
2011-05-19,-0.6633766743818067
2011-05-20,-2.019479020354082
2011-05-23,-2.838227444786121
2011-05-24,-0.7955577059063675
2011-05-25,-1.5967600683177703
2011-05-26,-2.0004362994934
2011-05-27,-2.0290242160108365
2011-05-30,-0.6451394064931011
2011-06-01,-2.830282867275501
2011-06-02,-1.3570132920881819
2011-06-03,-1.61105634512188
2011-06-06,-0.978265459064881
2011-06-07,-1.142690145059568
2011-06-08,-1.082183142110638
2011-06-09,-0.5949691354220769
2011-06-10,-1.3825035877713243
2011-06-13,-0.7164456885144977
2011-06-14,-0.8156162366631219
2011-06-15,-1.7105277523083875
2011-06-16,-1.6545021967539693
2011-06-17,-1.3205721785932427
2011-06-20,-3.8807887012848696
2011-06-21,-1.0956693956453645
2011-06-22,-0.6283777459387014
2011-06-23,-1.6811746342660634
2011-06-24,-3.7051292187948786
2011-06-27,-2.205701595577918
2011-06-28,-1.034742914099209
2011-06-29,-1.5855847558349536
2011-06-30,-1.4869452001057453
2011-07-01,-1.3167186857831819
2011-07-04,-0.9896172230967686
2011-07-05,-0.9027619356090238
2011-07-06,-0.6551301541415234
2011-07-07,-2.9712434266012324
2011-07-08,-2.170724665052321
2011-07-11,-1.4285613870063438
2011-07-12,-2.571511118482303
2011-07-13,-1.7774822747649903
2011-07-15,-0.8059122916743634
2011-07-18,-0.8115478229271874
2011-07-19,-1.6354202024817421
2011-07-20,-1.7906725453945842
2011-07-21,-1.0388667157318068
2011-07-22,-2.5719799767585676
2011-07-25,-1.7135673229229145
2011-07-26,-3.314096144277516
2011-07-27,-1.2764538665107064
2011-07-28,-1.6219728689803212
2011-07-29,-0.8233737885624406
2011-08-01,-1.3876398424278944
2011-08-02,-1.8683859149413322
2011-08-03,-1.5582109505081623
2011-08-04,-2.5546085657273716
2011-08-05,-3.5716037108055585
2011-08-08,-3.381336558679651
2011-08-09,-2.779109715966618
2011-08-10,-2.701118106861436
2011-08-11,-1.204329466344323
2011-08-12,-2.775850703130871
2011-08-16,-1.9873379745073811
2011-08-17,-1.451279403106145
2011-08-18,-3.891454220585139
2011-08-19,-3.2070073195604163
2011-08-22,-2.282265181222426
2011-08-23,-2.1878623266205395
2011-08-24,-2.2785857211011686
2011-08-25,-2.090876723411454
2011-08-26,-3.632837805198765
2011-08-29,-3.793091535349156
2011-08-30,-2.7365407922409735
2011-09-02,-2.0676856271805666
2011-09-05,-1.2463372755259807
2011-09-06,-2.324215766218958
2011-09-07,-2.136017453924159
2011-09-08,-1.386107342464075
2011-09-09,-3.1689296755619987
2011-09-12,-3.2373044635699526
2011-09-13,-1.364323387634102
2011-09-14,-2.7017562699936626
2011-09-15,-2.6100787022612826
2011-09-16,-1.012583130723747
2011-09-19,-1.7226541972483367
2011-09-20,-3.495984858467448
2011-09-21,-0.8270862524228351
2011-09-22,-3.988159515084865
2011-09-23,-2.3030908453647125
2011-09-26,-1.9944148495779837
2011-09-27,-3.32716436362615
2011-09-28,-1.5136699382032577
2011-09-29,-2.8272594497099868
2011-09-30,-2.644370097061899
2011-10-03,-2.724440246353402
2011-10-04,-3.1978940133705827
2011-10-05,-1.4518790164074231
2011-10-07,-3.1895215197388085
2011-10-10,-3.1562590166019655
2011-10-11,-1.0095159199254753
2011-10-12,-3.6002363319672406
2011-10-13,-1.2394037154586748
2011-10-14,-2.067415699278452
2011-10-17,-1.1257461295600872
2011-10-18,-2.291392476700001
2011-10-19,-2.9970183021631223
2011-10-20,-1.741974244659535
2011-10-21,-1.788652096209786
2011-10-24,-1.7442189934285743
2011-10-25,-3.2152413511344977
2011-10-28,-3.250163197210168
2011-10-31,-1.251199815056141
2011-11-01,-2.178092728269271
2011-11-02,-0.9836074255828234
2011-11-03,-0.9941585584204918
2011-11-04,-1.1369604044704558
2011-11-08,-0.7180332311514851
2011-11-09,-2.4673681326812646
2011-11-11,-1.7362644569107442
2011-11-14,-1.360590990193216
2011-11-15,-2.7742859072434776
2011-11-16,-1.6488867711383792
2011-11-17,-3.278990990934691
2011-11-18,-1.5082445273096037
2011-11-21,-3.6301669655047824
2011-11-22,-1.607727781415237
2011-11-23,-3.8604267860139756
2011-11-25,-0.9539062978555654
2011-11-28,-3.471951937694335
2011-11-29,-1.9418983712933455
2011-11-30,-1.6672741069146624
2011-12-01,-3.3709323298276286
2011-12-02,-3.8734735973118606
2011-12-05,-0.8769679084996014
2011-12-07,-1.2643674852056503
2011-12-08,-3.7706255337675527
2011-12-09,-2.543835756702747
2011-12-12,-3.866053551088042
2011-12-13,-1.8824679975691652
2011-12-14,-1.8453724640327407
2011-12-15,-1.4391642015118344
2011-12-16,-3.978481765425301
2011-12-19,-1.7099754933890825
2011-12-20,-2.817768306734385
2011-12-21,-3.633678329706825
2011-12-22,-2.10716089400881
2011-12-23,-1.2886034867306753
2011-12-27,-1.7289794721302036
2011-12-28,-1.8588641148009561
2011-12-29,-2.1386965523045403
2011-12-30,-1.4628767530726048
2012-01-03,-3.535068129324011
2012-01-04,-1.037154100107715
2012-01-05,-0.6446407616928276
2012-01-06,-1.27129884564316
2012-01-09,-1.0219293707196007
2012-01-10,-3.4124487607658893
2012-01-11,-0.753313897519916
2012-01-12,-1.4346549225631633
2012-01-13,-1.5428431473611122
2012-01-16,-0.8385285936172555
2012-01-17,-2.8861968046589013
2012-01-18,-0.8705737208155055
2012-01-19,-1.83172964137389
2012-01-20,-1.3487139675129476
2012-01-23,-0.5617519081668493
2012-01-24,-2.7014709204318907
2012-01-25,-1.203180991203415
2012-01-27,-1.6120974970521924
2012-01-30,-3.4011965144772605
2012-01-31,-3.380975347887398
2012-02-01,-1.6509468140259216
2012-02-02,-1.4198070905149427
2012-02-03,-1.9803908602244014
2012-02-06,-1.4189010673254256
2012-02-07,-1.459303496142375
2012-02-08,-1.4363584942572158
2012-02-09,-1.754566428107079
2012-02-10,-1.5032085168982687
2012-02-13,-0.9195914132234791
2012-02-14,-1.1042598721611465
2012-02-15,-3.1404629458560342
2012-02-16,-0.7548575359399645
2012-02-17,-1.495413728573111
2012-02-21,-1.4789798447596099
2012-02-22,-3.2555993901325664
2012-02-23,-1.2236361030520686
2012-02-24,-2.1783487956652783
2012-02-27,-4.134820583514552
2012-02-28,-2.8184558075950763
2012-02-29,-1.2419054356425914
2012-03-01,-1.7099129792190964
2012-03-02,-1.2124153955996184
2012-03-05,-2.4327242458387857
2012-03-06,-2.838916390294008
2012-03-07,-0.8280440730485176
2012-03-09,-2.9434597405973393
2012-03-12,-1.4783304696273654
2012-03-13,-1.9775569379313203
2012-03-14,-1.357427125652457
2012-03-15,-2.653245938015002
2012-03-16,-2.5944336407257858
2012-03-19,-2.267055135152992
2012-03-20,-1.080491890586796
2012-03-21,-2.979450622901669
2012-03-22,-4.161627128789248
2012-03-23,-1.9830136265934617
2012-03-26,-2.960074712030725
2012-03-27,-2.19766647236876
2012-03-28,-1.7482243088930205
2012-03-29,-1.0041570005736264
2012-03-30,-3.479954036594318
2012-04-02,-1.0683977436740237
2012-04-03,-1.2859039995270443
2012-04-04,-1.1733199374007823
2012-04-09,-2.4787263207991326
2012-04-10,-0.7382502610361059
2012-04-11,-1.1370124967312785
2012-04-12,-1.5810385032071261
2012-04-13,-2.630887033421967
2012-04-16,-0.9905572064766137
2012-04-17,-2.239384107294642
2012-04-18,-0.7911931126297248
2012-04-19,-1.2618678257148859
2012-04-20,-1.7771871191360151
2012-04-23,-3.064003168720015
2012-04-24,-1.077741919600976
2012-04-25,-1.2445339645229083
2012-04-26,-0.7585271812358397
2012-04-27,-0.7938007410011174
2012-04-30,-1.887645206701595
2012-05-02,-0.8106793429051555
2012-05-03,-1.5378290451564538
2012-05-04,-3.212835886907718
2012-05-07,-1.9376824628768254
2012-05-08,-3.799150666124833
2012-05-09,-1.247766944823424
2012-05-10,-1.1635714902943706
2012-05-11,-1.605646161040736
2012-05-14,-1.381349783041907
2012-05-15,-1.722094266426276
2012-05-16,-2.44451955071785
2012-05-17,-1.0962485669848028
2012-05-18,-1.7241683632564302
2012-05-22,-1.8267490368737855
2012-05-23,-1.1837910650202754
2012-05-24,-3.0106118917376485
2012-05-25,-0.615469639896329
2012-05-28,-2.1760565053287193
2012-05-29,-0.6095125337243871
2012-05-30,-1.36460574938388
2012-05-31,-1.0230316865847968
2012-06-01,-2.839682233328735
2012-06-04,-1.1226077028353496
2012-06-05,-0.9799150036677888
2012-06-06,-3.722971722518532
2012-06-07,-1.7596304471760682
2012-06-08,-1.3552989512326439
2012-06-11,-1.2112934290007578
2012-06-12,-2.4808009969491716
2012-06-13,-0.7198680678927423
2012-06-14,-2.3058947481215606
2012-06-15,-2.651072337865625
2012-06-18,-3.0511202524589556
2012-06-19,-1.5932173959828753
2012-06-20,-0.8840168385373542
2012-06-21,-1.77239096637328
2012-06-22,-1.1387682084806654
2012-06-25,-1.6026463441672663
2012-06-26,-0.6441848591508162
2012-06-27,-0.8885105774327755
2012-06-28,-0.6192035845650564
2012-06-29,-3.441417802943277
2012-07-02,-0.5077936337146595
2012-07-03,-0.7946137586233821
2012-07-04,-0.8450174197879987
2012-07-05,-1.0532991227842115
2012-07-06,-0.7154008840758184
2012-07-09,-1.3866693144952196
2012-07-10,-2.1496793440666853
2012-07-11,-1.2730746361140808
2012-07-12,-1.9955363905140477
2012-07-13,-0.7661986994781864
2012-07-16,-1.2767449202373113
2012-07-17,-0.7354251065371225
2012-07-18,-1.1210179366071455
2012-07-19,-0.9324154264440809
2012-07-20,-1.304554301428876
2012-07-23,-2.46990483612936
2012-07-24,-0.7458373345079407
2012-07-25,-0.9587002220053373
2012-07-26,-2.4067615724632474
2012-07-27,-2.0287241943278094
2012-07-30,-2.9434602334219555
2012-07-31,-1.4594062584057153
2012-08-01,-0.6990561463341759
2012-08-02,-0.6689684372153882
2012-08-03,-0.8959840089074134
2012-08-06,-1.837228354021534
2012-08-07,-1.8480649979142765
2012-08-08,-0.5880440962467534
2012-08-09,-0.9470347633541379
2012-08-10,-0.5278139283960497
2012-08-13,-1.0952025172767232
2012-08-14,-1.3104772556516044
2012-08-16,-0.808227141998469
2012-08-17,-0.7231647375291171
2012-08-21,-1.7400879939586176
2012-08-22,-0.654945335781244
2012-08-23,-0.6728035344464275
2012-08-24,-0.9856091599359782
2012-08-27,-1.3415314758614547
2012-08-29,-1.9621214906839028
2012-08-30,-1.4639757657301917
2012-08-31,-1.8705683676825853
2012-09-03,-0.7163830495684115
2012-09-04,-0.9724004511730202
2012-09-05,-1.5401579980854745
2012-09-06,-0.8028693596184548
2012-09-07,-2.6337070872894386
2012-09-10,-0.8248896147427277
2012-09-11,-1.213366119914624
2012-09-12,-1.3379504619277078
2012-09-13,-0.4722436077862848
2012-09-14,-3.1030425057636895
2012-09-17,-1.3268253586062115
2012-09-18,-0.6387127642769402
2012-09-20,-1.4315455653915345
2012-09-21,-3.755642414673224
2012-09-24,-0.9569410779554486
2012-09-25,-0.6499584698629307
2012-09-26,-0.6431852455523499
2012-09-27,-0.865212575478935
2012-09-28,-1.60927909737111
2012-10-01,-0.6946930120081928
2012-10-03,-0.6248195009551781
2012-10-04,-1.667327794028616
2012-10-05,-2.581460910920725
2012-10-08,-2.175875651871439
2012-10-09,-1.1174038100485808
2012-10-10,-1.4829124803234985
2012-10-11,-1.9005482203274864
2012-10-12,-1.2958415254868654
2012-10-15,-0.722264816979885
2012-10-16,-1.536381842581987
2012-10-17,-0.8056574194116236
2012-10-18,-1.8491680301073827
2012-10-19,-1.2328853048349748
2012-10-22,-1.2946863987611934
2012-10-23,-0.9712284530351514
2012-10-25,-0.6981592003624999
2012-10-29,-1.3455123955133506
2012-10-30,-2.2548341521371444
2012-10-31,-0.9253732175905293
2012-11-01,-1.0387145186853972
2012-11-02,-1.409404640991888
2012-11-05,-0.5307153820120095
2012-11-06,-0.8472988738420267
2012-11-07,-1.3560279246214602
2012-11-08,-0.9679152561813082
2012-11-09,-1.7397493423236436
2012-11-12,-0.6378718417379567
2012-11-15,-1.558233495168726
2012-11-16,-1.982974132972356
2012-11-19,-0.5730097034690624
2012-11-20,-0.6967391661848431
2012-11-21,-1.4795805769897776
2012-11-22,-0.703923803722861
2012-11-23,-0.5459214157645482
2012-11-26,-0.5585518397595421
2012-11-27,-2.5141588749524693
2012-11-29,-2.7487847231796945
2012-11-30,-1.622175439182933
2012-12-03,-0.6764831885941471
2012-12-04,-0.7847217166629701
2012-12-05,-0.5824401519089586
2012-12-06,-1.5039201714450101
2012-12-07,-1.063637290228568
2012-12-10,-0.44308164614515355
2012-12-11,-1.1060793040820436
2012-12-12,-0.7525465747578415
2012-12-13,-1.3459881076560725
2012-12-14,-1.0506924662183843
2012-12-17,-0.8483704827025936
2012-12-18,-1.5144216841034301
2012-12-19,-0.9919966439651782
2012-12-20,-0.8371234088568865
2012-12-21,-1.7839224639280862
2012-12-24,-0.5324874960235975
2012-12-26,-1.5300373561256861
2012-12-27,-1.3261644302965712
2012-12-28,-1.1554641125785001
2012-12-31,-0.401060564242806
2013-01-02,-1.9724964609494677
2013-01-03,-0.6937240841450126
2013-01-04,-0.5847310345307012
2013-01-07,-1.1552742961210705
2013-01-08,-0.731826451282233
2013-01-09,-1.1776274464897165
2013-01-10,-0.6560277294372884
2013-01-11,-1.0709833012817866
2013-01-14,-2.0491075143121376
2013-01-15,-1.1237423896681857
2013-01-16,-1.6272292483105733
2013-01-17,-1.3281782714322408
2013-01-18,-0.884162737000815
2013-01-21,0.6646591724146081
2013-01-22,0.43249019827099194
2013-01-23,0.5245277394821881
2013-01-24,0.47350357876025123
2013-01-25,0.40201176060591315
2013-01-28,0.6726708961497703
2013-01-29,0.3814116812792
2013-01-30,0.6707693211939065
2013-01-31,0.6485039688102845
2013-02-01,0.3750140842641138
2013-02-04,0.45924726733482674
2013-02-05,0.7038441822902942
2013-02-06,0.605764351429282
2013-02-07,0.5073842056807041
2013-02-08,0.37346408698060474
2013-02-11,0.5350247701976597
2013-02-12,0.5729463006296142
2013-02-13,0.5342971110510913
2013-02-14,0.46395678400190604
2013-02-15,0.5283076489171747
2013-02-18,0.6244402301831041
2013-02-19,0.38526126367979424
2013-02-20,0.6289541253265332
2013-02-21,0.30749333277056223
2013-02-22,0.5977379999766623
2013-02-25,0.470660163653699
2013-02-26,0.19397090581360743
2013-02-27,0.36583419314459364
2013-02-28,-0.4560045699077738
2013-03-01,0.4271163698068229
2013-03-04,0.5037934040719216
2013-03-05,0.36558695895213633
2013-03-06,0.6315147424193669
2013-03-07,0.3022062378037823
2013-03-08,0.3693584626454541
2013-03-11,0.5699060399144964
2013-03-12,0.43462137278297097
2013-03-13,0.4820179903796704
2013-03-14,-0.07691444082739478
2013-03-15,0.24648766314815287
2013-03-18,0.5923527267608006
2013-03-19,-0.17153526219564239
2013-03-20,0.40940239523178495
2013-03-21,0.03787607920861174
2013-03-22,0.42049303823719997
2013-03-25,0.1462388880672308
2013-03-26,0.5330436892217002
2013-03-28,0.21583435441189752
2013-04-01,0.5113058968895401
2013-04-02,0.3476473075990913
2013-04-03,0.13813174270476838
2013-04-04,0.2593702599787829
2013-04-05,0.5386883646188668
2013-04-08,0.6007786357426281
2013-04-09,-0.05364257224106106
2013-04-10,0.13950621834377083
2013-04-11,0.3473487086537661
2013-04-12,0.47267285765960726
2013-04-15,0.14286260121178013
2013-04-16,-0.22497604391938675
2013-04-17,0.39311956994005626
2013-04-18,0.02572122266350348
2013-04-22,0.46556678088839476
2013-04-23,0.4771421390126185
2013-04-25,0.3667768162197445
2013-04-26,0.5259770578886191
2013-04-29,0.496813470846984
2013-04-30,0.1834152987087065
2013-05-02,0.09353502839304792
2013-05-03,0.35801981826431234
2013-05-06,0.5108823940428467
2013-05-07,0.38832735152985925
2013-05-08,0.44963451801930904
2013-05-09,0.5446129792023515
2013-05-10,0.4363792261490121
2013-05-13,-0.10940439434214663
2013-05-14,0.4571293381661298
2013-05-15,-0.1010286107903505
2013-05-16,0.4690108839397089
2013-05-17,0.5009492851142022
2013-05-20,0.2773688059095746
2013-05-21,0.31732883415099733
2013-05-22,0.3504271481197762
2013-05-23,-0.02700093994708738
2013-05-24,0.3074838018704527
2013-05-27,-0.027092318718116053
2013-05-28,0.362527707531731
2013-05-29,0.4736478283711893
2013-05-30,0.45427871493977484
2013-05-31,-0.07141246110006282
2013-06-03,0.17245937996787947
2013-06-04,0.3388071932521922
2013-06-05,0.4834156659762363
2013-06-06,0.2215859156112599
2013-06-07,0.11159710177671842
2013-06-10,0.30538596953855573
2013-06-11,0.22464117555154914
2013-06-12,0.4648497654568557
2013-06-13,0.5178463331132072
2013-06-14,0.2589112767895004
2013-06-17,0.23246833455590357
2013-06-18,0.41970610593699825
2013-06-19,0.48559460533246523
2013-06-20,0.042838222209483925
2013-06-21,0.3500313398028689
2013-06-24,0.31102289157907753
2013-06-25,0.13922675607668433
2013-06-26,0.44185575775572705
2013-06-27,0.3723544843359105
2013-06-28,0.1347776479650101
2013-07-01,0.27675721711951223
2013-07-02,0.5281611911796111
2013-07-03,0.47126964120047116
2013-07-04,0.4077859467075503
2013-07-05,0.5583825286944141
2013-07-08,0.4296046858466337
2013-07-09,0.6346427133691245
2013-07-10,0.288172310015429
2013-07-11,0.4143325010289196
2013-07-12,0.3862729984847321
2013-07-15,0.45361783076873274
2013-07-16,0.47399503663236253
2013-07-17,0.4293545345296084
2013-07-18,0.333483329393133
2013-07-19,0.5464497006688119
2013-07-22,0.4323845404810864
2013-07-23,0.6421768072088887
2013-07-24,0.2582254302304004
2013-07-25,0.2107024400737492
2013-07-26,0.3307829769203849
2013-07-29,0.4356025355102389
2013-07-30,0.02610343882281152
2013-07-31,0.3198823627980749
2013-08-01,-0.11058674284969329
2013-08-02,0.027308852904564813
2013-08-05,0.43315445282306997
2013-08-06,-0.2382122599532418
2013-08-07,0.3127527246590179
2013-08-08,0.3598518507156094
2013-08-12,0.21377990994157509
2013-08-13,-0.06560014017914934
2013-08-14,0.4119333690037115
2013-08-16,-0.7465337513884852
2013-08-19,-0.21745847777650898
2013-08-20,0.00036727817970439526
2013-08-21,-0.7352392081900474
2013-08-22,-0.44148653636056484
2013-08-23,0.10102675312655206
2013-08-26,0.3067251069107782
2013-08-27,-0.3607158326857513
2013-08-28,-0.7221918706160871
2013-08-29,-0.10582425483684832
2013-08-30,-0.14024360860124344
2013-09-02,0.22105211537371824
2013-09-03,-0.7512245496927009
2013-09-04,-0.25259310243118455
2013-09-05,0.34929494926972
2013-09-06,-0.0271311304371477
2013-09-10,-0.31521683962837427
2013-09-11,0.23332536048782404
2013-09-12,0.03830020748961487
2013-09-13,0.43203980536720404
2013-09-16,-0.29599062932460124
2013-09-17,0.48595175404159535
2013-09-18,0.3117358153255789
2013-09-19,0.19169231313665244
2013-09-20,-0.5398848714601459
2013-09-23,0.024430002940216796
2013-09-24,0.26723162773657044
2013-09-25,0.15211106457986415
2013-09-26,0.5006900672598666
2013-09-27,0.20754692720795934
2013-09-30,0.1840551940492796
2013-10-01,0.22903958216518502
2013-10-03,0.04797656596205982
2013-10-04,0.4067352004197415
2013-10-07,0.24266476214168015
2013-10-08,0.37513544524336334
2013-10-09,-0.11525183574444116
2013-10-10,0.4912224389665272
2013-10-11,0.452320615723442
2013-10-14,0.5851229685238697
2013-10-15,0.1822151249468749
2013-10-17,0.3372777965959309
2013-10-18,-0.02200958059140596
2013-10-21,0.5056973624842029
2013-10-22,0.6162078598433227
2013-10-23,0.17478166457375446
2013-10-24,0.10316703149494158
2013-10-25,0.5325820797379501
2013-10-28,0.34486088129405024
2013-10-29,-0.15747289935594752
2013-10-30,0.5685006116136494
2013-10-31,0.3997275786207382
2013-11-01,0.5794166354897481
2013-11-05,0.4687313771360249
2013-11-06,0.45674011540207765
2013-11-07,0.12288754288597463
2013-11-08,0.4250662268798903
2013-11-11,0.34983622564104083
2013-11-12,0.17926780009574605
2013-11-13,0.37569322227528756
2013-11-14,0.41086674831871556
2013-11-18,0.2831739038733284
2013-11-19,0.6610166391838993
2013-11-20,0.18531816014900696
2013-11-21,0.06663885961360613
2013-11-22,0.31419313728048703
2013-11-25,0.24527605268274782
2013-11-26,0.40566109737703887
2013-11-27,0.5561124050971861
2013-11-28,0.5741954215435661
2013-11-29,0.3387626958653469
2013-12-02,0.4788896182401367
2013-12-03,0.6444304341511736
2013-12-04,0.47253311555178623
2013-12-05,0.40973155803956496
2013-12-06,0.575223690707833
2013-12-09,0.4161309995313142
2013-12-10,0.527229179464985
2013-12-11,0.5616917486682297
2013-12-12,0.48835474039724036
2013-12-13,0.557665728872948
2013-12-16,0.6172431285244294
2013-12-17,0.47292208054573265
2013-12-18,0.15846418703254703
2013-12-19,0.12982471342186913
2013-12-20,0.0875672197139546
2013-12-23,0.5250066778427053
2013-12-24,0.5900566517092858
2013-12-26,0.5911556444149728
2013-12-27,0.6152936859018379
2013-12-30,0.3684963290516766
2013-12-31,0.6559113334174028
2014-01-02,-0.15198098969876672
2014-01-03,0.5236599887578609
2014-01-06,0.48516836603066854
2014-01-07,0.33270919696398715
2014-01-08,0.656017407036083
2014-01-09,0.5998039958152099
2014-01-10,0.1786068450025691
2014-01-13,0.18840668290239032
2014-01-14,0.540195410779985
2014-01-15,0.4648106805742989
2014-01-16,0.5612550660184147
2014-01-17,0.32356645761433334
2014-01-20,0.42518697307262915
2014-01-21,0.6564391578523765
2014-01-22,0.447389038348786
2014-01-23,0.602063374960009
2014-01-24,0.4136773746685483
2014-01-27,0.48668162011975635
2014-01-28,0.337943607149186
2014-01-29,0.4465572439817838
2014-01-30,0.4975163105198225
2014-01-31,0.6607436935764432
2014-02-03,0.28688827938446815
2014-02-04,0.27389756020043377
2014-02-05,0.4061383069424552
2014-02-06,0.28991509293511103
2014-02-07,0.5373276782918388
2014-02-10,0.609948187059773
2014-02-11,0.6751985331851584
2014-02-12,0.6677620268646333
2014-02-13,0.1256564924542705
2014-02-14,0.35387362635828634
2014-02-18,0.3408080559812693
2014-02-19,0.6145295347532587
2014-02-20,0.5671411657738806
2014-02-21,0.49636054537010743
2014-02-24,0.4499685518168788
2014-02-25,0.5974537586896405
2014-02-26,0.5854549525640269
2014-02-28,0.5129570170833166
2014-03-03,0.4176514026370691
2014-03-04,0.28337849502165263
2014-03-05,0.5537531281232763
2014-03-06,0.43764004642902554
2014-03-07,0.09079002376223985
2014-03-10,0.4091280537708934
2014-03-11,0.44716382327379295
2014-03-12,0.49731582152612075
2014-03-13,0.3181007127982742
2014-03-14,0.3154438641350438
2014-03-18,0.37446598995705505
2014-03-19,0.6563775880567502
2014-03-20,0.5413134276357641
2014-03-21,0.6460325530513665
2014-03-24,0.34984992632807627
2014-03-25,0.5550400696166968
2014-03-26,0.5863114839179107
2014-03-27,0.43290385908283985
2014-03-28,0.514207671705635
2014-03-31,0.4645771385019419
2014-04-01,0.5253567296647877
2014-04-02,0.6361697718325724
2014-04-03,0.38099763968324935
2014-04-04,0.5177012090008359
2014-04-07,0.39130340060883523
2014-04-09,0.22530654752490537
2014-04-10,0.6308753709833801
2014-04-11,0.5853258524293763
2014-04-15,0.21534726987927297
2014-04-16,0.3282904610930699
2014-04-17,0.23788490761170555
2014-04-21,0.6278393366337842
2014-04-22,0.6698440858219921
2014-04-23,0.6364506105352454
2014-04-25,0.260555804942575
2014-04-28,0.6430384393001778
2014-04-29,0.41025988719906636
2014-04-30,0.08297825257807755
2014-05-02,0.5576110384275601
2014-05-05,0.47188598078128485
2014-05-06,0.5886315452628136
2014-05-07,0.37162951258259513
2014-05-08,0.5380526200104008
2014-05-09,-0.5080078127236755
2014-05-12,-0.07781324543256292
2014-05-13,0.2734463609262519
2014-05-14,0.5200967582403748
2014-05-15,0.4703715279898472
2014-05-16,-0.6979531143976732
2014-05-19,0.3434390013841021
2014-05-20,0.2801096405885803
2014-05-21,0.41990058036434585
2014-05-22,0.5451842601127487
2014-05-23,0.40277465042400484
2014-05-26,-0.4790215739099751
2014-05-27,0.3090081750556305
2014-05-28,0.6473213479203057
2014-05-29,0.3022447465174065
2014-05-30,-0.006077008043645435
2014-06-02,0.12834253856672623
2014-06-03,0.4298930531000942
2014-06-04,0.6592062535455352
2014-06-05,0.18929022081073438
2014-06-06,0.37418087778857934
2014-06-09,0.38526502848290267
2014-06-10,0.3103501514277788
2014-06-11,0.26618752867071815
2014-06-12,0.5247315642606488
2014-06-13,0.008358204753268653
2014-06-16,0.5399755617058899
2014-06-17,0.15791072898370118
2014-06-18,0.03755492867849828
2014-06-19,0.2889147524693702
2014-06-20,0.5141177439461528
2014-06-23,0.3390025340094161
2014-06-24,0.435497460407507
2014-06-25,0.6926361316773788
2014-06-26,0.3797023977570286
2014-06-27,0.553787849547529
2014-06-30,0.36472644466565435
2014-07-01,0.7114322638875618
2014-07-02,0.5778412134277069
2014-07-03,0.6159038778300496
2014-07-04,0.332459706853919
2014-07-07,0.6953951275370519
2014-07-08,-0.32602295641268225
2014-07-09,0.3333829849803022
2014-07-10,-0.5398613887440462
2014-07-11,-0.14589266502729428
2014-07-14,0.5562669372001301
2014-07-15,0.4406857300931282
2014-07-16,0.28423001413948096
2014-07-17,0.6452759532362238
2014-07-18,0.3762344839907409
2014-07-21,0.6017191106268451
2014-07-22,0.4942461148393654
2014-07-23,0.5688193261401301
2014-07-24,0.5245894410657996
2014-07-25,0.3752517826301235
2014-07-28,0.44508876412614834
2014-07-30,0.3896551738766429
2014-07-31,0.45119225785948835
2014-08-01,0.19908696688524538
2014-08-04,0.46858107315682446
2014-08-05,0.2413489843793757
2014-08-06,0.4094195938980823
2014-08-07,0.4314409501783064
2014-08-08,0.5788502796462728
2014-08-11,0.6612368040763537
2014-08-12,0.4269258845834115
2014-08-13,0.548600510182698
2014-08-14,0.5625042536703616
2014-08-18,0.32460314555902897
2014-08-19,0.6856275548259124
2014-08-20,0.5557913122702071
2014-08-21,0.5276185974645242
2014-08-22,0.7164204301036364
2014-08-25,0.49331179612968334
2014-08-26,0.5989841542822484
2014-08-27,0.7169363269430168
2014-08-28,0.7490854371320926
2014-09-01,0.6146540426113216
2014-09-02,0.5384752953079172
2014-09-03,0.629734309313328
2014-09-04,0.6014355400560497
2014-09-05,0.49266911910542316
2014-09-08,0.595697301125344
2014-09-09,0.619294589371206
2014-09-10,0.5893789819814929
2014-09-11,0.5033897479953742
2014-09-12,0.6504867762853562
2014-09-15,0.615201025778708
2014-09-16,0.22875400401651588
2014-09-17,0.5883675185457132
2014-09-18,-0.09248159022829658
2014-09-19,0.6011904276714576
2014-09-22,0.36689219022474934
2014-09-23,0.06134714548976789
2014-09-24,0.40278950431477456
2014-09-25,0.13139909639376443
2014-09-26,0.058168883535729896
2014-09-29,0.5589579346165855
2014-09-30,0.30303191520999934
2014-10-01,0.6560618241477122
2014-10-07,0.33481989897037134
2014-10-08,0.5877456693197316
2014-10-09,0.4122790932502643
2014-10-10,0.46445217032321234
2014-10-13,0.2969316145382518
2014-10-14,0.3438168863790392
2014-10-16,-0.016361906475517267
2014-10-17,0.363661989842952
2014-10-20,0.6327104684868253
2014-10-21,0.558328818533509
2014-10-22,0.7314035344642371
2014-10-27,0.45740835055495127
2014-10-28,0.6530303410537942
2014-10-29,0.649661921402247
2014-10-30,0.3985759962524986
2014-10-31,0.21289388475766288
2014-11-03,0.616266574095118
2014-11-05,0.6810557223846478
2014-11-07,0.5306114439903833
2014-11-10,0.478024203507603
2014-11-11,0.5897445911724035
2014-11-12,0.6564707018653151
2014-11-13,0.4296790983537857
2014-11-14,0.6156428721116567
2014-11-17,0.4221948609744169
2014-11-18,0.6473283019556626
2014-11-19,0.39143046145365284
2014-11-20,0.5868116995132227
2014-11-21,0.4232090855633683
2014-11-24,0.6726754803419178
2014-11-25,0.37899322067730395
2014-11-26,0.5803799650860485
2014-11-27,0.6524892967033651
2014-11-28,0.4000016603823231
2014-12-01,0.4997624684180724
2014-12-02,0.6096148477283926
2014-12-03,0.7022309250950368
2014-12-04,0.3824502187383256
2014-12-05,0.5657779385106242
2014-12-08,0.31133304658400407
2014-12-09,0.3018495596049242
2014-12-10,0.579049612466262
2014-12-11,0.4902375047658937
2014-12-12,0.33203372300399214
2014-12-15,0.41323883159652036
2014-12-16,0.1672122983424839
2014-12-17,0.25876052881611133
2014-12-18,0.41793466563598336
2014-12-19,0.6173817584517748
2014-12-22,0.3560256697637897
2014-12-23,0.2946796815478197
2014-12-24,0.21594060880555413
2014-12-26,0.3976172721403476
2014-12-29,0.52452403736773
2014-12-30,0.6103700562901478
2014-12-31,0.6183311437467179
2015-01-02,0.24355308606322537
2015-01-05,0.4575854411559187
2015-01-06,-0.26282308995620035
2015-01-07,0.4402395703063442
2015-01-08,0.48784333470384605
2015-01-09,0.3047549278254099
2015-01-12,0.4213262038477099
2015-01-13,0.4209495984843981
2015-01-14,0.4208638080279343
2015-01-15,0.1622890492415546
2015-01-16,0.5051494252419437
2015-01-19,0.688472356583448
2015-01-20,0.23264439018597527
2015-01-21,0.6514473252335126
2015-01-22,0.6734447760656556
2015-01-23,0.5623328423216147
2015-01-27,0.4264135621755383
2015-01-28,0.36633293471833184
2015-01-29,0.4130152964239583
2015-01-30,-0.17501634456773327
2015-02-02,0.47177517119990575
2015-02-03,0.3635793144332577
2015-02-04,0.4699812550761494
2015-02-05,0.12847505277845006
2015-02-06,0.4988596186996546
2015-02-09,0.44239908996813543
2015-02-10,0.010646279333282941
2015-02-11,0.6086405951149231
2015-02-12,0.23440987312848713
2015-02-13,0.464165624791591
2015-02-16,0.5144752787121175
2015-02-18,0.4783348126598366
2015-02-19,0.33341920383723195
2015-02-20,0.4993422188121818
2015-02-23,0.23307862755998832
2015-02-24,0.5313321491736448
2015-02-25,0.44895202735810563
2015-02-26,0.33015982895736795
2015-02-27,0.22949467259951264
2015-03-02,0.5034813262988166
2015-03-03,0.5088305739361682
2015-03-04,-0.18142249000995264
2015-03-05,0.3736049341093155
2015-03-09,0.1455706600674545
2015-03-10,0.4016704050105229
2015-03-11,0.5386782521974371
2015-03-12,0.6368042940288245
2015-03-13,-0.20132823902034713
2015-03-16,0.6434487897196085
2015-03-17,0.34646150926493846
2015-03-18,0.480587359328085
2015-03-19,0.023321468040203644
2015-03-20,0.5256471188400101
2015-03-23,0.5526283069033271
2015-03-24,0.42991376326910113
2015-03-25,0.6091005617055182
2015-03-26,0.015610611749696145
2015-03-27,0.15353030783870292
2015-03-30,0.31730695812816306
2015-03-31,0.4071356374349006
2015-04-01,0.18198039115448275
2015-04-06,0.4271938826640434
2015-04-07,0.35898567075690074
2015-04-08,0.6448460343878075
2015-04-09,0.38834841622619404
2015-04-10,0.6284010250036977
2015-04-13,0.4954966011766029
2015-04-16,0.3188141783575094
2015-04-17,0.3797749249296126
2015-04-20,-0.11872738671134724
2015-04-21,0.3441607041411935
2015-04-22,0.043824030783301715
2015-04-23,0.15218876641123985
2015-04-24,0.16754461718235056
2015-04-27,0.20277321808685803
2015-04-28,0.2519542304166422
2015-04-29,0.4256358386096384
2015-04-30,0.47451481573288073
2015-05-04,0.22600164115961352
2015-05-05,0.504064873994686
2015-05-06,-0.4346598053262963
2015-05-07,0.2216539960907015
2015-05-08,0.36124310067808196
2015-05-11,0.3503140010582331
2015-05-12,-0.24997341878100243
2015-05-13,0.013323059030913152
2015-05-14,0.3635953609366334
2015-05-15,0.5344859053402334
2015-05-18,0.30988399625195195
2015-05-19,0.40791541775014106
2015-05-20,0.6340878809063913
2015-05-21,0.5640141339954854
2015-05-22,0.5528842225697487
2015-05-25,0.4782440785498209
2015-05-26,0.5772320104307609
2015-05-27,0.5618654938366898
2015-05-28,0.42312414808278764
2015-05-29,0.2245285442829845
2015-06-01,0.5671841260404594
2015-06-02,-0.27197767415480206
2015-06-03,0.1445727502415774
2015-06-04,0.34136509765125445
2015-06-05,0.40973346649152664
2015-06-08,0.3440499315533832
2015-06-09,0.6078056044517466
2015-06-10,0.19729764623000512
2015-06-11,-0.23555830469243622
2015-06-12,0.5859860203807589
2015-06-15,0.27246614985793377
2015-06-16,0.29017293169631253
2015-06-17,0.42177843640257656
2015-06-18,0.44064330917983263
2015-06-19,0.6046534849543533
2015-06-22,0.3026923878232609
2015-06-23,0.5613567723493976
2015-06-24,0.45822031007728076
2015-06-25,0.4241518963190471
2015-06-26,0.5222541250163842
2015-06-29,0.18628263734226969
2015-06-30,0.4854239597352924
2015-07-01,0.3158889472079544
2015-07-02,0.6445111388129899
2015-07-03,0.49134495073599926
2015-07-06,0.12308889878902343
2015-07-07,0.489154382897717
2015-07-08,0.30172982238097895
2015-07-09,0.48664068795830734
2015-07-10,0.5756168734578776
2015-07-13,0.2851780997490731
2015-07-14,0.5874814069668353
2015-07-15,0.5289071605148862
2015-07-16,0.5164386739800008
2015-07-17,0.6280479807869364
2015-07-20,0.5420901591219626
2015-07-21,0.24142799987360086
2015-07-22,0.15355853506918074
2015-07-23,0.4781165898984778
2015-07-24,0.502940397543762
2015-07-27,0.1604506986735952
2015-07-28,0.50986407091308
2015-07-29,0.6695444502585659
2015-07-30,0.6547666220436326
2015-07-31,0.39852215904141214
2015-08-03,0.6156233153864692
2015-08-04,0.3084590998124148
2015-08-05,0.6574223172423751
2015-08-06,0.6150432753902005
2015-08-07,0.6758518454244901
2015-08-10,0.25291462530174236
2015-08-11,0.3056529725128674
2015-08-12,0.34104244843321296
2015-08-13,0.43877720217513994
2015-08-14,0.13483739738907863
2015-08-17,0.37307052068188373
2015-08-18,0.4228986606725075
2015-08-19,0.40390629068010686
2015-08-20,0.1652813675480872
2015-08-21,0.40384692053773596
2015-08-24,-0.6875254416671747
2015-08-25,-0.520739117080783
2015-08-26,0.04880904179779936
2015-08-27,0.3655664589341101
2015-08-28,0.20061946547761428
2015-08-31,0.3829912042554599
2015-09-01,-0.12075602284141443
2015-09-02,-0.008864322789988735
2015-09-03,0.37944645069868177
2015-09-04,-0.12363634536762037
2015-09-07,-0.024744995365736534
2015-09-08,-0.14149100273900106
2015-09-09,0.4643312884850083
2015-09-10,0.09952362510685515
2015-09-11,0.29869336870912594
2015-09-14,0.22681223224944103
2015-09-15,0.438563439895413
2015-09-16,0.5538323018631752
2015-09-18,0.3787367928943136
2015-09-21,0.44761352221072764
2015-09-22,-0.41251741512510376
2015-09-23,-0.0019712570339141845
2015-09-24,0.4071114601602507
2015-09-28,0.2924002514277195
2015-09-29,-0.39939733986977727
2015-09-30,0.4568777044084256
2015-10-01,0.47011756649247644
2015-10-05,0.23829605174082913
2015-10-06,0.4545991929525297
2015-10-07,0.6105836331821994
2015-10-08,0.4127745297534582
2015-10-09,0.4148257975973561
2015-10-12,0.2836068902684674
2015-10-13,0.5633325117149796
2015-10-14,0.6607944635040285
2015-10-15,0.576275922345271
2015-10-16,0.3760212342699167
2015-10-19,0.6570709498522819
2015-10-20,0.5550073473073813
2015-10-21,0.4853324360975536
2015-10-23,0.6482225548125675
2015-10-26,0.4437880390507148
2015-10-27,0.7411913081158701
2015-10-28,0.49496350563109254
2015-10-29,0.4765108232533513
2015-10-30,0.35941378289779563
2015-11-02,0.5371610750072127
2015-11-03,0.5167898571618761
2015-11-04,0.40117942486182323
2015-11-05,0.40990424638838924
2015-11-06,0.49360221435113716
2015-11-09,-0.007268206502903926
2015-11-10,0.2696493188523487
2015-11-13,0.6500598602586549
2015-11-16,0.1932737169018942
2015-11-17,0.5166228704513537
2015-11-18,0.218703575254043
2015-11-19,0.3819145425847008
2015-11-20,0.3988860051289078
2015-11-23,0.5943643389271815
2015-11-24,0.5648803168411688
2015-11-26,0.5523640611969017
2015-11-27,0.4565345389618389
2015-11-30,0.675646736200241
2015-12-01,0.6823246522221983
2015-12-02,0.5077844431127367
2015-12-03,0.5579804316107859
2015-12-04,0.6410610655530824
2015-12-07,0.442653153454377
2015-12-08,0.40065224780829267
2015-12-09,0.34022227204941097
2015-12-10,0.4192838812594032
2015-12-11,0.1598011806135897
2015-12-14,0.24425286620660008
2015-12-15,0.4345001520382912
2015-12-16,0.5530946325158305
2015-12-17,0.2607324592748314
2015-12-18,0.4349056068889138
2015-12-21,0.2820063460882996
2015-12-22,0.4924739460319155
2015-12-23,0.6279889039064748
2015-12-24,0.5736627526749764
2015-12-28,0.47454421459240703
2015-12-29,0.6634242751099851
2015-12-30,0.5730346840773088
2015-12-31,0.5397708858852779
2016-01-04,0.003909818488085047
2016-01-05,0.5107573039656581
2016-01-06,0.4416604976671487
2016-01-07,0.2231799083780756
2016-01-08,0.5866669172667521
2016-01-11,0.2619660748124096
2016-01-12,0.3114954570046749
2016-01-13,-0.048208466018677926
2016-01-14,-0.030167592608961034
2016-01-15,0.08676420984137262
2016-01-18,0.16010955381300737
2016-01-19,0.3177446187694219
2016-01-20,-0.47145689857893663
2016-01-21,0.02135566055785502
2016-01-22,0.28568606280879966
2016-01-25,0.5089447257094681
2016-01-27,0.5607242667116764
2016-01-28,0.5733713641944839
2016-01-29,-0.07533735069334331
2016-02-01,0.5638477451353726
2016-02-02,0.04239344529441115
2016-02-03,0.4984332396396219
2016-02-04,0.3702465182629134
2016-02-05,0.35584949474879135
2016-02-08,0.006483369964826498
2016-02-09,0.624526119379537
2016-02-10,0.34886379852393734
2016-02-11,-0.628669208180142
2016-02-12,-0.11274907994680224
2016-02-15,0.1633349051677943
2016-02-16,-0.13673469538915564
2016-02-17,-0.09285766644502416
2016-02-18,0.38734572683793905
2016-02-19,0.4124123046003708
2016-02-22,0.5793539030960079
2016-02-23,-0.030569113022094835
2016-02-24,0.40491711640985245
2016-02-25,0.466504029759372
2016-02-26,0.4809578650498455
2016-02-29,-0.692460354366809
2016-03-01,-0.3025596313283934
2016-03-02,0.5174312789139951
2016-03-03,0.47722035437891236
2016-03-04,0.563655198411539
2016-03-08,0.42223351079457905
2016-03-09,0.25007949219327524
2016-03-10,0.32792086093796424
2016-03-11,0.4198143931354825
2016-03-14,0.4995456329258821
2016-03-15,0.3610010322552999
2016-03-16,0.30284734488498505
2016-03-17,0.2988090840898797
2016-03-18,0.36575118993586075
2016-03-21,0.36771604666948493
2016-03-22,0.43198536046945485
2016-03-23,0.5893036311923553
2016-03-28,-0.01364600781672132
2016-03-29,0.5055458966271075
2016-03-30,0.35683009225967177
2016-03-31,0.513958291043766
2016-04-01,0.48355843621451294
2016-04-04,0.5563230568222122
2016-04-05,0.05311654151739219
2016-04-06,0.6276304974027535
2016-04-07,0.3639279530202683
2016-04-08,0.6430425717403409
2016-04-11,-0.022534538342874607
2016-04-12,0.5936902218325079
2016-04-13,0.40048400219209984
2016-04-18,0.47982351993474126
2016-04-20,0.5079908861719821
2016-04-21,0.39295666205181323
2016-04-22,0.6282740149105572
2016-04-25,0.42508902916014635
2016-04-26,0.07132935852421585
2016-04-27,0.6363078913037881
2016-04-28,0.04723961605477136
2016-04-29,0.35907064532921623
2016-05-02,0.5986003215901601
2016-05-03,0.02852743448297239
2016-05-04,0.6157952884661934
2016-05-05,0.5036655861443261
2016-05-06,0.5554356778251649
2016-05-09,0.22868773359136318
2016-05-10,0.5718097764132685
2016-05-11,0.28577648135840433
2016-05-12,0.5266898697029002
2016-05-13,0.35834539232159635
2016-05-16,0.34131017451399065
2016-05-17,0.57081830782281
2016-05-18,0.49972761477092614
2016-05-19,0.28553946985884077
2016-05-20,0.4645774580910106
2016-05-23,0.34334423167707767
2016-05-24,0.634410873064781
2016-05-25,0.17644145746640433
2016-05-26,0.20781254445486688
2016-05-27,0.4630232782442637
2016-05-30,0.6602158078807085
2016-05-31,0.5295231992200071
2016-06-01,0.6730174771066029
2016-06-02,0.508843995035074
2016-06-03,0.6670938556124081
2016-06-06,0.6442213839494946
2016-06-07,0.5049444187827842
2016-06-08,0.7105862185979696
2016-06-09,0.43050963824800054
2016-06-10,0.3566022835156476
2016-06-13,0.5724508924151143
2016-06-14,0.5413114148731211
2016-06-15,0.4223590057910256
2016-06-16,0.3333694235791948
2016-06-17,0.5825387475859765
2016-06-20,0.17604741303524424
2016-06-21,0.5982953295660834
2016-06-22,0.43751912271588994
2016-06-23,0.3825548207407545
2016-06-24,-0.01618953375651121
2016-06-27,0.459720821733718
2016-06-28,0.5825750481186807
2016-06-29,0.6050370186058582
2016-06-30,0.5836186734197781
2016-07-01,0.651730733124842
2016-07-04,0.7240509275432777
2016-07-05,0.5700771485818888
2016-07-07,0.6674331782600283
2016-07-08,0.5473714596355387
2016-07-11,0.5447254156110002
2016-07-12,0.66956939195475
2016-07-13,0.6211231070363489
2016-07-14,0.5388907142887333
2016-07-15,0.4838522306434871
2016-07-18,0.4261399001749938
2016-07-19,0.5791706719166512
2016-07-20,0.6098188118106308
2016-07-21,0.47672198545387023
2016-07-22,0.5926293980843234
2016-07-25,0.2716459351969965
2016-07-26,0.5536028206668402
2016-07-27,0.43669956520930076
2016-07-28,0.6734269238302123
2016-07-29,0.7029255948796043
2016-08-01,0.298124344950126
2016-08-02,0.5206887133542717
2016-08-03,0.3607945262862507
2016-08-04,0.47708899093718693
2016-08-05,0.4019168205017508
2016-08-08,0.750277851332905
2016-08-09,0.4590319288800326
2016-08-10,0.2665893171523028
2016-08-11,0.599119086571485
2016-08-16,0.505629544079616
2016-08-17,0.5843326167015305
2016-08-18,0.6738363350294121
2016-08-19,0.6623872639194947
2016-08-22,0.5408102750205178
2016-08-23,0.5957438273097201
2016-08-24,0.6966197658334758
2016-08-25,0.4098813781176877
2016-08-26,0.5135483488951204
2016-08-29,0.49334668554384287
2016-08-30,0.35932740475061237
2016-08-31,0.6236667227277576
2016-09-01,0.6582892026359428
2016-09-02,0.6352580226371399
2016-09-06,0.4152131065502537
2016-09-07,0.6620899488960863
2016-09-08,0.6053832560431535
2016-09-09,0.5103890716869545
2016-09-12,0.6774932386565088
2016-09-14,0.6545054028317236
2016-09-15,0.6604851897778402
2016-09-16,0.4451828433871592
2016-09-19,0.6455006072996607
2016-09-20,0.6100894366559823
2016-09-21,0.5529433891790047
2016-09-22,0.634080270188424
2016-09-23,0.5885869229640273
2016-09-26,0.431842314257598
2016-09-27,0.5087872889792157
2016-09-28,0.5850513530167641
2016-09-29,-0.2942726158844666
2016-09-30,0.49096393275256184
2016-10-03,0.34395886479203674
2016-10-04,0.6754903048236603
2016-10-05,0.5238041318943631
2016-10-06,0.4192796256637485
2016-10-07,0.5987461615207158
2016-10-10,0.6731073593271648
2016-10-13,0.19932815969460685
2016-10-14,0.6241777541558674
2016-10-17,0.35065334735100634
2016-10-18,0.261406160872975
2016-10-19,0.5916856154245369
2016-10-20,0.6583232073243177
2016-10-21,0.6149689019835508
2016-10-24,0.6370158873709101
2016-10-25,0.6136897290153822
2016-10-26,0.6111051437264485
2016-10-27,0.5449211464716085
2016-10-28,0.5425723340464218
2016-11-01,0.6247176564643595
2016-11-02,0.6718225657884137
2016-11-03,0.5893797958012407
2016-11-04,0.3806381751905688
2016-11-07,0.6242729821710268
2016-11-08,0.5074288440826425
2016-11-09,-0.704527867541015
2016-11-10,0.4719436016890087
2016-11-11,-0.011503449927427183
2016-11-15,-0.10210279528424386
2016-11-16,0.2740687368296153
2016-11-17,0.4152881958973705
2016-11-18,0.4622333587955021
2016-11-21,-0.11421232186665325
2016-11-22,0.4644693277147824
2016-11-23,0.4588872222001741
2016-11-24,0.5250754922701918
2016-11-25,0.11350248745405038
2016-11-28,0.4781831120398906
2016-11-29,0.5394126077008156
2016-11-30,0.4173088973488947
2016-12-01,0.5466566604856729
2016-12-02,0.42107898249836395
2016-12-05,0.42695254266612237
2016-12-06,0.6261920016601408
2016-12-07,0.2911909482958963
2016-12-08,0.3360888802046309
2016-12-09,0.7237520502978019
2016-12-12,0.47062880224807724
2016-12-13,0.5160323366641365
2016-12-14,0.5497592304362514
2016-12-15,0.34822173362555214
2016-12-16,0.6367089971163119
2016-12-19,0.6762557119842121
2016-12-20,0.5560007932586607
2016-12-21,0.5642472094084106
2016-12-22,0.4384470971403718
2016-12-23,0.44353207911038844
2016-12-26,0.4549017646811528
2016-12-27,0.10925847190395953
2016-12-28,0.4939334192135863
2016-12-29,0.41696125675943246
2016-12-30,0.45113704357819984
2017-01-02,0.46542827402126324
2017-01-03,0.5114205074580019
2017-01-04,0.6897142550355588
2017-01-05,0.5883706993104437
2017-01-06,0.5010713641759872
2017-01-09,0.6888640759369583
2017-01-10,0.7218720081999198
2017-01-11,0.5627840568856256
2017-01-12,0.7251792640246109
2017-01-13,0.4504042707953604
2017-01-16,0.6163512265105735
2017-01-17,0.5610084243973423
2017-01-18,0.5754141937803393
2017-01-19,0.6906308099571544
2017-01-20,0.4785668823955777
2017-01-23,0.5081363248022217
2017-01-24,0.48143171442232796
2017-01-25,0.3341330066728808
2017-01-27,0.5996536385142573
2017-01-30,0.7086165434446611
2017-01-31,0.5573938250057014
2017-02-01,0.004803938223303152
2017-02-02,0.5740940316507767
2017-02-03,0.7101007266024395
2017-02-06,0.6959176448288804
2017-02-07,0.5797742628857411
2017-02-08,0.5388481562083696
2017-02-09,0.42613295961614234
2017-02-10,0.6683508877601051
2017-02-13,0.5550516300232102
2017-02-14,0.6735427346209492
2017-02-15,0.4418164059991156
2017-02-16,0.5885163609425961
2017-02-17,0.4790579926317226
2017-02-20,0.5307068911482937
2017-02-21,0.6158831565543154
2017-02-22,0.6550804769897056
2017-02-23,0.6815824525662998
2017-02-27,0.6022326274280692
2017-02-28,0.7035796041365414
2017-03-01,0.612791292479907
2017-03-02,0.36416447841433114
2017-03-03,0.6855465120972771
2017-03-06,0.6466318507595479
2017-03-07,0.6881722552014634
2017-03-08,0.5907586547260367
2017-03-09,0.6812840741440644
2017-03-10,0.5505323334803162
2017-03-14,0.6330625500091466
2017-03-15,0.7677030353017076
2017-03-16,0.7608273111148425
2017-03-17,0.597615352375585
2017-03-20,0.6972941708383454
2017-03-21,0.6376735367132161
2017-03-22,0.6648247175378528
2017-03-23,0.6698434478796365
2017-03-24,0.7065779311899069
2017-03-27,0.5770143301129391
2017-03-28,0.7525186838776566
2017-03-29,0.7177242561270344
2017-03-30,0.7195865631868991
2017-03-31,0.7264072820581787
2017-04-03,0.6483618458562358
2017-04-05,0.6382600449702754
2017-04-06,0.682331800977729
2017-04-07,0.6180726654206913
2017-04-10,0.6559606890093462
2017-04-11,0.5863415324102643
2017-04-12,0.5032937973153453
2017-04-13,0.6326346844566035
2017-04-17,-0.5057491402932047
2017-04-18,0.32058847887847935
2017-04-19,0.69199173932215
2017-04-20,0.7116016320600222
2017-04-21,0.44788956591369994
2017-04-24,0.457099635983148
2017-04-25,0.6361740911890579
2017-04-26,0.6088686574289872
2017-04-27,0.7123249586297075
2017-04-28,0.623407116995103
2017-05-02,0.5184146368211745
2017-05-03,0.6790012266298446
2017-05-04,0.7358000150187146
2017-05-05,0.4282655830586963
2017-05-08,0.7191179603384343
2017-05-09,0.7384059509341051
2017-05-10,0.5383243904964643
2017-05-11,0.7288384360813477
2017-05-12,0.6016288775877179
2017-05-15,0.7419205182370991
2017-05-16,0.6310330707893472
2017-05-17,0.7076782400340788
2017-05-18,0.5869384735341037
2017-05-19,0.3961936038168027
2017-05-22,0.5898555839437319
2017-05-23,0.5601563566390598
2017-05-24,0.4995355542329952
2017-05-25,0.27246350469785835
2017-05-26,0.4290465810371681
2017-05-29,0.5176933306437649
2017-05-30,0.6724896988521564
2017-05-31,0.7740878060622446
2017-06-01,0.7098938219769949
2017-06-02,0.7461441664726873
2017-06-05,0.6872683909504664
2017-06-06,0.5440030016218435
2017-06-07,0.6913171271026186
2017-06-08,0.692971189363519
2017-06-09,0.5998660028326102
2017-06-12,0.6808688057783588
2017-06-13,0.6301141759472068
2017-06-14,0.7014997441483262
2017-06-15,0.6345775464917071
2017-06-16,0.6931895977785512
2017-06-19,0.6380141970587104
2017-06-20,0.7497165003296207
2017-06-21,0.7132421113181492
2017-06-22,0.550814406250671
2017-06-23,0.5362036878717896
2017-06-27,0.2671093057728879
2017-06-28,0.6901794951977205
2017-06-29,0.5546258862876752
2017-06-30,0.5133860236652338
2017-07-03,0.549422672130894
2017-07-04,0.6521937832287565
2017-07-05,0.7336327056514005
2017-07-06,0.6300048453921988
2017-07-07,0.7142517508874422
2017-07-10,0.22543185354388187
2017-07-11,0.6870029397141597
2017-07-12,0.7389901579309285
2017-07-13,0.7235402151741879
2017-07-14,0.6091249055691493
2017-07-17,0.7524180550059132
2017-07-18,0.5239580794355935
2017-07-19,0.6832609604091584
2017-07-20,0.6475281520006652
2017-07-21,0.5347407108176513
2017-07-24,0.6412087928612011
2017-07-25,0.6446269601580017
2017-07-26,0.6593363553363443
2017-07-27,0.4625270572260204
2017-07-28,0.5631261883344935
2017-07-31,0.6315199360906367
2017-08-01,0.6471233593607364
2017-08-02,0.5475012081546478
2017-08-03,0.5582044502605125
2017-08-04,0.5370979250091763
2017-08-07,0.7213316398201767
2017-08-08,0.3218692247897919
2017-08-09,0.5754641195894108
2017-08-10,0.4117421689202158
2017-08-11,0.5536885877365274
2017-08-14,0.6205945813664205
2017-08-16,0.35296263566418534
2017-08-17,0.6379717775000461
2017-08-18,0.5651877640701329
2017-08-21,0.2755137948204071
2017-08-22,0.5758190093786874
2017-08-23,0.5965104949691777
2017-08-24,0.7585753029234129
2017-08-28,0.7170210377100819
2017-08-29,0.44780861750117934
2017-08-30,0.6459063835853774
2017-08-31,0.6470920700847956
2017-09-01,0.5871328373802125
2017-09-04,0.34169944751084924
2017-09-05,0.6293266470829479
2017-09-06,0.6898276979013735
2017-09-07,0.7085917774129903
2017-09-08,0.68983050158739
2017-09-11,0.6528479600207657
2017-09-12,0.6183368697566466
2017-09-13,0.6268180325375174
2017-09-14,0.6849657384281788
2017-09-15,0.6267365601056717
2017-09-18,0.7360667947347875
2017-09-19,0.7080716415518736
2017-09-20,0.7638028876071337
2017-09-21,0.4862365851165695
2017-09-22,0.303266672861247
2017-09-25,0.28980208313889927
2017-09-26,0.5712854125366711
2017-09-27,-0.010368325772607252
2017-09-28,0.49685899316827575
2017-09-29,0.5681822489541654
2017-10-03,0.6253934943404006
2017-10-04,0.5228707566313524
2017-10-05,0.6215428131612303
2017-10-06,0.5567207915190521
2017-10-09,0.65859695319224
2017-10-10,0.7481641886145727
2017-10-11,0.42963136593052875
2017-10-12,0.368535156707501
2017-10-13,0.62343283669858
2017-10-16,0.6350118307912923
2017-10-17,0.7545304651368968
2017-10-18,0.6751537662755313
2017-10-19,0.4433950134884911
2017-10-23,0.4978204063991777
2017-10-24,0.6902879945997716
2017-10-25,0.5559888916244542
2017-10-26,0.6095193039043775
2017-10-27,0.713793434960307
2017-10-30,0.762739370366956
2017-10-31,0.7460148592187861
2017-11-01,0.649132263506263
2017-11-02,0.7543599476388057
2017-11-03,0.6808268483212578
2017-11-06,0.6011789171499209
2017-11-07,0.3282934846237474
2017-11-08,0.5212916320529404
2017-11-09,0.5014138757820935
2017-11-10,0.5551925473723721
2017-11-13,0.41988572455577994
2017-11-14,0.63435134011385
2017-11-15,0.5726682805528177
2017-11-16,0.5170976396943746
2017-11-17,0.6046671058556053
2017-11-20,0.7027253001621733
2017-11-21,0.7352682281125982
2017-11-22,0.661279661848276
2017-11-23,0.6265406099548216
2017-11-24,0.7237949913035651
2017-11-27,0.6246114890312512
2017-11-28,0.6934085034052042
2017-11-29,0.7113562052291765
2017-11-30,0.43059046930971623
2017-12-01,0.19877337216738739
2017-12-04,0.5459731292574059
2017-12-05,0.5682754837550722
2017-12-06,0.6039783342528983
2017-12-07,0.38967192363089054
2017-12-08,0.6047821115616041
2017-12-11,0.7099482127989849
2017-12-12,0.5045296908567048
2017-12-13,0.37430773490083047
2017-12-14,0.33363523060786987
2017-12-15,0.7114123392447133
2017-12-18,-0.6248210249195947
2017-12-19,0.6399771055766647
2017-12-20,0.6768849422714134
2017-12-21,0.7129937517789101
2017-12-22,0.6852563748239563
2017-12-26,0.631745434897332
2017-12-27,0.5669446058517826
2017-12-28,0.630830470924963
2017-12-29,0.7024334694752061
2018-01-02,0.5292244212975542
2018-01-03,0.6044813809928378
2018-01-04,0.6193879861572831
2018-01-05,0.7301430850608741
2018-01-08,0.7420048697855147
2018-01-09,0.6981856678961514
2018-01-10,0.6601205177747808
2018-01-11,0.6970964133059858
2018-01-12,0.5360263613344386
2018-01-15,0.6389646338222696
2018-01-16,0.6226099656643762
2018-01-17,0.3832048536149342
2018-01-18,0.5238474611370617
2018-01-19,0.4745790516743479
2018-01-22,0.561517459704391
2018-01-23,0.5589967415328457
2018-01-24,0.6928145648700733
2018-01-25,0.6111248228637813
2018-01-29,0.5606636963584335
2018-01-30,0.5868427697200991
2018-01-31,0.62360009709484
2018-02-01,-0.0008675522083942428
2018-02-02,0.05223829465305658
2018-02-05,0.46506923665162847
2018-02-06,-0.3845001217183718
2018-02-07,0.23550317334703685
2018-02-08,0.275822658446253
2018-02-09,0.5748155786823306
2018-02-12,0.6346265297112748
2018-02-14,0.3714873895015006
2018-02-15,0.4819689571269585
2018-02-16,0.1683787630493935
2018-02-19,0.13407184649076298
2018-02-20,0.5755281702706938
2018-02-21,0.609641407168116
2018-02-22,0.7070614162414454
2018-02-23,0.49866944199769647
2018-02-26,0.6191317255970892
2018-02-27,0.5287637898871524
2018-02-28,0.634746234146476
2018-03-01,0.5902347255209123
2018-03-05,0.4799065119119194
2018-03-06,-0.032688564711875936
2018-03-07,0.49808247441027437
2018-03-08,0.3964005474786382
2018-03-09,0.5558387606027753
2018-03-12,0.34577169219503867
2018-03-13,0.5158464419639496
2018-03-14,0.5653515814786041
2018-03-15,0.6049020145153067
2018-03-16,0.23686301362599524
2018-03-19,0.28198200418273434
2018-03-20,0.46114350199412274
2018-03-21,0.5171989975959643
2018-03-22,0.48557431488809494
2018-03-23,0.6097953240259113
2018-03-26,0.13082988444141594
2018-03-27,0.6380496030754651
2018-03-28,0.6833275147819686
2018-04-02,0.5307160783738868
2018-04-03,0.5651657418262981
2018-04-04,0.1990424094666396
2018-04-05,0.4819959050437315
2018-04-06,0.671630951043165
2018-04-09,0.6373453339976434
2018-04-10,0.7539949853181728
2018-04-11,0.6307687786358023
2018-04-12,0.6209757727183816
2018-04-13,0.641985361128675
2018-04-16,0.32480633069338805
2018-04-17,0.6576579546004498
2018-04-18,0.5742029014003036
2018-04-19,0.779842652677453
2018-04-20,0.707766179321571
2018-04-23,0.41234745130041695
2018-04-24,0.6502955168064959
2018-04-25,0.6061026165969251
2018-04-26,0.6675059073029208
2018-04-27,-1.2346106753582513
2018-04-30,0.6978487167178097
2018-05-02,0.5446426080603662
2018-05-03,0.621720052959106
2018-05-04,0.5142387048102319
2018-05-07,0.5469684724081869
2018-05-08,0.6585392159306721
2018-05-09,0.6180169968189486
2018-05-10,0.5940857791304094
2018-05-11,0.5710038766505026
2018-05-14,0.6746536546259261
2018-05-15,0.3383921571902463
2018-05-16,0.5630343718033638
2018-05-17,0.46733091521158776
2018-05-18,0.5771242305335985
2018-05-21,-1.4754864548528792
2018-05-22,0.6511728154162318
2018-05-23,0.45636383830640265
2018-05-24,0.4614162989917496
2018-05-25,0.5110376561798458
2018-05-28,0.6518087368571087
2018-05-29,0.5131735168343989
2018-05-30,0.5619536061031163
2018-05-31,0.39674219545261474
2018-06-01,0.588137144052799
2018-06-04,0.30002271432063815
2018-06-05,0.5764937585223726
2018-06-06,0.4670743256606847
2018-06-07,0.5450088778453686
2018-06-08,0.6418693715271796
2018-06-11,0.6303626256956707
2018-06-12,0.6549071609825544
2018-06-13,0.7259254799443502
2018-06-14,0.6780252303458223
2018-06-15,0.629457253788212
2018-06-18,0.7515877405414393
2018-06-19,0.5709576352845085
2018-06-20,0.6879207942544598
2018-06-21,0.589517436678092
2018-06-22,0.4198646886338396
2018-06-25,0.6140777567495209
2018-06-26,0.634984126162096
2018-06-27,0.3890015334630829
2018-06-28,0.4741770986935002
2018-06-29,0.4796358675252791
2018-07-02,0.40229189578517527
2018-07-03,0.5853076738433778
2018-07-04,0.5150697122259317
2018-07-05,0.686860042745201
2018-07-06,-0.7411327225737182
2018-07-09,0.7078936415235862
2018-07-10,0.6069796720802371
2018-07-11,0.7177444370928902
2018-07-12,0.6256822288830916
2018-07-13,-0.5065145341197589
2018-07-16,0.5557788933498962
2018-07-17,0.5582293834624137
2018-07-18,0.4538177020986083
2018-07-19,0.6467763525102805
2018-07-20,0.5888495115656985
2018-07-23,0.6095938233161908
2018-07-24,0.7300670356214698
2018-07-25,0.7565990425597008
2018-07-26,0.7229474770434174
2018-07-27,0.6685590040156536
2018-07-30,0.6889416317136253
2018-07-31,0.5626881152449932
2018-08-01,0.6465976756816153
2018-08-02,0.5647729001841726
2018-08-03,0.6468893500204874
2018-08-06,0.7112251037373793
2018-08-07,0.6689095146561442
2018-08-08,0.6231592202218076
2018-08-09,0.7918851129690841
2018-08-10,-0.7952295934955625
2018-08-13,0.6857489534265344
2018-08-14,0.6224370170868079
2018-08-16,0.625255623802906
2018-08-17,0.7277727830693672
2018-08-20,0.6902268500523241
2018-08-21,0.7765979980421036
2018-08-23,0.6610587061698263
2018-08-24,0.6589611154401571
2018-08-27,0.5342276913044229
2018-08-28,0.7564600449641752
2018-08-29,0.6628939661025953
2018-08-30,0.7318694100604627
2018-08-31,0.6299390501015827
2018-09-03,0.23945660296771393
2018-09-04,0.5412023603704049
2018-09-05,0.3720049042882944
2018-09-06,0.4602692896466294
2018-09-07,0.5020119244311375
2018-09-10,0.38699936781493194
2018-09-11,-2.3983574800944587
2018-09-12,0.4371565889771629
2018-09-14,0.5964032004273165
2018-09-17,0.5463112062943345
2018-09-18,0.38734211739109514
2018-09-19,0.46807345277151036
2018-09-21,-0.6441483191108925
2018-09-24,-2.789566470992233
2018-09-25,0.1750414027830002
2018-09-26,0.3492408461868922
2018-09-27,0.4199348562178955
2018-09-28,0.2349485322617423
2018-10-01,0.1068067910194446
2018-10-03,0.37020581271476277
2018-10-04,0.11621022554236174
2018-10-05,-0.19130957959753386
2018-10-08,0.11592970839849603
2018-10-09,0.4592927670285265
2018-10-10,-2.5426265255019196
2018-10-11,0.11168172907113286
2018-10-12,0.22516103694891537
2018-10-15,0.4566510526644051
2018-10-16,0.6109203488094573
2018-10-17,-0.20912593794204826
2018-10-19,0.4041101322982196
2018-10-22,0.1563178207379886
2018-10-23,0.42852148649528243
2018-10-24,0.24648433170845369
2018-10-25,-1.617854391279939
2018-10-26,0.4127703913115568
2018-10-29,-0.14388114779895742
2018-10-30,0.4666252970545942
2018-10-31,-0.2756514979156239
2018-11-01,0.5299537062267389
2018-11-02,0.3426223392527904
2018-11-05,0.6037998954329528
2018-11-06,-0.6943161447473237
2018-11-07,0.6708157896483101
2018-11-09,0.6358644549736608
2018-11-12,0.17908813890774286
2018-11-13,0.2890514706312844
2018-11-14,0.465534529515994
2018-11-15,-0.96081567536766
2018-11-16,0.6916287361532506
2018-11-19,0.5935800310029996
2018-11-20,0.5315353753746583
2018-11-21,0.4972966166996666
2018-11-22,0.3760119647364422
2018-11-26,-1.840794603225515
2018-11-27,-1.164047080769828
2018-11-28,0.7286844145569028
2018-11-29,0.5853079910057674
2018-11-30,0.6173410106526804
2018-12-03,0.5774071182704237
2018-12-04,0.7188786194768193
2018-12-05,0.6522871561214086
2018-12-06,0.3976258148275457
2018-12-07,0.5144907697238671
2018-12-10,0.6016049500168701
2018-12-11,-0.010268831629976799
2018-12-12,0.17765172355284758
2018-12-13,0.5997150311144949
2018-12-14,0.6956592519691523
2018-12-17,0.724008662661216
2018-12-18,0.5585712281456316
2018-12-19,0.7219585429063877
2018-12-20,0.6204615862178207
2018-12-21,0.04152834267227367
2018-12-24,0.389089290676886
2018-12-26,0.06757435704828396
2018-12-27,0.6859319428664112
2018-12-28,0.629653195702522
2018-12-31,0.6375856278078749
2019-01-02,0.2970675718517364
2019-01-03,0.31839809623587867
2019-01-04,0.4847207133592312
2019-01-07,0.5929350864231973
2019-01-08,0.597734115929837
2019-01-09,0.46431038742864245
2019-01-10,0.7052100200153825
2019-01-11,0.49019945383924746
2019-01-14,0.47466537128933206
2019-01-15,0.4658284911655033
2019-01-16,0.7373468005457469
2019-01-17,0.5967744437508221
2019-01-18,0.6461041986179414
2019-01-21,0.5391062331429172
2019-01-22,0.6034395148390183
2019-01-23,0.4100819643076226
2019-01-24,0.6819250386460247
2019-01-25,0.25582931825304567
2019-01-28,0.25212769202471336
2019-01-29,0.5163792317244981
2019-01-30,0.5617135980470077
2019-01-31,0.33726686736913875
2019-02-01,0.2906148765096172
2019-02-04,0.4938528974176054
2019-02-05,0.6614874124423519
2019-02-06,0.5132103552804471
2019-02-07,0.6469418389055682
2019-02-08,0.4920110991949588
2019-02-11,0.6498906013710497
2019-02-12,0.5942353345087675
2019-02-14,0.6845113559618589
2019-02-15,0.29936044321129845
2019-02-18,0.4120593127155402
2019-02-19,0.3780604133635625
2019-02-20,0.5092527421516736
2019-02-21,0.5905955469745476
2019-02-22,0.7864026079953275
2019-02-25,0.5612831959007493
2019-02-26,0.31726517172060065
2019-02-27,0.1945206119210175
2019-02-28,0.6580805793067881
2019-03-01,0.7275561261809801
2019-03-05,0.2513990811590794
2019-03-06,0.7101714176488115
2019-03-07,0.7064447511478661
2019-03-08,0.7935343624974431
2019-03-11,0.48087154812216376
2019-03-12,0.6055481103900476
2019-03-13,0.6710633402998747
2019-03-14,0.6793987692122492
2019-03-15,0.526474562794552
2019-03-18,0.5041551753731847
2019-03-19,0.6033656367319328
2019-03-20,0.7590004090559709
2019-03-22,0.4340341410847173
2019-03-25,0.6258816162415243
2019-03-26,0.39257679898568754
2019-03-27,0.44634677650691734
2019-03-28,0.46272240344987664
2019-04-01,0.6155976416584493
2019-04-02,0.6903272511472712
2019-04-03,0.46378389485409105
2019-04-04,0.5685992306637262
2019-04-05,0.6430864099869562
2019-04-08,0.3332156456391588
2019-04-09,0.5210884724163357
2019-04-10,0.5486525659358319
2019-04-11,0.7348044168023067
2019-04-12,0.6452030439818316
2019-04-15,0.7388287166160721
2019-04-16,0.6660162343833481
2019-04-18,0.5180357007354437
2019-04-22,0.403429164810839
2019-04-23,0.6391535890459932
2019-04-24,0.3503151705608426
2019-04-25,0.3340317205605223
2019-04-26,0.5772586012500694
2019-04-30,0.6062522775134193
2019-05-02,0.6279796372622133
2019-05-03,0.6845487999700809
2019-05-06,0.7197574861534303
2019-05-07,0.3006641778915683
2019-05-08,0.454119852781496
2019-05-09,0.5648106713410826
2019-05-10,0.5944868922702611
2019-05-13,0.2714633817199185
2019-05-14,0.23213032404060768
2019-05-15,0.3749180575177935
2019-05-16,0.41703342585488223
2019-05-17,0.33071337235311615
2019-05-20,0.045941723392992684
2019-05-21,0.198888203464425
2019-05-22,0.5768261156350968
2019-05-23,-0.6228973848787742
2019-05-24,0.2153911295889199
2019-05-27,0.4311288719924547
2019-05-28,0.6436119175304674
2019-05-29,0.6033464177076802
2019-05-30,0.5677291399195259
2019-05-31,0.19927057297641396
2019-06-03,0.29062605062411795
2019-06-04,0.6223207280832143
2019-06-06,0.1950534476489859
2019-06-07,0.47835312805101987
2019-06-10,0.5731886064247215
2019-06-11,0.606395663469818
2019-06-12,0.594765451673814
2019-06-13,0.5519532616427354
2019-06-14,0.5417461566292247
2019-06-17,0.2533536176034708
2019-06-18,0.6379821052220529
2019-06-19,0.30602472247901225
2019-06-20,0.19876312578212516
2019-06-21,0.5110360197542493
2019-06-24,0.6338821441261926
2019-06-25,0.3435198175742989
2019-06-26,0.5345708557532171
2019-06-27,0.642391811438009
2019-06-28,0.5945704297684515
2019-07-01,0.7483492753235613
2019-07-02,0.5845250961116059
2019-07-03,0.7449834721794145
2019-07-04,0.790694352334292
2019-07-05,0.29721152744226553
2019-07-08,0.0374308786598982
2019-07-09,0.509441393814463
2019-07-10,0.5062128940834723
2019-07-11,0.6515246534425381
2019-07-12,0.5760593774915791
2019-07-15,0.6353577535217156
2019-07-16,0.6146422699312304
2019-07-17,0.7661355257618526
2019-07-18,0.6180928217331775
2019-07-19,0.048121405142655435
2019-07-22,0.6063598832014697
2019-07-23,0.6027620970250905
2019-07-24,0.4603257885279612
2019-07-25,0.505316473040167
2019-07-26,0.5987102248601051
2019-07-29,0.3510028168267167
2019-07-30,0.20416599759072537
2019-07-31,0.4019674862066776
2019-08-01,0.19081081180443948
2019-08-02,0.05585032311078
2019-08-05,0.5166734267615714
2019-08-06,0.1521083328886342
2019-08-07,0.4114697612474215
2019-08-08,0.11255273113064458
2019-08-09,0.5140441072725225
2019-08-13,0.0003994247056824493
2019-08-14,0.403439679307226
2019-08-16,0.39885250630299235
2019-08-19,0.5264150906902678
2019-08-20,0.6061565290050568
2019-08-21,0.4682045908396362
2019-08-22,0.21700608497245738
2019-08-23,0.07062413684322556
2019-08-26,-0.24862042051705965
2019-08-27,0.6298799657331005
2019-08-28,0.414786593594768
2019-08-29,0.5938505184860207
2019-08-30,0.3163376659574356
2019-09-03,0.17537696782714612
2019-09-04,0.5169730131097384
2019-09-05,0.5618393272939558
2019-09-06,0.6149889676955592
2019-09-09,0.4116966879840757
2019-09-11,0.820165972693837
2019-09-12,0.512389429411343
2019-09-13,0.4354465050892916
2019-09-16,0.6285912446910497
2019-09-17,0.14949116135679502
2019-09-18,0.6495769039020195
2019-09-19,0.26792962948230054
2019-09-20,-0.6397914712205885
2019-09-23,0.1743992681995599
2019-09-24,0.5512103041948898
2019-09-25,0.4178663589698064
2019-09-26,0.45122387539487246
2019-09-27,0.6307923592556023
2019-09-30,0.5494842476518358
2019-10-01,-0.16911972605157252
2019-10-03,0.5754750064806797
2019-10-04,0.05859922112641248
2019-10-07,0.5186458277977833
2019-10-09,0.09592017760378357
2019-10-10,0.6465949417084225
2019-10-11,0.32099869201968
2019-10-14,0.48056678697238153
2019-10-15,0.5183915884010932
2019-10-16,0.7131803475484351
2019-10-17,0.39844929139562446
2019-10-18,0.5124115920955802
2019-10-22,0.47142471542791936
2019-10-23,0.6241321009223615
2019-10-24,0.44531432648401026
2019-10-25,0.4106078329436531
2019-10-29,0.33346411489505523
2019-10-30,0.631768943937772
2019-10-31,0.681639384656196
2019-11-01,0.7297888826149053
2019-11-04,0.6967249784853572
2019-11-05,0.5594808125908296
2019-11-06,0.4284727161097751
2019-11-07,0.7134822890432814
2019-11-08,0.4652050341621165
2019-11-11,0.6935604165854068
2019-11-13,0.5344184357155357
2019-11-14,0.6400490643185206
2019-11-15,0.6382513719822575
2019-11-18,0.6898165611172344
2019-11-19,0.7059396669249284
2019-11-20,0.7278299817676958
2019-11-21,0.7227870094614076
2019-11-22,0.6661814494571431
2019-11-25,0.3819330098452404
2019-11-26,0.5522480218150241
2019-11-27,0.7704009513968558
2019-11-28,0.7791244546623403
2019-11-29,0.5294889400363598
2019-12-02,0.585076701193136
2019-12-03,0.5785422321891016
2019-12-04,0.5642524514565698
2019-12-05,0.6839154836080533
2019-12-06,0.3702535784000095
2019-12-09,0.6426085853823599
2019-12-10,0.5901233189510346
2019-12-11,0.677387155218126
2019-12-12,0.7387638348829514
2019-12-13,0.7171581641393122
2019-12-16,0.6500002026991545
2019-12-17,0.5734598502485836
2019-12-18,0.7168395069715263
2019-12-19,0.7157273321980856
2019-12-20,0.8458996392541923
2019-12-23,0.725574518408137
2019-12-24,0.6838361103398505
2019-12-26,0.6110019427405563
2019-12-27,0.6038571584100864
2019-12-30,0.7103101786454886
2019-12-31,0.6278343120353774
2020-01-01,0.7491351682496633
2020-01-02,0.6319642068581148
2020-01-03,0.7044792151488667
2020-01-06,0.22017036700417247
2020-01-07,0.43592487312924083
2020-01-08,0.5520011710071313
2020-01-09,0.6477666647787103
2020-01-10,0.6454472354297872
2020-01-13,0.7964468852785125
2020-01-14,0.7592966295064697
2020-01-15,0.7249940928185773
2020-01-16,0.7084095780744557
2020-01-17,0.7533197508469783
2020-01-20,0.2123636435496939
2020-01-21,0.37032659870936385
2020-01-22,0.1278479051469054
2020-01-23,0.6652900087477426
2020-01-24,0.5511734380063359
2020-01-27,0.5743409399421876
2020-01-28,0.4727438449716979
2020-01-29,0.7420517511176621
2020-01-30,0.4720543274179162
2020-01-31,0.42423037324038054
2020-02-03,0.4898845628186204
2020-02-04,0.22815348424949522
2020-02-05,0.4823315709728211
2020-02-06,0.712687262825839
2020-02-07,0.6834240118229785
2020-02-10,0.5708972451230485
2020-02-11,0.7106744223274709
2020-02-12,0.6571103378039546
2020-02-13,0.6699957315232765
2020-02-14,0.42786196266911536
2020-02-17,-1.2297766483570496
2020-02-18,0.5464760080640665
2020-02-19,0.6442765105205785
2020-02-20,0.685776403962808
2020-02-24,0.24109706140441514
2020-02-25,0.5922446230545121
2020-02-26,0.44529851472929305
2020-02-27,0.5092670318362463
2020-02-28,0.1833245331344852
2020-03-02,-0.565570212388618
2020-03-03,0.25330527033664807
2020-03-04,-0.0732708592287946
2020-03-05,0.44873233241444155
2020-03-06,0.1824265741613519
2020-03-09,-0.6124368415056225
2020-03-11,0.12626235245729217
2020-03-12,-0.6277464034997713
2020-03-13,-0.6397914711423208
2020-03-16,-0.657573404956001
2020-03-17,-0.6293963589835159
2020-03-18,-0.6124368416501452
2020-03-19,-0.6341469391063177
2020-03-20,-0.6510615675606831
2020-03-23,-0.6836491450589315
2020-03-24,-0.6760923664430214
2020-03-25,-0.645542715006897
2020-03-26,-0.6352991421599086
2020-03-27,-0.6497652165379905
2020-03-30,-0.6735723051289206
2020-03-31,-0.6689987903249288
2020-04-01,-0.6926014823804457
2020-04-03,-0.6437713118481957
2020-04-07,-0.6649131238523023
2020-04-08,-0.6602147152536519
2020-04-09,-0.09970927788966166
2020-04-13,-0.010963499321443181
2020-04-15,-0.6429876765129787
2020-04-16,-0.15061498625444714
2020-04-17,-0.11232779447031226
2020-04-20,0.22599112217921066
2020-04-21,0.31892784433763827
2020-04-22,-0.2876906900192337
2020-04-23,0.17408176054803448
2020-04-24,0.22547219445254665
2020-04-27,0.3598695659904756
2020-04-28,0.30642135457077085
2020-04-29,0.03429672654121967
2020-04-30,0.31312901529786336
2020-05-04,-0.2905124618309369
2020-05-05,-0.24240555997547608
2020-05-06,-0.10835190747645801
2020-05-07,0.4951583490265262
2020-05-08,0.28910648925196725
2020-05-11,-0.061891049772032
2020-05-12,0.05040162551405896
2020-05-13,-0.10140312942801182
2020-05-14,0.1862345205535575
2020-05-15,0.3369137292041129
2020-05-18,-0.6527638154609607
2020-05-19,0.11268591626801658
2020-05-20,-0.07715365454228135
2020-05-21,0.38985722649821586
2020-05-22,0.09981581454777255
2020-05-26,0.17655019255126353
2020-05-27,-0.5672548036832641
2020-05-28,0.19883215110125974
2020-05-29,-0.009445545212824447
2020-06-01,-0.0026998632074453697
2020-06-02,0.25070918626157757
2020-06-03,0.3846637518702558
2020-06-04,0.2055311007105999
2020-06-05,0.41115698335625617
2020-06-08,0.10479655875916082
2020-06-09,-0.188215231566574
2020-06-10,0.49419767206500953
2020-06-11,-0.023494827865969528
2020-06-12,-0.6507612724306334
2020-06-15,0.012843436166575321
2020-06-16,-0.41238506024021226
2020-06-17,0.22996551436935192
2020-06-18,-0.17850039122805783
2020-06-19,0.15573416906635454
2020-06-22,0.49690106507269227
2020-06-23,0.22360432593983695
2020-06-24,-0.1645083636648149
2020-06-25,0.29372093933221577
2020-06-26,0.5696381463345117
2020-06-29,0.4897281786230588
2020-06-30,0.4073843404235468
2020-07-01,0.3580758334886702
2020-07-02,0.517974909509062
2020-07-03,0.6933871383736173
2020-07-06,0.5087800781203996
2020-07-07,0.4834703340235873
2020-07-08,0.29205020769964907
2020-07-09,0.5603206466646038
2020-07-10,0.5470619462918102
2020-07-13,0.4178777031360996
2020-07-14,0.17646810645058034
2020-07-15,-0.041554004979038245
2020-07-16,0.33642518290159407
2020-07-17,0.25555025047641616
2020-07-20,0.6476221676350254
2020-07-21,0.7418364123356717
2020-07-22,0.28023013620293447
2020-07-23,0.4514348008889473
2020-07-24,0.46111802880493136
2020-07-27,0.4432225250894131
2020-07-28,0.3432185250862314
2020-07-29,0.2297557093913547
2020-07-30,0.1433634413245037
2020-07-31,0.49821028566606157
2020-08-03,0.28299709375194293
2020-08-04,0.16871400215674073
2020-08-05,0.3514586267104863
2020-08-06,0.4777060992372524
2020-08-07,0.619276588862053
2020-08-10,0.58860993837102
2020-08-11,0.6965614264971242
2020-08-12,0.6781882151108168
2020-08-13,0.6351399747236394
2020-08-14,-0.011682088815970021
2020-08-17,0.5073774486633429
2020-08-18,0.41386613794576627
2020-08-19,0.7341340170203726
2020-08-20,0.7212226809166322
2020-08-21,0.7726139000893123
2020-08-24,0.6501113849260968
2020-08-25,0.5972144383817917
2020-08-26,0.6180839878455211
2020-08-27,0.7047797747930487
2020-08-28,0.638288871061859
2020-08-31,-0.6316184115307557
2020-09-01,0.2802564771097479
2020-09-02,0.5141667706292388
2020-09-03,0.6926682148646935
2020-09-04,0.41779971629046814
2020-09-07,0.4807486370306138
2020-09-08,0.4135377988175545
2020-09-09,0.5559844125109809
2020-09-10,0.46688478643727294
2020-09-11,0.7011033453624085
2020-09-14,0.2783241960977281
2020-09-15,0.6203255450556936
2020-09-16,0.5986314720293424
2020-09-17,-1.3445823530786478
2020-09-18,0.47258574767647715
2020-09-21,-0.2496814630431643
2020-09-22,0.14084467277673338
2020-09-23,0.06700716809809744
2020-09-24,0.07902251472970905
2020-09-25,0.10184480230433067
2020-09-28,0.4396925696184081
2020-09-29,0.4887567796907432
2020-09-30,0.5431610941582657
2020-10-01,0.6585703737680026
2020-10-05,0.5040627350656527
2020-10-06,0.5506041850909397
2020-10-07,0.48252346618474207
2020-10-08,0.5655448489034175
2020-10-09,0.49951485939596246
2020-10-12,0.411781368682501
2020-10-13,0.6092436152534566
2020-10-14,0.3438922930598901
2020-10-15,-0.3831268856978195
2020-10-16,0.5229883273394081
2020-10-19,0.6971721004960515
2020-10-20,0.561145397453887
2020-10-21,0.09734039035670546
2020-10-22,0.5544087895207918
2020-10-23,0.736739645490448
2020-10-26,0.11663750217063133
2020-10-27,0.3347740040414376
2020-10-28,0.07575575415571623
2020-10-29,0.467490900066359
2020-10-30,0.17831407174930144
2020-11-02,0.35126123171194623
2020-11-03,0.5752399915960128
2020-11-04,0.35837032920025497
2020-11-05,0.6217780973234345
2020-11-06,0.4630040451189032
2020-11-09,0.6168955556957142
2020-11-10,0.4302544560223873
2020-11-11,0.3317320845520691
2020-11-12,0.5896245682982183
2020-11-13,0.5406861353691371
2020-11-17,0.5346893717628088
2020-11-18,0.5653115471143935
2020-11-19,0.2556962627769584
2020-11-20,0.44071212407946436
2020-11-23,0.5102700927637389
2020-11-24,0.6522890710849307
2020-11-25,-0.07235973369679484
2020-11-26,0.21379795548134187
2020-11-27,0.6034080177594241
2020-12-01,0.436685161307891
2020-12-02,0.5173048873546302
2020-12-03,0.6388976444653289
2020-12-04,0.5764455850822497
2020-12-07,0.5858714022899191
2020-12-08,0.5820880680484136
2020-12-09,0.6644249321736186
2020-12-10,0.6496205307029548
2020-12-11,0.43505268331771807
2020-12-14,0.5866092229505263
2020-12-15,0.5240073433004916
2020-12-16,0.7065630935624363
2020-12-17,0.6594351499679865
2020-12-18,0.6239723115189293
2020-12-21,-0.639853192832347
2020-12-22,0.01609743739814441
2020-12-23,0.38035482104351265
2020-12-24,0.524392305296092
2020-12-28,0.745619744664851
2020-12-29,0.6422614661574342
2020-12-30,0.5590008179359041
2020-12-31,0.7044133238477743
2021-01-01,0.786884046471898
2021-01-04,0.38464505669238575
2021-01-05,0.4707305378758364
2021-01-06,0.3653564083734242
2021-01-07,0.5800580864882329
2021-01-08,0.552995302239247
2021-01-11,0.6601411679021245
2021-01-12,0.5395324640940711
2021-01-13,0.3574602292079494
2021-01-14,0.5603837182647596
2021-01-15,0.22190190712229738
2021-01-18,0.28728155087927026
2021-01-19,0.3975324626786578
2021-01-20,0.5592608895913063
2021-01-21,0.29491004354535605
2021-01-22,0.21230531098752944
2021-01-25,0.16350751637433028
2021-01-27,0.03722783585781514
2021-01-28,0.4181358360154149
2021-01-29,-0.1799569224157819
2021-02-01,-0.6397914712571433
2021-02-02,0.24005113722556448
2021-02-03,0.14707812245190682
2021-02-04,0.4294458226529186
2021-02-05,0.5729851426520616
2021-02-08,0.6619320884732895
2021-02-09,0.44902119156243336
2021-02-10,0.4473668707096332
2021-02-11,0.6351516211031694
2021-02-12,0.5276350467354896
2021-02-15,0.7095068396729219
2021-02-16,0.4617550842254601
2021-02-17,0.5776046096492973
2021-02-18,0.5132870804457712
2021-02-19,0.29027375957712054
2021-02-22,-0.1158510826513686
2021-02-23,0.4038031426922967
2021-02-24,-0.4966377833568651
2021-02-25,0.6950703318736332
2021-02-26,-0.3610699408449994
2021-03-01,0.4763944118643064
2021-03-02,0.4238836703271493
2021-03-03,0.205125257659216
2021-03-04,0.3398717127079343
2021-03-05,0.3300502839285116
2021-03-08,-0.8719242697390657
2021-03-09,0.42133094074827443
2021-03-10,0.6418404496709057
2021-03-12,-0.1291986174253554
2021-03-15,0.0995361633511463
2021-03-16,0.07872000422415126
2021-03-17,-0.2246387454501405
2021-03-18,-0.19788085984531895
2021-03-19,-0.2958819331455425
2021-03-22,0.49053289871907924
2021-03-23,0.47878416719176964
2021-03-24,0.325470039492339
2021-03-25,0.05389485916952578
2021-03-26,0.5003500882898267
2021-03-30,0.2440197078071634
2021-03-31,0.5488685930167748
2021-04-01,0.41684779972220465
2021-04-05,-0.18644796957182705
2021-04-06,0.37192184389784866
2021-04-07,-1.8592039032480652
2021-04-08,0.5117005802312715
2021-04-09,0.5972734029628568
2021-04-12,-0.23376904448288807
2021-04-13,0.21617473302973628
2021-04-15,0.2625847890492175
2021-04-16,0.5806941694708384
2021-04-19,0.4046395689606729
2021-04-20,0.005849019317419737
2021-04-22,0.15701811397659543
2021-04-23,0.41204656870026213
2021-04-26,0.5695300805268908
2021-04-27,0.4408509560259251
2021-04-28,0.41447266860359744
2021-04-29,0.3155455889063369
2021-04-30,0.23743329313799405
2021-05-03,0.21104109839961924
2021-05-04,0.19614555897764746
2021-05-05,0.5876977831373396
2021-05-06,0.5936779369754404
2021-05-07,0.7016114404108239
2021-05-10,0.775966763255728
2021-05-11,0.6217064463829151
2021-05-12,0.484021170027186
2021-05-14,0.529368369604348
2021-05-17,0.36876150846175443
2021-05-18,0.7341997511732683
2021-05-19,0.6315651785225539
2021-05-20,0.4452233423978375
2021-05-21,0.40275501065544356
2021-05-24,0.6798633131869696
2021-05-25,0.6085304111232567
2021-05-26,0.6198416523535012
2021-05-27,-0.7568333784648245
2021-05-28,0.7763025445876387
2021-05-31,0.3331121525719982
2021-06-01,0.6089173421925275
2021-06-02,0.5969324008162449
2021-06-03,0.7196058349079967
2021-06-04,0.6713188738169488
2021-06-07,0.7150273976186263
2021-06-08,0.7031647214774858
2021-06-09,0.3327617990524331
2021-06-10,0.678555346504099
2021-06-11,0.7395286016153219
2021-06-14,0.379922560844919
2021-06-15,0.8075326454587903
2021-06-16,0.587798017882274
2021-06-17,0.5499189871123507
2021-06-18,0.13646022565673577
2021-06-21,0.25157242086480563
2021-06-22,0.5711200230069793
2021-06-23,0.4353513792679352
2021-06-24,0.6386769193391209
2021-06-25,0.6981112166585347
2021-06-28,0.615588051361403
2021-06-29,0.6649961538187082
2021-06-30,0.5962441986435877
2021-07-01,0.7042909821550034
2021-07-02,0.6723152626584871
2021-07-05,0.7161882961945625
2021-07-06,0.6664652722643356
2021-07-07,0.657308051134402
2021-07-08,0.4007920298026817
2021-07-09,0.6822671618618068
2021-07-12,0.5458398103668789
2021-07-13,0.7455984217632937
2021-07-14,-0.7765598838972247
2021-07-15,0.696893052453551
2021-07-16,0.743697572468106
2021-07-19,0.5953403558521622
2021-07-20,0.5437557129773765
2021-07-22,0.6570131731295167
2021-07-23,0.6033236224180818
2021-07-26,0.6938076028447471
2021-07-27,0.46577824621113684
2021-07-28,0.26037609518484883
2021-07-29,0.76038728696348
2021-07-30,0.6531739935352715
2021-08-02,0.7957140907565851
2021-08-03,0.3459587837288246
2021-08-04,0.6829697257420138
2021-08-05,0.6114983732604573
2021-08-06,0.6649052947190414
2021-08-09,0.5744725372949016
2021-08-10,0.5432691753546153
2021-08-11,0.48967872620751796
2021-08-12,0.7277638002028572
2021-08-13,0.5304435338289435
2021-08-16,0.6737122469478395
2021-08-17,0.6176660586480401
2021-08-18,0.5204529425069959
2021-08-20,0.6216502524633539
2021-08-23,0.4405954696464555
2021-08-24,0.5652244796636078
2021-08-25,0.7131513422998924
2021-08-26,0.7492388730960562
2021-08-27,0.5423075949386286
2021-08-30,0.485678875273139
2021-08-31,0.39019749690948574
2021-09-01,0.5313132649855942
2021-09-02,0.4863368518341828
2021-09-03,0.6422762531670689
2021-09-06,0.7462521376061618
2021-09-07,0.5831207480247181
2021-09-08,0.636297291065427
2021-09-09,0.7663372834921552
2021-09-13,0.6844743377716125
2021-09-14,0.7778147990893458
2021-09-15,0.620744701513925
2021-09-16,0.6670178936613894
2021-09-17,0.3618977315465664
2021-09-20,0.32080056760651443
2021-09-21,0.34850103093269613
2021-09-22,0.7551284374190121
2021-09-23,0.4901721359533581
2021-09-24,0.6683446697402796
2021-09-27,0.6269944636928946
2021-09-28,0.1547050357967796
2021-09-29,0.5754418797128561
2021-09-30,0.5943660742289147
2021-10-01,0.7132875061475932
2021-10-04,0.550001242209049
2021-10-05,0.5194530529016412
2021-10-06,0.30929853991946626
2021-10-07,0.7564753301122019
2021-10-08,0.7301301020020569
2021-10-11,0.4896131941835754
2021-10-12,0.6321751837342879
2021-10-13,0.6466228566919545
2021-10-14,0.7636911485464049
2021-10-18,0.7682469123931388
2021-10-19,0.44431306813692806
2021-10-20,0.38813346260517934
2021-10-21,0.17398260388554493
2021-10-22,0.30048382544338503
2021-10-25,0.33030692145210455
2021-10-26,0.47399991633558125
2021-10-27,0.5594975992103102
2021-10-28,0.025002975687862333
2021-10-29,0.2334732697168004
2021-11-01,0.3359651694174087
2021-11-02,0.5677291768942899
2021-11-03,0.41036962914234554
2021-11-04,0.7198414231500777
2021-11-08,0.37015799105434977
2021-11-09,0.6530186403128352
2021-11-10,0.6105213906372498
2021-11-11,0.5353937831169342
2021-11-12,0.4346629774116307
2021-11-15,0.6342396739206893
2021-11-16,0.5438227294802714
2021-11-17,0.6222258139757595
2021-11-18,0.3353790372518939
2021-11-22,-0.3368851706009769
2021-11-23,0.12387978216790646
2021-11-24,0.3493380443782256
2021-11-25,0.43079262705835003
2021-11-26,0.019825748172639258
2021-11-29,0.0034441904939810537
2021-11-30,-0.019820845761217856
2021-12-01,0.588596446446242
2021-12-02,0.2897031623881102
2021-12-03,0.17596696825005967
2021-12-06,0.12012471141147099
2021-12-07,0.27974136034115826
2021-12-08,0.5320516291557953
2021-12-09,0.5517636169689057
2021-12-10,0.6290327745758738
2021-12-13,0.247345615778654
2021-12-14,0.5862259814788255
2021-12-15,0.5496097455401138
2021-12-16,0.4604768542472026
2021-12-17,0.1213365608137474
2021-12-20,-0.15004218327863836
2021-12-21,0.3024612516809197
2021-12-22,0.5631228780606019
2021-12-23,0.6869234305502554
2021-12-24,0.3093167025910273
2021-12-27,0.21657362249116185
2021-12-28,0.7185912786502457
2021-12-29,0.6606716970620642
2021-12-30,0.6746364590498195
2021-12-31,0.5310927641860443
2022-01-03,0.30068787903687616
2022-01-04,0.3916459288837844
2022-01-05,0.4872069616377469
2022-01-06,0.6063430465998112
2022-01-07,0.4663935144260307
2022-01-10,0.6248291066668115
2022-01-11,0.6750297526969049
2022-01-12,0.7258761984765527
2022-01-13,0.715163035575415
2022-01-14,0.5584662252880896
2022-01-17,0.7461238904019865
2022-01-18,0.31651539021059016
2022-01-19,0.37508325857070657
2022-01-20,0.23873407174430628
2022-01-21,0.4188336451182035
2022-01-24,-0.5576166380168593
2022-01-25,-0.23075637309272812
2022-01-27,0.17288412154054605
2022-01-28,0.2192165921541597
2022-01-31,0.6060299702178518
2022-02-01,0.04829122360152774
2022-02-02,0.6775179750123701
2022-02-03,0.278348091094132
2022-02-04,0.5772935952032457
2022-02-07,-0.0977615862008939
2022-02-08,0.29604773528657613
2022-02-09,0.6139280623571246
2022-02-10,0.4417076976052064
2022-02-11,0.5762732761500793
2022-02-14,0.22933297714623702
2022-02-15,-0.3975588133693893
2022-02-16,0.3693271796311883
2022-02-17,0.4334030660497784
2022-02-18,0.5375394350196803
2022-02-21,0.23937944542169923
2022-02-22,0.18936569141842416
2022-02-23,0.4545003103796592
2022-02-24,-0.36329325965117387
2022-02-25,0.2479782752610437
2022-02-28,-0.20891812404780344
2022-03-02,0.46637566240727063
2022-03-03,0.12428102649138062
2022-03-04,0.12276422563805578
2022-03-07,0.36858659029076535
2022-03-08,0.01140833522865652
2022-03-09,-0.15195229080411138
2022-03-10,0.1866416560218361
2022-03-11,0.3878774532997713
2022-03-14,0.24166251594050014
2022-03-15,-0.005790586674774078
2022-03-16,0.567653344002933
2022-03-17,0.5751729626058392
2022-03-21,0.3036933467204539
2022-03-22,0.14239342791087245
2022-03-23,0.3506325221965512
2022-03-24,0.45873627281516866
2022-03-25,0.4006082279646791
2022-03-28,0.3729521713302866
2022-03-29,0.6866066275189642
2022-03-30,0.661732938883387
2022-03-31,0.6550925563964195
2022-04-01,0.2725966887492929
2022-04-04,0.20377473990867706
2022-04-05,0.5418155211205575
2022-04-06,0.6808220093274316
2022-04-07,0.569267844167733
2022-04-08,0.36817123556565207
2022-04-11,0.6440045645590483
2022-04-12,0.584951371996631
2022-04-13,0.44466138328909066
2022-04-18,0.5505485604367839
2022-04-19,-0.1743474466525631
2022-04-20,0.4317401346402987
2022-04-21,0.4719336599148597
2022-04-22,0.5335905046009988
2022-04-25,0.5430093239828311
2022-04-26,0.5513356491302025
2022-04-27,0.5677638640816275
2022-04-28,0.32985581886538845
2022-04-29,0.1410140353947736
2022-05-02,0.5176842395871953
2022-05-04,-0.3663589536798479
2022-05-05,0.19021128701071602
2022-05-06,0.5856802346168827
2022-05-09,0.26587506558264956
2022-05-10,0.4061699234013826
2022-05-11,0.08049452453277935
2022-05-12,0.12265706204696522
2022-05-13,0.025554248324905524
2022-05-16,0.2901983948628225
2022-05-17,-0.0640840803089188
2022-05-18,0.4560247531899914
2022-05-19,0.3886477813842725
2022-05-20,0.19232346518424437
2022-05-23,0.34446436682751763
2022-05-24,0.4578683992161721
2022-05-25,0.36543664274175897
2022-05-26,0.15235838453674352
2022-05-27,0.5685932982254203
2022-05-30,0.46900852700578416
2022-05-31,0.5596489674344024
2022-06-01,0.40166091900529644
2022-06-02,0.41975153950662136
2022-06-03,0.3606434704437768
2022-06-06,0.5159245913106938
2022-06-07,0.5817652192952657
2022-06-08,0.3662822858422099
2022-06-09,0.28555092568154583
2022-06-10,0.5285291856721139
2022-06-13,0.4032398354161826
2022-06-14,0.4005272918618937
2022-06-15,0.6485337931204844
2022-06-16,-0.5481044085181761
2022-06-17,0.35248230896769966
2022-06-20,0.41035474659964316
2022-06-21,0.15536312191894053
2022-06-22,0.4299121235487027
2022-06-23,0.217930490994523
2022-06-24,0.5906517575969985
2022-06-27,0.6412857441420217
2022-06-28,0.45468927177509894
2022-06-29,0.504348097647747
2022-06-30,0.5199006873928076
2022-07-01,0.18858267206784493
2022-07-04,0.43940443173066235
2022-07-05,0.2911611252390068
2022-07-06,0.3873418222833684
2022-07-07,0.6806451697748093
2022-07-08,0.6484903342406763
2022-07-11,0.6000443822320944
2022-07-12,0.6005355689355316
2022-07-13,0.43460951741386455
2022-07-14,0.36823233122394194
2022-07-15,0.566150322639554
2022-07-18,0.5647439693125952
2022-07-19,0.4920386316424542
2022-07-20,0.7102005727693512
2022-07-21,0.582681210974125
2022-07-22,0.5768265478385656
2022-07-25,0.5762377853297365
2022-07-26,0.4918901415836241
2022-07-27,0.37578425379543057
2022-07-28,0.4656470480671304
2022-07-29,0.6027696373946153
2022-08-01,0.47906548771842533
2022-08-02,0.5363610068778745
2022-08-03,0.5109031502133208
2022-08-04,0.14407218695868268
2022-08-05,0.663716998889105
2022-08-08,0.49115469094092523
2022-08-10,0.6660664973912189
2022-08-11,0.7577137096638951
2022-08-12,0.6596301144677373
2022-08-16,-1.1411927343714154
2022-08-17,0.6440739239465703
2022-08-18,0.6826987771412009
2022-08-19,0.27637030484462577
2022-08-22,0.4168069317874989
2022-08-23,0.2673956453518248
2022-08-24,0.655780813309504
2022-08-25,0.35967829464978046
2022-08-26,0.5498859332869295
2022-08-29,0.41790715302530274
2022-08-30,0.03528032645906281
2022-09-01,0.39497811817860506
2022-09-02,0.545491890885517
2022-09-05,0.6043617823771733
2022-09-06,0.5234673450472588
2022-09-07,0.5667122512763889
2022-09-08,0.6837129839521044
2022-09-09,0.6241300306124932
2022-09-12,0.7362518942327476
2022-09-13,0.7911102798203743
2022-09-14,0.20188845108185965
2022-09-15,0.39632355476577513
2022-09-16,0.19162730817276385
2022-09-19,0.37000634779353925
2022-09-20,0.5375202333453148
2022-09-21,0.526847301737964
2022-09-22,0.4970193227567418
2022-09-23,0.10034071167432873
2022-09-26,0.4440497273101131
2022-09-27,0.37633406476232373
2022-09-28,0.4089745048910086
2022-09-29,0.35767239986220284
2022-09-30,-0.14693403928496196
2022-10-03,0.28649220141925796
2022-10-04,0.5158165576752827
2022-10-06,0.68156312997464
2022-10-07,0.6496360546827432
2022-10-10,0.4103877071167777
2022-10-11,0.16472267813572913
2022-10-12,0.49161984973555606
2022-10-13,0.5621052848476283
2022-10-14,0.49822036164340977
2022-10-17,0.37325511185901
2022-10-18,0.7278980229633313
2022-10-19,0.6168956770334384
2022-10-20,0.5554732524010835
2022-10-21,0.5955530234805667
2022-10-24,0.7019932567330655
2022-10-25,0.5286480871180034
2022-10-27,0.6562171368991822
2022-10-28,0.6799443488013086
2022-10-31,0.6612302588978208
2022-11-01,0.705508876731103
2022-11-02,0.6521244532761076
2022-11-03,0.5988449351933265
2022-11-04,0.6823440014777556
2022-11-07,0.5174213159254023
2022-11-09,0.542559207822052
2022-11-10,0.6408896702158232
2022-11-11,0.7362387563855877
2022-11-14,0.7634528176566555
2022-11-15,0.6174792514809646
2022-11-16,0.7252287990354893
2022-11-17,0.7035945478600379
2022-11-18,0.5106487256925322
2022-11-21,0.6456736663735277
2022-11-22,0.6475999184188294
2022-11-23,0.7573540127376962
2022-11-24,0.39667181339046886
2022-11-25,0.7435881597549626
2022-11-28,0.36830352975746095
2022-11-29,0.6567833316763383
2022-11-30,0.5171031258115444
2022-12-01,0.7256621295397555
2022-12-02,0.6315192471692546
2022-12-05,0.6515292147345321
2022-12-06,0.7778217762622534
2022-12-07,0.6242486384836424
2022-12-08,0.7473028247943915
2022-12-09,0.3534878803163247
2022-12-12,0.5354265234684858
2022-12-13,0.6516633757680165
2022-12-14,0.7979429676244068
2022-12-15,0.3161486222122588
2022-12-16,0.5276500981711773
2022-12-19,0.49288742250995116
2022-12-20,0.4619477313109283
2022-12-21,0.2016719379831662
2022-12-22,0.3477610908644131
2022-12-23,0.2920309717710152
2022-12-26,0.18465536203137922
2022-12-27,0.51930888744572
2022-12-28,0.6978694535598048
2022-12-29,0.39926198490517256
2022-12-30,0.5021357598208676
2023-01-02,0.6550954053582967
2023-01-03,0.7102077324736612
2023-01-04,0.4196508637912291
2023-01-05,0.4137777338920781
2023-01-06,0.34319784220164185
2023-01-09,0.46507634946948867
2023-01-10,0.30037949684653875
2023-01-11,0.5936419504187086
2023-01-12,0.5066517866242239
2023-01-13,0.41498798127160336
2023-01-16,0.47278255921077517
2023-01-17,0.5066934771394714
2023-01-18,0.6023039899985942
2023-01-19,0.7398261863502319
2023-01-20,0.6475603702540896
2023-01-23,0.7129722630535693
2023-01-24,0.6604320996591831
2023-01-25,0.34129457658009943
2023-01-27,0.027674193400905777
2023-01-30,0.23509049680113334
2023-01-31,0.4949990580102608
2023-02-01,-0.5417979392179539
2023-02-02,0.4795986644210775
2023-02-03,0.28759762416416446
2023-02-06,0.6579781888724887
2023-02-07,0.5891286018581215
2023-02-08,0.5915789026271334
2023-02-09,0.6303317645459044
2023-02-10,0.7733971652252121
2023-02-13,0.5625341205026848
2023-02-14,0.5833924725119504
2023-02-15,0.52215425015992
2023-02-16,0.6340903074496947
2023-02-17,0.5885572152920867
2023-02-20,0.48903424587796956
2023-02-21,0.6453644729413818
2023-02-22,0.3453991930966277
2023-02-23,0.549598102598626
2023-02-24,0.5067337332853126
2023-02-27,0.5771420354622218
2023-02-28,0.5199646633335079
2023-03-01,0.6577547850129147
2023-03-02,0.6172527875544395
2023-03-03,0.4360311171732032
2023-03-06,0.6690286847759995
2023-03-08,0.5615478501310533
2023-03-09,0.4689685742184501
2023-03-10,0.642331245628498
2023-03-13,-0.09776402542557087
2023-03-14,0.36073154197652324
2023-03-15,0.25725441738422394
2023-03-16,0.4299473320601886
2023-03-17,0.5054629261159153
2023-03-20,0.34262723283560914
2023-03-21,0.6729889565455696
2023-03-22,-0.7138756205000579
2023-03-23,0.5430345095263871
2023-03-24,0.46006783084873687
2023-03-27,0.5082028557898441
2023-03-28,0.5755755162277416
2023-03-29,0.5010591509724365
2023-03-31,0.5220715750488257
2023-04-03,0.6687371073884105
2023-04-05,0.5438022460124183
2023-04-06,0.623641280007974
2023-04-10,0.724961339152655
2023-04-11,0.742176679820955
2023-04-12,0.6937958974380132
2023-04-13,0.6939751346022079
2023-04-17,0.26541736266133903
2023-04-18,0.5770943261576303
2023-04-19,0.7546353275071753
2023-04-20,0.7062791722436768
2023-04-21,0.6869947642054214
2023-04-24,0.6135432121458517
2023-04-25,0.7492235328718483
2023-04-26,0.6731927521039565
2023-04-27,0.6352666923860116
2023-04-28,0.47855254763035027
2023-05-02,0.779302585753439
2023-05-03,0.7796204342116295
2023-05-04,0.4764027731855537
2023-05-05,0.5669665547053376
2023-05-08,0.5082246779900949
2023-05-09,0.6889832257586508
2023-05-10,0.6837296164738563
2023-05-11,0.6787497209562307
2023-05-12,0.6083518764541049
2023-05-15,0.5502302326002451
2023-05-16,0.5543240690332922
2023-05-17,0.4942659801416356
2023-05-18,0.5039762136753693
2023-05-19,0.5865309094996966
2023-05-22,0.5938114598190912
2023-05-23,0.7412347297533002
2023-05-24,0.6500785806147613
2023-05-25,0.6370035436794086
2023-05-26,0.5384545024746338
2023-05-29,0.8114751170177076
2023-05-30,0.7584177459742384
2023-05-31,0.7287723436966439
2023-06-01,0.6945433963377234
2023-06-02,0.7441544541403499
2023-06-05,0.8081666656806663
2023-06-06,0.7446361128462069
2023-06-07,0.7272512281394388
2023-06-08,0.589769177426749
2023-06-09,0.6737741315453388
2023-06-12,0.7745570748076699
2023-06-13,0.7355563920265267
2023-06-14,0.7827622205362276
2023-06-15,0.6749868571841872
2023-06-16,0.6107866818793288
2023-06-19,0.5791378080858811
2023-06-20,0.5400250588573523
2023-06-21,0.7712278434020747
2023-06-22,0.6695979057970326
2023-06-23,0.7012925567407645
2023-06-26,0.7697107295190553
2023-06-27,0.6927703375654749
2023-06-28,0.6461889741418146
2023-06-30,0.5653051656082565
2023-07-03,0.7140996415328612
2023-07-04,0.6603571860889493
2023-07-05,0.7772345078601809
2023-07-06,0.6588655372670972
2023-07-07,0.46436401103782116
2023-07-10,0.7248036416213972
2023-07-11,0.7234966591461671
2023-07-12,0.6512779494268508
2023-07-13,0.5695918227621433
2023-07-14,0.6138199958312751
2023-07-17,0.5986330175759307
2023-07-18,0.6893976198544775
2023-07-19,0.696654535737115
2023-07-20,0.462764109648763
2023-07-21,0.5611470604807539
2023-07-24,0.6958715522828365
2023-07-25,0.7361686191323848
2023-07-26,0.7265555585100659
2023-07-27,0.3935347997426316
2023-07-28,0.6741105244642945
2023-07-31,0.5883957955883196
2023-08-01,0.7755910153037382
2023-08-02,0.4041453591929077
2023-08-03,0.43654800201446087
2023-08-04,0.7425268861659847
2023-08-07,0.7481548165099507
2023-08-08,0.7434208856574858
2023-08-09,0.5740462812768574
2023-08-10,0.6916598284745938
2023-08-11,0.638569035017832
2023-08-14,0.4973398364044697
2023-08-16,-0.7219945193875892
2023-08-17,0.6649400098246083
2023-08-18,0.6965334369558881
2023-08-21,0.6769340809263189
2023-08-22,0.799562564223948
2023-08-23,0.7249808678365348
2023-08-24,0.48379614798621373
2023-08-25,0.7503443445261943
2023-08-28,0.7008640467407261
2023-08-29,0.8194513458737703
2023-08-30,0.6967030657436112
2023-08-31,0.6344219553850119
2023-09-01,0.5234252120829948
2023-09-04,0.7265505403131464
2023-09-05,0.8110617599726885
2023-09-06,0.6517469371749967
2023-09-07,0.5637179861854592
2023-09-08,0.6673306187182052
2023-09-11,0.6575210510754776
2023-09-12,0.5540918024300888
2023-09-13,0.6360963137620056
2023-09-14,0.7040522120683025
2023-09-15,0.7978366703788048
2023-09-18,0.7990860988754335
2023-09-20,0.6130624457376773
2023-09-21,0.6685748286932082
2023-09-22,0.654256091358318
2023-09-25,0.6586090211646367
2023-09-26,0.7993023002286432
2023-09-27,0.5651056385229726
2023-09-28,0.36814738367419686
2023-09-29,0.5740104501703596
2023-10-03,0.6386786107387428
2023-10-04,0.6940564912410927
2023-10-05,0.7632414138507411
2023-10-06,0.7538947431458235
2023-10-09,0.7019416836277208
2023-10-10,0.619826683309579
2023-10-11,0.7809435264043091
2023-10-12,0.8026227463692881
2023-10-13,0.5922410591617493
2023-10-16,0.7536256907533221
2023-10-17,0.7897942782933314
2023-10-18,0.5523645003730995
2023-10-19,0.586183388552598
2023-10-20,0.7883942311226269
2023-10-23,0.27106264598562757
2023-10-25,0.3388345537101212
2023-10-26,0.5055784220797037
2023-10-27,0.6079614961912083
2023-10-30,0.45127769127062445
2023-10-31,0.5491362323905716
2023-11-01,0.6718417572759038
2023-11-02,0.7105676421354779
2023-11-03,0.7954298542994093
2023-11-06,0.6970185668385606
2023-11-07,0.742888263918449
2023-11-08,0.7961566871624767
2023-11-09,0.765139314136453
2023-11-10,0.6673446684332178
2023-11-13,0.7743311938008393
2023-11-15,0.7239594714074771
2023-11-16,0.42603652673944736
2023-11-17,0.6578815274355169
2023-11-20,0.7589013146859682
2023-11-21,0.789708555891241
2023-11-22,0.6843109704483225
2023-11-23,0.7535237744670595
2023-11-24,0.7821786804515881
2023-11-28,0.7072474838596339
2023-11-29,0.6448163904444033
2023-11-30,0.6936298939793062
2023-12-01,0.7405171233356052
2023-12-04,0.5843370618502952
2023-12-05,0.6826229720308874
2023-12-06,0.7617424004820696
2023-12-07,0.7868387024975779
2023-12-08,0.679967098867101
2023-12-11,0.7501659819472835
2023-12-12,0.6123591569526617
2023-12-13,0.5954863917477872
2023-12-14,0.7053995838070475
2023-12-15,0.4895415854411934
2023-12-18,0.7318427534026185
2023-12-19,0.6309970510939833
2023-12-20,-0.05823925561861119
2023-12-21,0.33255894421088955
2023-12-22,0.6556661056212671
2023-12-26,0.6649952263280741
2023-12-27,0.6119190184377552
2023-12-28,0.7506115027639501
2023-12-29,0.7891811162752003
2024-01-01,0.6392765484351933
2024-01-02,0.571536748615899
2024-01-03,0.6254184569401484
2024-01-04,0.742705060615802
2024-01-05,0.7421249228977326
2024-01-08,0.415829196726432
2024-01-09,0.5476803427115332
2024-01-10,0.5744494360382352
2024-01-11,0.6965261894408937
2024-01-12,0.5562217147049622
2024-01-15,0.6932291202609783
2024-01-16,0.6744520281615612
2024-01-17,0.39409982541562427
2024-01-18,0.4803510105703238
2024-01-19,0.7948044514082054
2024-01-23,-0.15391299771291753
2024-01-24,0.28633344732525307
2024-01-25,0.5623347311201261
2024-01-29,0.31857689241596604
2024-01-30,0.3536521272250368
2024-01-31,0.40547374935743175
2024-02-01,0.635871396891127
2024-02-02,0.3582020422220757
2024-02-05,0.5239187884369898
2024-02-06,0.5659072213035022
2024-02-07,0.6047469949993048
2024-02-08,0.3099446813131299
2024-02-09,0.6387115272325874
2024-02-12,0.4584474995047737
2024-02-13,0.541096578428823
2024-02-14,0.30918258836782603
2024-02-15,0.6730143702096099
2024-02-16,0.7933403925833509
2024-02-19,-0.9076229996208407
2024-02-20,0.6485706676236404
2024-02-21,0.4930748877511814
2024-02-22,0.24463577603177555
2024-02-23,0.7498645209219401
2024-02-26,0.7135587892004224
2024-02-27,0.7129881476269966
2024-02-28,0.33609794077998534
2024-02-29,0.5937833810727807
2024-03-01,0.39341143362276865
2024-03-04,0.82467648520769
2024-03-05,0.6939789330811851
2024-03-06,0.4539600663318981
2024-03-07,0.8109209074355578
2024-03-11,0.5496043789937778
2024-03-12,0.5984545794794431
2024-03-13,-0.07018251922050485
2024-03-14,0.4300871278014437
2024-03-15,0.6350537670430483
2024-03-18,0.5805507545944509
2024-03-19,0.617615518582591
2024-03-20,0.541861850202902
2024-03-21,0.714336708805386
2024-03-22,0.4078855972387198
2024-03-26,0.7376118431549626
2024-03-27,0.7203567420674591
2024-03-28,0.3098124906276101
2024-04-01,-1.0322985322663265
2024-04-02,0.7693044964818815
2024-04-03,0.6451407695265031
2024-04-04,0.38558837996362283
2024-04-05,0.759839908023256
2024-04-08,0.6868621116380114
2024-04-09,0.6695241517068158
2024-04-10,0.7847866440167636
2024-04-12,0.5585057334863816
2024-04-15,0.6663763065057139
2024-04-16,0.7232424296647383
2024-04-18,0.2789976860427896
2024-04-19,0.1960050786671995
2024-04-22,0.6343735747509969
2024-04-23,0.7795473653808791
2024-04-24,0.7916341935402256
2024-04-25,0.3857319736753037
2024-04-26,0.528490239223381
2024-04-29,0.5673242160886399
2024-04-30,0.577190170238993
2024-05-02,0.7294234932634611
2024-05-03,0.13185378699435663
2024-05-06,0.6380998753483471
2024-05-07,0.4592325557060554
2024-05-08,0.6197292676594759
2024-05-09,0.23872328580054777
2024-05-10,0.6154803327328788
2024-05-13,0.36398262440115353
2024-05-14,0.5983759161500141
2024-05-15,0.6829359174896511
2024-05-16,0.2553961427023187
2024-05-17,0.6693777381867216
2024-05-21,0.6297097822497536
2024-05-22,0.6998252232810864
2024-05-23,0.2033866700765234
2024-05-24,0.7526976768336138
2024-05-27,0.5202765406373168
2024-05-28,0.7011956580308604
2024-05-29,0.7100698028520314
2024-05-30,0.43543815505398953
2024-05-31,0.6452869507420524
2024-06-03,0.49392493290838485
2024-06-04,-0.6397914711356238
2024-06-05,-0.6397914710960922
2024-06-06,0.5056166680904141
2024-06-07,0.015530437708477441
2024-06-10,0.6381537923053586
2024-06-11,0.6429722564580683
2024-06-12,0.7116118710049989
2024-06-13,0.7433035707794412
2024-06-14,0.6804230796124088
2024-06-18,0.8235800665874387
2024-06-19,0.5233117287585376
2024-06-20,0.6461669601983137
2024-06-21,0.5109518084881987
2024-06-24,0.5877582166189781
2024-06-25,0.6326052421463628
2024-06-26,0.5842232582243203
2024-06-27,0.5000358552471823
2024-06-28,0.6528437949142717
2024-07-01,-1.083290823909502
2024-07-02,-0.5877334278998934
2024-07-03,-1.0939512087046903
2024-07-04,0.7635202548645849
2024-07-05,0.6386632902646028
2024-07-08,0.7953688517461619
2024-07-09,0.7795635036994002
2024-07-10,0.41112526570144386
2024-07-11,0.6132969810997867
2024-07-12,0.5261386919324333
2024-07-15,0.7911651259047779
2024-07-16,0.8276194692982677
2024-07-18,0.408683626006478
2024-07-19,0.3736273211561801
2024-07-22,0.5768693518092499
2024-07-23,0.09730609054822688
2024-07-24,0.6456946871071457
2024-07-25,0.6159021128527026
2024-07-26,0.2069918959596759
2024-07-29,0.6011120417309679
2024-07-30,0.6975657346570402
2024-07-31,0.7708191063952483
2024-08-01,0.7957695802063374
2024-08-02,0.7032588824990105
2024-08-05,0.19117784909192329
2024-08-06,0.22052916569186418
2024-08-07,0.7150113141090311
2024-08-08,0.5129865234989189
2024-08-09,0.7741525412387705
2024-08-12,0.5154438217747198
2024-08-13,0.5348854569886156
2024-08-14,0.8134370494710024
2024-08-16,0.3418687819235086
2024-08-19,0.772869633434104
2024-08-20,0.7525759598914922
2024-08-21,0.746307729414273
2024-08-22,0.8151506336624145
2024-08-23,0.8117865701655563
2024-08-26,0.6757847762674974
2024-08-27,0.8011454444177977
2024-08-28,0.6859488123810484
2024-08-29,0.6604398696884968
2024-08-30,0.8544328172052061
2024-09-02,0.8057383402135927
2024-09-03,0.814002417946522
2024-09-04,0.7522225569224882
2024-09-05,0.7179552545707332
2024-09-06,0.34415027544753224
2024-09-09,0.6210450351667934
2024-09-10,0.5724825953563394
2024-09-11,0.583535842564961
2024-09-12,0.15005728142711702
2024-09-13,0.7424314618690078
2024-09-16,0.7724846508824854
2024-09-17,0.8152679547119439
2024-09-18,0.6342845225585174
2024-09-19,0.5864691319677336
2024-09-20,0.2947940858705567
2024-09-23,0.7930462555018394
2024-09-24,0.794318431396492
2024-09-25,0.7163784293408617
2024-09-26,0.5819395382995866
2024-09-27,0.8018658052505399
2024-09-30,0.42064622297204657
2024-10-01,0.6961107501035239
2024-10-03,0.29800674924310827
2024-10-04,0.09934496302406601
2024-10-07,0.2101133321807369
2024-10-08,0.48953259378805547
2024-10-09,0.4854971386208057
2024-10-10,0.7120357159082286
2024-10-11,0.781431107227337
2024-10-14,0.7229401608281069
2024-10-15,0.6250870867820946
2024-10-16,0.6514630431467989
2024-10-17,0.4492456417390248
2024-10-18,0.4249413291042757
2024-10-21,0.4496645189988828
2024-10-22,0.20473607360235926
2024-10-23,0.5811803942760744
2024-10-24,0.7219217249261887
2024-10-25,0.3355101106760528
2024-10-28,0.33840928010228527
2024-10-29,0.37939282247543055
2024-10-30,0.6415563315247341
2024-10-31,0.6252985949119367
2024-11-01,0.723834627362923
2024-11-04,0.0684775550291009
2024-11-05,0.28300256398397455
2024-11-06,0.40310519711507675
2024-11-07,0.40006357790557406
2024-11-08,0.6086936937252067
2024-11-11,0.3800873418706903
2024-11-12,0.239814449007223
2024-11-13,0.31505109233488965
2024-11-14,0.6226070481879308
2024-11-18,0.5009433086065147
2024-11-19,0.3972828354191048
2024-11-21,0.5448786512357715
2024-11-22,-0.10327796533154916
2024-11-25,0.6323298269984572
2024-11-26,0.5796675408380126
2024-11-27,0.6104437139029245
2024-11-28,0.12992263781656335
2024-11-29,0.5058676163808203
2024-12-02,0.44525054102150396
2024-12-03,0.6360529466935969
2024-12-04,0.6261456979178448
2024-12-05,0.0009926697460811247
2024-12-06,0.7430065404215498
2024-12-09,0.757465658901406
2024-12-10,0.6846242843110504
2024-12-11,0.7735168079132929
2024-12-12,0.7200502291368035
2024-12-13,-0.09301029722484314
2024-12-16,0.6452452021644369
2024-12-17,0.4063495458736003
2024-12-18,0.5353721752679486
2024-12-19,0.7385486016065276
2024-12-20,0.029439177666091717
2024-12-23,0.5500272559921601
2024-12-24,0.6231985570954377
2024-12-26,0.5897783702429886
2024-12-27,0.7062543489647202
2024-12-30,0.4105235783390599
