DATE,Top100_Liquidity_Index,NIFTY50_Liquidity_Index_Raw,NIFTY50_Liquidity_Index_30D,NIFTY50_Liquidity_Index,Top100_Index_Smoothed,NIFTY50_Index_Smoothed,Top100_Normalized,NIFTY50_Normalized
2013-01-23,-1.099876521636922,-0.5083334759401879,,-0.40675452820185537,,,,
2013-01-24,-1.2793181849034272,-1.1013213735325313,,-0.8812472065926932,,,,
2013-01-25,-1.3259110124680866,-2.298237841407235,,-1.838986990082167,,,,
2013-01-28,-1.0845100985553133,-0.29252448336562753,,-0.2340700816502539,,,,
2013-01-29,-0.8643715476379603,-1.138987772808732,,-0.9113868279078483,,,,
2013-01-30,-0.9809877961201982,-0.46466896339569097,,-0.3718153808904345,,,,
2013-01-31,-0.38459060999822614,-0.6651546537360701,,-0.5322385405786616,-1.0027951101885906,-0.739499936557702,-1.603576449324586,-0.8945081127406217
2013-02-01,-1.0017888379643454,-1.505985117486499,,-1.2050480539556556,-1.00266932616056,-0.7976934512324462,-1.6034128101530927,-0.9651796389921778
2013-02-04,-1.2668218603182229,-0.7682850562399448,,-0.6147606647337643,-1.0320196077336334,-0.7773675860659259,-1.641596161687556,-0.9404954465743456
2013-02-05,-1.1361382884522027,-1.317601693518522,-1.006110043143104,-1.05430879643298,-1.0424314758054904,-0.8050617071026315,-1.6551415178957534,-0.9741278163117371
2013-02-06,-0.9183874624126325,-0.19484505306253652,-0.932358680408507,-0.155909676191073,-1.0311547473152307,-0.7460478861106715,-1.6404710184993416,-0.9024600914329722
2013-02-07,-1.2545978386243324,-0.9096631348458785,-0.9304673849449546,-0.7278875320034852,-1.0497750049243224,-0.7445345232684061,-1.664695107804246,-0.9006222292170007
2013-02-08,-1.3826387082064755,-1.1904400664945791,-0.9504652835256949,-0.952557544442662,-1.0753799051767958,-0.7605362941279642,-1.6980058924013521,-0.9200551432744059
2013-02-11,-1.2964705329275814,-0.6361616317680581,-0.9280150226858638,-0.509039118290108,-1.0911720928732804,-0.7425722101395459,-1.7185507942555924,-0.8982391515738111
2013-02-12,-1.406196288691634,-1.165941174027716,-0.9438767661086539,-0.9329542015221587,-1.1121737059278374,-0.7552643428983867,-1.7458729162616933,-0.9136527659338994
2013-02-13,-1.2618642754864582,-0.6596991381183441,-0.9261156643592595,-0.5278731863649111,-1.1215293665252513,-0.7410523956150445,-1.7580441956594322,-0.896393454288364
2013-02-14,-1.3771278176619677,-1.6898942449596208,-0.9710438161592809,-1.352207101938847,-1.1365645695332933,-0.7770026724576211,-1.7776042956338998,-0.9400522871983739
2013-02-15,-1.473841963210982,-0.7899463607939843,-0.9609828464167643,-0.6320934475055835,-1.1553022025153872,-0.7689521599602858,-1.8019810848411086,-0.9302755619314115
2013-02-18,-1.7074907232493128,-0.8628395905370754,-0.9558174118967807,-0.6904206139752361,-1.1843647562382253,-0.7648189206979147,-1.8397901158218006,-0.9252560622729489
2013-02-19,-1.9477657979685334,-2.7967359670226313,-1.0478633396530732,-2.2378715402668146,-1.2225348083247407,-0.8384715516763597,-1.8894475786737175,-1.0147014905613414
2013-02-20,-1.243635423748534,-0.3430535073836922,-1.0143009666878646,-0.27450202307798405,-1.2235395995353975,-0.8116158598383417,-1.8907547653158536,-0.9820873282901307
2013-02-21,-1.4161157612385116,-3.520794288099029,-1.1282324812974631,-2.8172431825442388,-1.238598610944997,-0.9264010338546458,-1.9103458389136534,-1.121485051285942
2013-02-22,-1.4267080053621835,-0.21045908356391985,-1.0883292900916568,-0.1684035958531077,-1.2456171738239854,-0.8924561000099035,-1.919476662855084,-1.0802615524695494
2013-02-25,-1.6671231827470692,-0.6300963524076397,-1.0692362510214894,-0.5041858478260756,-1.2618653724086988,-0.8288941408548516,-1.9406148136703412,-1.0030704652816826
2013-02-26,-1.741346984362664,-3.8819782039444335,-1.1817459291384071,-3.106252662024364,-1.293143319351906,-0.9656647399202853,-1.9813059682146454,-1.169167787918371
2013-02-27,-1.204935246357953,-1.4519260077985559,-1.1921374706253358,-1.161791434636099,-1.3093606383385725,-0.9775887688121069,-2.002403946108749,-1.183648599492696
2013-02-28,-0.7267640361739175,-2.4070000361777972,-1.2371323804606122,-1.926015520198692,-1.2972547450077971,-1.0515982992553572,-1.9866547418111047,-1.2735274545991306
2013-03-01,-1.6145084748803673,-1.1416359713575628,-1.2337217944212178,-0.9135058438733465,-1.3558222623831373,-1.0697538851265327,-2.062848358518859,-1.2955760105366536
2013-03-04,-1.6071377978382497,-1.1654403547178505,-1.2313672620176532,-0.9325534596238961,-1.3846484033295137,-1.0567779520631155,-2.1003498274706,-1.2798177426393598
2013-03-05,-1.7229087634535856,-3.5902775813291097,-1.3099976059947018,-2.872841811187453,-1.4063668272883403,-1.1643056257037674,-2.128604487131351,-1.4104017923042975
2013-03-06,-1.160830435572029,-1.3422133388150752,-1.3377936014238647,-1.0740023610803904,-1.4075426438178558,-1.1652434144965014,-2.130134169760621,-1.411540664318723
2013-03-07,-1.5182323825818174,-2.3826286892065727,-1.380503845279666,-1.9065142356913332,-1.436106687635436,-1.2486055363774662,-2.1672946625353506,-1.5127775189377282
2013-03-08,-1.3137677936707854,-3.347989346472303,-1.4154955621151684,-2.678969400019244,-1.4389243045424103,-1.3415141967591688,-2.170960251111753,-1.6256079067886966
2013-03-11,-1.5484412400857401,-0.4685597886162287,-1.421363405623522,-0.37492871269288675,-1.4468196632033272,-1.3140080619139414,-2.181231745594349,-1.592203831752875
2013-03-12,-1.385879306237218,-1.833695678922468,-1.444520335827313,-1.4672730718085762,-1.45107722383712,-1.3596382501767257,-2.186770634001762,-1.647618168998196
2013-03-13,-1.7735492510711295,-3.4277481697840324,-1.5432896427069243,-2.7427902264680513,-1.4685702220456671,-1.4458209180312918,-2.209528211244274,-1.752280358724235
2013-03-14,-1.387098255378474,-2.960448884943494,-1.6197994504138387,-2.368870134381212,-1.4745337448976679,-1.5334874393654014,-2.217286477170099,-1.858744573825767
2013-03-15,-1.025977701587724,-1.8123611117791967,-1.6300119835569287,-1.4502017353660923,-1.4578123107988945,-1.5381538504809849,-2.195532668956566,-1.8644115694952799
2013-03-18,-1.7127236523368434,-2.3832003290102133,-1.6838424926492706,-1.9069716462094999,-1.4691876293286972,-1.5988623361335519,-2.210331429409973,-1.9381373336369947
2013-03-19,-1.3093157719503805,-3.552370939040949,-1.7583348008333515,-2.8425099539924887,-1.4502269173620814,-1.7013427808962784,-2.185664424817104,-2.0625919138904774
2013-03-20,-1.752182965419446,-1.7952428648315975,-1.811681394558987,-1.4365041828924228,-1.4409134491454583,-1.6631824305451166,-2.173548035744823,-2.016249117503561
2013-03-21,-1.6200762737272432,-1.7759720127153131,-1.8405583571546347,-1.4210841747056526,-1.4588392039063491,-1.7177815806226246,-2.196868609138695,-2.0825555657320587
2013-03-22,-1.6895565659714353,-0.5654007647658756,-1.8197237137636781,-0.45241821009712946,-1.471860194607917,-1.605170867648953,-2.2138083125635872,-1.945798557625463
2013-03-25,-1.6412806962668776,-1.330793974945551,-1.8428781252029276,-1.0648648987983271,-1.4820779417938548,-1.6478595011225348,-2.227101126525852,-1.9976406039090262
2013-03-26,-1.669405668140428,-0.7583840815489111,-1.8292928887869675,-0.6068381758956226,-1.482186631574491,-1.6527477072210848,-2.2272425268763696,-2.003576952444555
2013-03-28,-1.1205116381719562,-1.4722554603220899,-1.8563780995270924,-1.1780585058820325,-1.4526230436606478,-1.5609289378809739,-2.1887816737113384,-1.8920701530344581
2013-04-01,-2.1142552043584963,-1.752160903001762,-1.8584536547951638,-1.4020311767114035,-1.4959239940416258,-1.5723689255988453,-2.2451141966568797,-1.9059631340107717
2013-04-02,-1.845997825331264,-2.984080545475165,-1.931591460951203,-2.3877795420538193,-1.5492208411443569,-1.5943576885443274,-2.3144509164268574,-1.9326667872688088
2013-04-03,-1.9200384369707006,-3.809459565238433,-2.0298121267745817,-3.048225233045496,-1.5637698869581822,-1.6960109927906206,-2.333378548498025,-2.056116869288295
2013-04-04,-2.0553669873515634,-4.503214062739401,-2.086694729965141,-3.603348585480631,-1.5851141340778636,-1.8231917130695128,-2.3611464214903215,-2.210568025265343
2013-04-05,-1.6887157746680699,-1.2902534244790596,-2.1182680605349864,-1.0324254604010386,-1.5834858965166485,-1.7355528392225403,-2.3590281601364502,-2.104137385900281
2013-04-08,-1.9830271250526534,-1.0119795794440398,-2.03464090357982,-0.8097583493303246,-1.62263811982525,-1.7229697910439659,-2.4099633820772053,-2.0888562463326332
2013-04-09,-1.5260988180268433,-3.0685637055693498,-2.1299110576466678,-2.455380653433616,-1.6230127119892988,-1.7491062871269316,-2.4104507090640457,-2.1205970009403394
2013-04-10,-1.6494935944539972,-3.85219689777387,-2.2373144091588757,-3.082422476301817,-1.6389996548837376,-1.768318338378483,-2.431248978374681,-2.143928552436395
2013-04-11,-1.561466498657467,-1.9293446082625105,-2.1722266226361446,-1.5438087259965356,-1.6396199052919147,-1.8239792913929425,-2.43205589531399,-2.2115244782733887
2013-04-12,-1.9484958824340224,-3.623042948991082,-2.244597187342562,-2.8990597612055113,-1.6664111708250962,-1.892159609935654,-2.46691008597515,-2.2943242060207463
2013-04-15,-1.934349749621596,-2.4137162433016988,-2.2448210609133588,-1.931389645235285,-1.6740683374227374,-1.8535214870198078,-2.476871703659388,-2.24740119177732
2013-04-16,-1.7972374841999723,-4.916929490567562,-2.3706641782203586,-3.934392342425478,-1.6935987768904275,-1.9280701635933442,-2.502279897238748,-2.3379347981926055
2013-04-17,-1.1563570521810518,-0.38105719492367685,-2.3445180728938864,-0.30491153322615316,-1.6998073173948718,-1.8735325349200136,-2.5103569197370477,-2.2717030629549737
2013-04-18,-1.5424499171748502,-4.371240248282831,-2.3705501617923437,-3.4977467528745927,-1.6916990442919195,-1.9492837304754942,-2.4998084334659145,-2.363697035740558
2013-04-22,-1.4295412927721018,-2.508764673881524,-2.4094352062945585,-2.0074447967582447,-1.697424069092954,-1.9095187229881492,-2.5072564245176245,-2.3154055072731277
2013-04-23,-1.6996352605130414,-0.49297414922933913,-2.346446721628651,-0.39446441553867806,-1.6949217974307444,-1.85989778168559,-2.504001085441064,-2.255144708875043
2013-04-25,-0.6277104702325482,-2.3645125010407626,-2.313664160114266,-1.8920181579805921,-1.647666282978616,-1.882323209460587,-2.442523858526726,-2.282378657822122
2013-04-26,-1.7485259841495837,-2.029797622211339,-2.3657054212341033,-1.6241884771424506,-1.6504743505109087,-1.9381217936056025,-2.4461770238107152,-2.350141726030744
2013-04-29,-1.6821818678214353,-1.9466132483995944,-2.369469340216674,-1.5576266189823473,-1.6524220253468402,-1.9615866374238893,-2.448710858205116,-2.378637965434074
2013-04-30,-1.1303238139830332,-1.471526766790052,-2.304261960116875,-1.1774754252708655,-1.6267514608631548,-1.988759839775091,-2.415314647496599,-2.411637719685646
2013-05-02,-1.3438076682461209,-2.8527082353523037,-2.3006706051305015,-2.2826590167451535,-1.6373846051524008,-2.0413598641019064,-2.429147873774245,-2.475516384186698
2013-05-03,-1.4536597244663285,-2.4460018862303814,-2.3217919642788742,-1.957223732657643,-1.6059276775384876,-2.0677976048612514,-2.3882238736999777,-2.507622977173025
2013-05-06,-1.605242552931198,-1.770632079102664,-2.3013730226152895,-1.416811306047485,-1.5944631407575323,-2.021561022194283,-2.373309044450482,-2.4514722207872963
2013-05-07,-1.214001972025442,-3.216871465109987,-2.290189706817591,-2.574052461637969,-1.56084235671252,-1.9989813664129719,-2.329569967778975,-2.4240509738456235
2013-05-08,-1.3432947915179514,-1.5291741087354134,-2.281320748281052,-1.2236032497894214,-1.5269341569109194,-1.8856601599514857,-2.285456976573018,-2.2864311263065535
2013-05-09,-1.1137355418465884,-1.3234936533759833,-2.2662381363030737,-1.0590233813766008,-1.4995541458241821,-1.886926727616989,-2.249836855323431,-2.2879692748532134
2013-05-10,-1.3721116647467384,-2.585758182747517,-2.3335833835691284,-2.06905289430773,-1.4704629334286625,-1.946893134520675,-2.211990540742213,-2.360793841703866
2013-05-13,-2.2235954184016387,-4.963830060029954,-2.4546845864052753,-3.9719208938725172,-1.5036770572560338,-2.019109336446337,-2.255200571380325,-2.448494837918003
2013-05-14,-1.4384542834722605,-1.130806770138492,-2.467098676024928,-0.9048406135842747,-1.4936275662569034,-1.9154149620312158,-2.2421266508931614,-2.3225660339168015
2013-05-15,-1.2364648135917047,-4.69080503058035,-2.574383661700203,-3.753453741309583,-1.478151295539486,-2.0206361532365986,-2.221992742338505,-2.450349038914066
2013-05-16,-0.9748521860104454,-0.942431535648578,-2.547392682788431,-0.7541079090577,-1.431787309995506,-1.918495588848608,-2.161675353077453,-2.326307217109008
2013-05-17,-1.004384441856193,-0.8277780988069119,-2.4755159345661553,-0.6623653683505432,-1.3875032477209632,-1.858065861377906,-2.1040638472732214,-2.252919983236132
2013-05-20,-1.333709311462202,-1.8386512822337033,-2.4098223251326645,-1.4712384098833289,-1.3654304775905932,-1.740772816971137,-2.0753481997204384,-2.1104766454647597
2013-05-21,-1.2683388892797776,-2.1668525802553873,-2.331943609049864,-1.7338561017147331,-1.370762946023866,-1.808817796422974,-2.0822854931916153,-2.1931120143455485
2013-05-22,-1.5425657108041908,-1.2136524808597045,-2.3293902442625525,-0.9711314828126456,-1.3707684600062155,-1.6885027835628812,-2.082292666626251,-2.046998729431885
2013-05-23,-1.635931102258601,-3.8940669454390093,-2.425459823129051,-3.115925741953019,-1.3805965461722391,-1.7412875904769183,-2.0950785497208977,-2.111101798104719
2013-05-24,-1.5848189811550142,-0.9309623302574657,-2.3542064439519885,-0.744930564954828,-1.3751291042980474,-1.75797645473483,-2.0879656620793687,-2.1313691339943577
2013-05-27,-1.9391735588444514,-4.844716993154975,-2.3872904471313583,-3.876609879326804,-1.4375797275652809,-1.8524808224179832,-2.169211018987521,-2.2461373850432196
2013-05-28,-1.2011487105824534,-1.444562828865134,-2.371131054484779,-1.155899620472984,-1.4115141431097034,-1.83018135305277,-2.135300905664055,-2.219056402850484
2013-05-29,-1.4398985563677793,-0.7233828063439158,-2.2744757163965406,-0.5788311138855134,-1.3999768425642911,-1.783572043286254,-2.120291414140526,-2.1624529982075127
2013-05-30,-0.40564517897356084,-0.6055200511792639,-2.214202509992459,-0.4845205645342254,-1.3654683361352686,-1.7505741927749858,-2.0753974519266336,-2.122379658906972
2013-05-31,-1.6088101707653069,-4.595580491863,-2.2034908767023067,-3.6772576728771895,-1.3780875029218964,-1.8169836525907972,-2.091814401123056,-2.2030288155863094
2013-06-03,-1.5580774664110222,-2.990090329869796,-2.290458647867178,-2.392588406965798,-1.383059776347834,-1.8377153037483285,-2.0982830976388067,-2.2282058037302037
2013-06-04,-1.3972811254029662,-1.5519610374688932,-2.1964826741733803,-1.2418367262076586,-1.3731568512274424,-1.8293831808988128,-2.0853998525445485,-2.218087084453977
2013-06-05,-1.5441631261228874,-0.6966524682656103,-2.136078933986183,-0.5574422292884333,-1.3888788109463683,-1.7333541222155016,-2.1058533910655957,-2.1014672140168473
2013-06-06,-1.5093440654534214,-0.8485261451679844,-2.1479306671841374,-0.6789673869232907,-1.3967859192290095,-1.7074190811266383,-2.1161401712596954,-2.0699711109306
2013-06-07,-1.8530199260481919,-2.6791306709251437,-2.158417939513617,-2.1437670026112974,-1.4319899375243241,-1.7590735392806711,-2.1619389620702374,-2.1327014583902106
2013-06-10,-1.9320726301944118,-0.8110691023427241,-2.1177936555179966,-0.6489952869075558,-1.4586547454027847,-1.6914517484520912,-2.1966286372029034,-2.0505800193874335
2013-06-11,-1.483649215769075,-3.1551081019866842,-2.158076817304233,-2.524631109678188,-1.4234192119440912,-1.6225331872999806,-2.1507888466302654,-1.9668837530439491
2013-06-12,-1.4377370297263574,-1.5189632489643334,-2.159658033376709,-1.2154327993955354,-1.4233850570038102,-1.637323291386231,-2.1507444126411692,-1.984845191445406
2013-06-13,-1.825339800863882,-2.7979667355374938,-2.157833316716215,-2.238856367531363,-1.45142672306439,-1.5651996069206018,-2.1872253162446786,-1.8972565505365282
2013-06-14,-1.9634518889887298,-4.564795414498626,-2.22845976765849,-3.652624296930733,-1.4985028993966893,-1.7032241968193174,-2.248469232604366,-2.064876748129109
2013-06-17,-1.489304656944136,-2.8807347868569337,-2.2654631912502987,-2.305085095832914,-1.5215943382104007,-1.7814489457470495,-2.278510120745943,-2.1598746603237275
2013-06-18,-1.4806858961964828,-2.269260628481507,-2.233876163362683,-1.815800217756364,-1.5285932231977475,-1.7978566508838607,-2.2876153446653724,-2.1798005501893756
2013-06-19,-1.367020616927512,-0.9004683561116739,-2.2129193049418916,-0.7205301218328595,-1.533292353085735,-1.7496030327942473,-2.293728694139462,-2.1212002601637128
2013-06-20,-1.8277556447082175,-4.433210419912251,-2.316576530493101,-3.547333587338114,-1.5468728261287836,-1.8722793234859365,-2.3113962580746157,-2.2701811345191825
2013-06-21,-1.5167736566589531,-0.6789152489170611,-2.2530150993654185,-0.5432493920482968,-1.5411986620526104,-1.7497709258714262,-2.3040144344609192,-2.121404153330806
2013-06-24,-1.96384080962966,-2.696066648706168,-2.177422985654626,-2.157318708288789,-1.5592473205514028,-1.817027504125424,-2.3274948999027614,-2.203082069886172
2013-06-25,-1.737309397706163,-1.0320727429666565,-2.1741318514155648,-0.8258363485878167,-1.5496347414495795,-1.6717525740902341,-2.314989381477531,-2.0266568945198413
2013-06-26,-1.7674190005929467,-1.0844745888273077,-2.0539208366904633,-0.8677668707721623,-1.5765999933548411,-1.6580319669616237,-2.350069920318377,-2.009994277520396
2013-06-27,-0.9808922972763826,-2.415853429669112,-2.103034899824481,-1.9330997632458071,-1.554742552445727,-1.7225209502644947,-2.3216344060696095,-2.0883111638933536
2013-06-28,-1.887489790953968,-4.233131690230692,-2.2165466862052736,-3.3872360664256322,-1.625306581587651,-1.8607454979736093,-2.4134349267462523,-2.256174194793491
2013-07-01,-2.092821401327767,-2.640040956255435,-2.2432596753393312,-2.1124884832916426,-1.6483547354239587,-1.7862326794219168,-2.4434195031449844,-2.165684135174549
2013-07-02,-1.6768103717400726,-1.8266465201545534,-2.23191947333597,-1.461632527983364,-1.6540086832967706,-1.74190144708942,-2.450775026418164,-2.111847279520433
2013-07-03,-2.611276575004032,-3.282298566999014,-2.3008743428739473,-2.6264054370371683,-1.711817990420631,-1.8078332904622536,-2.525982246845623,-2.1919164079410076
2013-07-04,-1.634725884968144,-2.8155235752871444,-2.264922897202218,-2.2529048699556355,-1.7161305027465956,-1.8885696066845012,-2.5315926248492904,-2.2899644245154525
2013-07-05,-1.5836421764026034,-1.7391638239533203,-2.2918629469920804,-1.391631269944348,-1.71966850802989,-1.9225059820664565,-2.536195405205127,-2.3311775297402066
2013-07-08,-1.9602689803236348,-2.926136024002349,-2.227910248020326,-2.341413922614798,-1.72477560585253,-1.9319177401618612,-2.542839501991635,-2.3426073825860145
2013-07-09,-1.7422866271209472,-2.736908607749878,-2.2709884406498175,-2.189999325576364,-1.715738177134746,-2.005298884860376,-2.531082227471469,-2.4317231117684797
2013-07-10,-1.6780183468288843,-2.670585718431676,-2.3358952043860763,-2.136929565604893,-1.7249938500423558,-1.9868369065711715,-2.5431234275342134,-2.4093024659179307
2013-07-11,-1.8963771799681524,-4.420136126249787,-2.4630490735550934,-3.5368718955512177,-1.7468338571967272,-2.097381625435728,-2.5715362612787325,-2.543550483843508
2013-07-12,-1.611711249445284,-3.5411946146794486,-2.4279028776489753,-2.8335669652698106,-1.7366610690339368,-2.125701177708987,-2.558301936914982,-2.577942391483012
2013-07-15,-1.8574907599228394,-1.4602090553290765,-2.376906835164285,-1.168419302462665,-1.73161530098318,-2.0074057017819364,-2.5517376273098518,-2.434281678100338
2013-07-16,-2.0482320623863424,-2.921271214624971,-2.4225505077361538,-2.337521235359788,-1.7582308917185234,-2.0089502798546444,-2.5863632732279265,-2.436157448801301
2013-07-17,-1.2545825479678314,-0.6470467403698011,-2.42089698347296,-0.5177490841359318,-1.747464065612397,-1.9471383211108146,-2.5723561331227414,-2.3610916018690395
2013-07-18,-1.5094033739470487,-2.289450650650788,-2.4689278003223865,-1.8319557206507222,-1.7542441968990419,-2.000063349625951,-2.581176768649635,-2.4253649588397788
2013-07-19,-1.6123222736877794,-0.4236010599416146,-2.393743479956269,-0.33895396907252046,-1.7439854649456872,-1.8472833678037797,-2.567830635410759,-2.239825478084825
2013-07-22,-1.6357082952172772,-0.6268097756580362,-2.3876015024001136,-0.5015560191044639,-1.7496490191627503,-1.8452979690921685,-2.575198656091113,-2.237414364785488
2013-07-23,-1.2581546581136178,-2.114670922834327,-2.3529202630950348,-1.6921017682905233,-1.7160449167096055,-1.8231447814732036,-2.5314812813949286,-2.210511030468601
2013-07-24,-1.860186202604639,-3.4819160237285014,-2.41835202225384,-2.786133859964032,-1.7218961931333427,-1.9164922820149282,-2.5390935199370572,-2.3238743557793975
2013-07-25,-0.8874324544784084,-2.0640947940881604,-2.393889624205529,-1.651632134949193,-1.6799920718897934,-1.9538191993566913,-2.484578206746565,-2.3692050121859083
2013-07-26,-1.590168586652131,-0.978808681660799,-2.2743567331109347,-0.7832159052134992,-1.7090052285267334,-1.8990628251646768,-2.522322974415475,-2.3027076274209626
2013-07-29,-1.9589389182135306,-1.964368674352973,-2.2438111960274694,-1.571834024649133,-1.7124075679200463,-1.8126151088896056,-2.526749259756928,-2.1977235568717366
2013-07-30,-2.0600900842829577,-2.975740585704861,-2.2673605279349145,-2.381106134611356,-1.7108489337750552,-1.8254064256191156,-2.5247215492109953,-2.21325762249905
2013-07-31,-1.5690708818304415,-0.4381513964279171,-2.2519499626121227,-0.3505967499098789,-1.7057184818745963,-1.7724999599965687,-2.5180470698552133,-2.1490068087267797
2013-08-01,-1.5679229071479461,-0.9767429073377701,-2.1367343788596402,-0.7815629291654806,-1.6560349738814493,-1.6846503167645839,-2.453411136246042,-2.0423202062323353
2013-08-02,-1.674931737910916,-1.7637290710911804,-2.172894839598777,-1.411287708055652,-1.6579495383072957,-1.6445733090550605,-2.4559018955365604,-1.993649777607123
2013-08-05,-2.017835055634128,-0.3768676627111072,-2.0955882067322755,-0.301559184267906,-1.678625389699273,-1.5926651144990396,-2.482800216767607,-1.930611286896597
2013-08-06,-2.002209467729671,-4.654588840537454,-2.216338743317969,-3.7244745377131236,-1.6806225557662273,-1.658525143789436,-2.4853984369522197,-2.0105932026639994
2013-08-07,-1.9116798681035887,-0.7074130527119671,-2.203770025447457,-0.5660525543148518,-1.6886889005749246,-1.5811943451579356,-2.4958923764621983,-1.9166809240177383
2013-08-08,-1.7698179959362865,-1.617336491510049,-2.1771527941754885,-1.2941483744132183,-1.6930603124371817,-1.5410619074821414,-2.5015793800237454,-1.8679431799822377
2013-08-12,-1.7919509512411598,-1.8257297786739919,-2.0969060637902652,-1.4608989765529388,-1.6880876348787535,-1.4422060541965092,-2.495110157750417,-1.7478903859614021
2013-08-13,-1.5182291010721032,-2.843028554150917,-2.1036723170534475,-2.2749136008979436,-1.6836361040038403,-1.415603513035944,-2.4893189230789488,-1.7155836556239248
2013-08-14,-1.5651434518908587,-1.1777975104461564,-2.0820440167298346,-0.9424413172726325,-1.669714803621365,-1.4048426565983232,-2.4712079586237192,-1.702515427102739
2013-08-16,-2.2467664598033354,-5.182105482271794,-2.145370913905594,-4.1465789099078165,-1.6791688225459835,-1.4909882601482294,-2.483507197631476,-1.8071326050951781
2013-08-19,-1.9767087410403037,-3.4069659884981713,-2.165085661012628,-2.7261608940631743,-1.7135557841208633,-1.5961507272876219,-2.5282430356419807,-1.9348442942526205
2013-08-20,-1.6930638737792625,-0.7262407806042885,-2.1313215595676605,-0.581117986631285,-1.7223015222081113,-1.5365870256676488,-2.539620834215474,-1.8625087818471002
2013-08-21,-1.5230917413189495,-3.8211190560013173,-2.161154327300959,-3.0575548382924445,-1.7180524492381675,-1.6660442099162165,-2.534092987864051,-2.01972452738525
2013-08-22,-1.7553177283074206,-3.2525390729287977,-2.17834200947359,-2.602592704760058,-1.7237481365281742,-1.7660935758998164,-2.5415028121781122,-2.14122675034052
2013-08-23,-1.4348970395269594,-1.9169005658545142,-2.153219171054351,-1.5338513440058519,-1.7321644404049998,-1.75855784141007,-2.552452032162581,-2.1320751831806146
2013-08-26,-1.543844804624628,-0.273273305755198,-2.0149904103711984,-0.21866581646433927,-1.7171005643107136,-1.636297458386275,-2.5328546298362125,-1.9835993965455565
2013-08-27,-2.3444745533461977,-4.548987943099158,-2.048583521318522,-3.6399755911588723,-1.786483521399656,-1.7309804801105457,-2.623118630691938,-2.0985846091205844
2013-08-28,-1.3244706154758517,-0.9840656432330028,-2.0327120742486526,-0.7874223819168525,-1.7738312370579286,-1.7311807885249908,-2.6066585970963017,-2.0988278682096593
2013-08-29,-1.00350233550712,-2.8582595789878904,-2.0306116863940833,-2.2871010499148228,-1.7283342569290518,-1.7652411230614524,-2.547469141564428,-2.1401915122477297
2013-08-30,-1.2771998374888252,-1.5118980765210386,-2.0594400642657913,-1.2097794418657724,-1.6910537689864742,-1.709463661502139,-2.49896896029892,-2.0724540957870436
2013-09-02,-2.025643996382606,-2.6044532116738788,-2.069940149633228,-2.084012144545181,-1.7127953458699106,-1.7920072517228673,-2.5272537408379736,-2.1726969069625923
2013-09-03,-2.3175287088863645,-5.2113665423007065,-2.2295323323785308,-4.169992808913253,-1.7484908602384066,-1.9533610555203809,-2.57369194518509,-2.3686486319030577
2013-09-04,-1.7223443574192312,-3.6735526922714503,-2.3310904295989783,-2.9394762747148846,-1.7507486040245168,-2.0261319396470108,-2.5766291648654245,-2.457023246783228
2013-09-05,-1.6703639855437002,-3.255341508981492,-2.3691127824705505,-2.6048351373527985,-1.7342023625916394,-2.1358117469367675,-2.555103274163739,-2.590220896443452
2013-09-06,-1.3056325817734726,-2.4507271986072725,-2.334739821633176,-1.9610047982325862,-1.7010320346889631,-2.0518369974376944,-2.511950219987139,-2.488240052927444
2013-09-10,-1.5314633741509327,-4.474236640701592,-2.415077883186957,-3.5801616458290666,-1.6829264873578842,-2.195366001795514,-2.488395744819831,-2.6625449364875284
2013-09-11,-1.1791070472457312,-0.42467851582103977,-2.396606877658965,-0.3398161197642161,-1.6547973945630958,-2.1499216087169906,-2.4518011031004714,-2.607356233134838
2013-09-12,-1.4412979440863392,-1.5273611810493708,-2.3820399612155114,-1.2221525946968437,-1.638099632317628,-2.1385527333905094,-2.4300780908673447,-2.5935496126621485
2013-09-13,-1.5430376728948259,-0.1604448362708304,-2.2881967695677106,-0.12838356466502746,-1.639280992880615,-2.036337017379418,-2.431614986026363,-2.469416525018715
2013-09-16,-1.2274642417662203,-1.0098022292169382,-2.3072517973273445,-0.8080160932990513,-1.6232010304937274,-2.029935816237819,-2.4106957026814713,-2.461642760930939
2013-09-17,-1.6271885237565216,-0.585335676801243,-2.2942048896427933,-0.46836958084778496,-1.593697319253403,-1.8547829910444842,-2.3723127462844147,-2.2489331909235246
2013-09-18,-1.587856482033548,-2.190722854627885,-2.308438015760684,-1.752956441649018,-1.575180545014986,-1.8084399218819052,-2.3482232840327675,-2.1926531149183837
2013-09-19,-1.3119755715514174,-3.9294122724971317,-2.426856169420218,-3.144208104835133,-1.5570334830041364,-1.9304918322725648,-2.324614800197516,-2.340875727651716
2013-09-20,-0.9065494862455831,-2.4008111184554957,-2.3517302453508195,-1.9210633177029603,-1.5276743280006424,-1.8763731884349706,-2.2864199047426914,-2.27515281711703
2013-09-23,-1.7592289186142553,-4.012174419136469,-2.461888957564969,-3.210432108373349,-1.527860575158111,-1.9053179219403649,-2.2866622036340396,-2.310303959047602
2013-09-24,-1.344644352582727,-0.40219013448311686,-2.4213840789974053,-0.3218215327970447,-1.5235628281607665,-1.8476022166447077,-2.2810710346363168,-2.240212695360803
2013-09-25,-1.1071083926084087,-0.8974947942510774,-2.390442912849975,-0.7181507590544217,-1.5027658561599944,-1.871387213910902,-2.254015141125353,-2.2690977363844644
2013-09-26,-0.7694556759815709,-0.18802889935124745,-2.3019429243566525,-0.15045557663200138,-1.4277649572378692,-1.7052195941715271,-2.1564424591797207,-2.067300004004736
2013-09-27,-1.3712332906125957,-2.157063337308094,-2.3345851185853834,-1.726023017558481,-1.4299917512919997,-1.7499148625354144,-2.159339414697916,-2.121578953285482
2013-09-30,-1.8260504864870397,-4.119688439255313,-2.299171217151501,-3.29646188331123,-1.4691607108624722,-1.7979796641257195,-2.210296409737127,-2.1799499402648834
2013-10-01,-1.7933674711914378,-2.1161483758017123,-2.2561439633949525,-1.6932839856992385,-1.4937401219911681,-1.8210036900225515,-2.242273080669583,-2.207910840369971
2013-10-03,-1.5088082756066548,-4.078738611714908,-2.3678938910986393,-3.2636949526062673,-1.4691288971923133,-1.8771790618349837,-2.2102550216315904,-2.276131488081703
2013-10-04,-0.9521204372984821,-0.23994937890740742,-2.2485215685288424,-0.1920009226803204,-1.4041094556881284,-1.687750876776273,-2.125667751647563,-2.046085596748535
2013-10-07,-1.3524602314166998,-0.5200101970929203,-2.157437272667647,-0.4160979207349554,-1.386495925878484,-1.5675900027772283,-2.102753368396759,-1.9001595015694293
2013-10-08,-1.1945754840077514,-1.1009284398900394,-2.1302382018021637,-0.8809327918513252,-1.3638393305672483,-1.485499414896206,-2.073278191431621,-1.8004668267264514
2013-10-09,-1.2304777288393451,-2.8510495734683454,-2.2161640773926026,-2.28133180092328,-1.3602605280465756,-1.5007530816910009,-2.068622335767032,-1.8189912262123047
2013-10-10,-1.121595573638538,-0.6527668695757536,-2.0862900416084886,-0.5223261748973016,-1.3407430137364615,-1.355141868789488,-2.043230957216657,-1.6421576612934934
2013-10-11,-1.2436621061939581,-2.297459897756784,-2.1300698500926147,-1.8383645008748182,-1.3438170641625677,-1.4265013155090407,-2.047230153877256,-1.72881819452171
2013-10-14,-1.353060481989774,-0.7837981907411433,-2.0609211371510567,-0.627173850179197,-1.3396152802532073,-1.3981689943415336,-2.041763828394704,-1.6944107800469492
2013-10-15,-1.4215322641481662,-0.8210003489214299,-2.037891212897736,-0.6569419984813045,-1.3338293084081283,-1.4233384435708802,-2.034236548072738,-1.7249771309864115
2013-10-17,-1.3332033158955554,-1.0467090286585412,-1.985966406797225,-0.8375479036260111,-1.3388645024142871,-1.4247447202531165,-2.0407871013375414,-1.726684945336878
2013-10-18,-1.3594221954933625,-3.272591385254282,-1.9213405682290108,-2.618638016008197,-1.3261137248779464,-1.527138455260755,-2.0241989326756604,-1.851034223293924
2013-10-21,-1.053986856002136,-0.40496724418000174,-1.8123877199592962,-0.324043699933356,-1.3006913617335931,-1.459094991369533,-1.9911256203682177,-1.7684006949443762
2013-10-22,-1.136204680113145,-0.12335774723359183,-1.707988261234366,-0.09870749154035055,-1.2923213192841518,-1.31407115264121,-1.9802365843496128,-1.5922804505653547
2013-10-23,-1.0722346857864518,-1.0170642645243069,-1.6601994967649338,-0.8138269751021249,-1.3002110906908597,-1.2613456125173608,-1.990500810074291,-1.528249356828938
2013-10-24,-0.862134871691228,-1.0872769766144952,-1.5473008412953637,-0.8700092647441663,-1.257492326551668,-1.1498969056778758,-1.9349256843575742,-1.39290351536996
2013-10-25,-1.5515551731395938,-0.9041355466513816,-1.563282742323042,-0.723464507287302,-1.2673452227686617,-1.1690227616059832,-1.9477438441748618,-1.416130389307054
2013-10-28,-1.7114047967458343,-1.9215918652792368,-1.5764237651307043,-1.5376051933478165,-1.296121242013301,-1.2080444013342402,-1.9851801071233093,-1.4635191550801432
2013-10-29,-1.2554444704507275,-3.7027724404298406,-1.6945013519360044,-2.9628571170927365,-1.3192635655594511,-1.341968284213323,-2.0152871939356425,-1.6261593609089042
2013-10-30,-1.136220087168623,-0.8683035082302003,-1.689784727903113,-0.6947926912996544,-1.3080724606335479,-1.2928620782009979,-2.0007280868149513,-1.5665236687409503
2013-10-31,-0.4738398385376736,-0.9153275632799456,-1.7007844574524031,-0.7324200525323973,-1.2436814773978635,-1.1707648481639106,-1.916958411814848,-1.4182460187994326
2013-11-01,-1.1226744936092674,-0.15556105018455535,-1.6329457306376256,-0.12447569276718035,-1.2117437165606173,-1.0960596913576222,-1.8754088700758351,-1.327522379234601
2013-11-05,-1.2401539453715025,-1.5482809700499036,-1.5535746872227179,-1.2388920370270107,-1.1989506532160863,-0.9996405049014669,-1.8587656895437943,-1.2104287287672721
2013-11-06,-1.0694080224271982,-1.4101817855399368,-1.5205537094588661,-1.1283888510298288,-1.204535776317454,-1.0442304062514436,-1.8660316749896861,-1.2645797179526153
2013-11-07,-1.2377825787094219,-1.3181480961901866,-1.4307528320273233,-1.0547460128891855,-1.1990749357123454,-1.07464222016355,-1.8589273752922746,-1.3015125156579863
2013-11-08,-1.291678634070642,-1.8514414461159658,-1.4790612090817516,-1.4814727488001824,-1.2036988952391499,-1.1032393609706381,-1.8649429316218968,-1.3362415331191826
2013-11-11,-1.6086311364594867,-2.5570634024154266,-1.53438016268723,-2.0460921168097546,-1.2217062003639183,-1.0920374712509466,-1.888369598247071,-1.3226377037609296
2013-11-12,-1.2453546728694498,-2.5820980154393567,-1.6141824665568336,-2.0661241286508614,-1.2275994908034857,-1.1655516595249256,-1.8960364950701372,-1.4119150040839004
2013-11-13,-1.3640525020724248,-1.2315041036114989,-1.5833304921002804,-0.9854158625234519,-1.2333323667976983,-1.12493505769867,-1.9034947001590907,-1.3625892801049193
2013-11-14,-1.4931266561771244,-2.5594101602913653,-1.5313212161348155,-2.0479699282028876,-1.2400021846161435,-1.1925920137950363,-1.9121718229934472,-1.444753424607775
2013-11-18,-1.3556972477043725,-4.2541851867354765,-1.6025891098326075,-3.404082497839507,-1.2368671838331058,-1.3234082280501889,-1.9080933327526803,-1.6036196070601383
2013-11-19,-1.1757489767897222,-0.4518953468128615,-1.4816943343358728,-0.3615942826694871,-1.2293693581613996,-1.300743769909402,-1.898339010203709,-1.5760953742065922
2013-11-20,-1.2713143488684837,-3.095083332834553,-1.576865466133444,-2.4766009330077594,-1.2251737464173575,-1.2939800992903334,-1.8928807144212303,-1.5678814189508559
2013-11-21,-1.6820782085237649,-4.617416677437634,-1.7134456821449349,-3.694730390653077,-1.2550828584421971,-1.454488989324606,-1.931791078387749,-1.7628070614226317
2013-11-22,-1.2986434161020408,-0.6505073818323416,-1.6984316468763447,-0.5205181946745756,-1.26281803634643,-1.4745752132833783,-1.9418541851543263,-1.7872002281136457
2013-11-25,-1.5641330537548634,-4.508342371434571,-1.7536747401418857,-3.60745211767457,-1.2862417681544498,-1.6076049819773044,-1.972327371029829,-1.948754601363616
2013-11-26,-1.0716964674183513,-2.258420845440055,-1.8071965393373621,-1.8071265201827753,-1.2962208917605034,-1.6522296131886667,-1.9853097468106926,-2.0029477672816127
2013-11-27,-1.4475424154453504,-0.40902646589734404,-1.7442487582753812,-0.32729177800149917,-1.2912679032988725,-1.6333642451274382,-1.9788661391367517,-1.9800372357277762
2013-11-28,-0.48083906971941404,-0.8879333651523984,-1.7477199307557563,-0.7104999653018059,-1.2326695353452335,-1.5939782818871517,-1.902632387261187,-1.9322060272050379
2013-11-29,-1.1932528708107664,-2.4301766430319285,-1.8013591405594396,-1.9445608063788633,-1.2297080306004735,-1.5454879813769675,-1.8987796072986294,-1.873318304670922
2013-12-02,-1.2033342703051404,-1.6734747771511742,-1.8222513321758604,-1.339068693398277,-1.2329039440831646,-1.5761677910007112,-1.9029373421291969,-1.9105765624567872
2013-12-03,-1.0809756345063102,-0.5574855485908454,-1.7317478042870793,-0.4460846708492265,-1.2618151724626239,-1.5625327728253222,-1.9405495058748017,-1.8940178866265291
2013-12-04,-1.1342826458429955,-1.1875358924961954,-1.757833425897619,-0.9502337039315806,-1.262367941616611,-1.60185458288077,-1.9412686328402977,-1.9417711860641782
2013-12-05,-0.9355488323303229,-2.2820054460721417,-1.8297883491922373,-1.8259982718123342,-1.2478629362336975,-1.629812022632452,-1.9223982953218604,-1.9757233360310675
2013-12-06,-0.9420423513737785,-0.6797040504333223,-1.8185430087225378,-0.5438805694225555,-1.2417979042787726,-1.6019782949368677,-1.914507970773318,-1.9419214247955732
2013-12-09,-0.8854786639386081,-2.5766214731432133,-1.8681878252734951,-2.0617419494647957,-1.2250215273849245,-1.649930482392849,-1.8926826845382407,-2.000155650611902
2013-12-10,-1.0726042253840946,-0.4375652884148405,-1.8526354833322773,-0.35012776232669174,-1.214589412685565,-1.596056911608397,-1.8791109884091333,-1.9347303623604808
2013-12-11,-1.3672434256332233,-0.9623679579161745,-1.8206613530868416,-0.7700604882548319,-1.2030947597890762,-1.5352935007248294,-1.8641569794937323,-1.8609378957704568
2013-12-12,-1.4776153842432977,-2.54047509152641,-1.7819181081233941,-2.0328186046593926,-1.2141547936640213,-1.533707523391902,-1.878545569271949,-1.8590118488673815
2013-12-13,-1.7197154894980413,-2.0704237880260683,-1.8219887841165898,-1.6566964225970697,-1.2310911263985747,-1.5656732643477886,-1.9005789506178155,-1.8978317708765744
2013-12-16,-1.5091942272987955,-0.6027542843113298,-1.811569674817636,-0.4823074736190498,-1.23185624883294,-1.491117909367606,-1.9015743393266273,-1.8072900540525385
2013-12-17,-1.0929496847527485,-0.7494409500604862,-1.831365671480167,-0.5996821269604361,-1.2193444601209578,-1.3575750345638409,-1.8852970840122236,-1.645112553086121
2013-12-18,-0.9907085224030362,-1.793717735220373,-1.839546896985849,-1.4352838159387948,-1.210533009912068,-1.408703107576665,-1.873833797024097,-1.7072036464719178
2013-12-19,-1.0579746710538545,-0.3724917416775768,-1.8049572288571036,-0.2980576920788461,-1.200373977635181,-1.3049629532467166,-1.8606173684282563,-1.5812192463021293
2013-12-20,-1.1201002360837975,-3.594839225486961,-1.8808469331669961,-2.8764919139351024,-1.1736131218047061,-1.2659992162601466,-1.8258027393762628,-1.5339007989339697
2013-12-23,-1.0476139072508024,-0.6663944194088168,-1.8413453656100913,-0.5332305671225879,-1.161659335668933,-1.2666045673290993,-1.8102514194663113,-1.5346359510243703
2013-12-24,-1.2360449525463033,-1.1006387224393952,-1.792797876277557,-0.8807009678803961,-1.1460360927542397,-1.1367592744817578,-1.7899263069172262,-1.376948877586883
2013-12-26,-0.36235920582174114,-0.2627505712626383,-1.7154862948049996,-0.21024581245811455,-1.1122581279163057,-1.0607173360186788,-1.7459827453430565,-1.2846018200092626
2013-12-27,-1.1774708329406878,-2.0743001020734178,-1.7435794947537302,-1.6597981429560833,-1.099397576368465,-1.1241700200641351,-1.7292517657967204,-1.3616602010215428
2013-12-30,-1.357347579011826,-1.662598816962251,-1.7136857833094263,-1.3303660478618886,-1.1411360768109606,-1.1536874525669962,-1.7835516140264316,-1.3975068416251188
2013-12-31,-1.2320701581943296,-0.9118025540094941,-1.6022730288852272,-0.7295994366363897,-1.1429845190673207,-1.095832149245926,-1.7859563514491381,-1.3272460469248935
2014-01-02,-1.2839763714915853,-3.3530181825921517,-1.6989771234112034,-2.68299333698218,-1.1468246191238183,-1.1598285608451595,-1.790952143057464,-1.4049647430307926
2014-01-03,-1.2314501518175593,-0.6113391117817554,-1.6161856493761102,-0.4891768174901549,-1.1539900723291157,-1.1618805678280608,-1.8002740644830024,-1.4074567469279797
2014-01-06,-1.0749959987277034,-1.240711323721245,-1.5036288042522303,-0.9927832279421148,-1.151166898656959,-1.1639067356380863,-1.7966012468134887,-1.4099173711466166
2014-01-07,-1.2136752587978445,-1.4988892683959638,-1.5319082004710178,-1.199370149812762,-1.1644110142030313,-1.1340673012571543,-1.8138312252857451,-1.3736796841471264
2014-01-08,-1.0209712023859105,-0.5153945289178303,-1.3988099390537931,-0.41240458944800323,-1.1681695309178948,-1.1278065403059852,-1.8187208807602417,-1.366076473817105
2014-01-09,-1.2266997182175512,-0.34176712014001853,-1.334921481543792,-0.2734726912295993,-1.1844181525502253,-1.0426508613424044,-1.8398595819407768,-1.2626614827312406
2014-01-10,-1.1385533478209933,-0.5893383068860812,-1.3409318762434166,-0.47157237584119693,-1.1875585869519825,-1.0484339381764283,-1.8439451410668337,-1.269684582617453
2014-01-13,-1.3374598404913005,-4.276917981807566,-1.453898030131922,-3.4222726579841933,-1.1861403209928432,-1.1747297557825884,-1.8421000430035543,-1.423061092685664
2014-01-14,-1.5661256007583837,-1.7786297947795604,-1.4321798018568432,-1.4232108591377703,-1.1903550932078475,-1.145700815519654,-1.8475832656677913,-1.38780768815574
2014-01-15,-1.4277271192753809,-2.879474971846946,-1.4723798083467023,-2.304077026358321,-1.1764508851020063,-1.1765284633178088,-1.8294945374696694,-1.4252454839791728
2014-01-16,-1.2008244174566762,-0.1993494334678717,-1.4604419378426032,-0.15951395805196183,-1.161766608442858,-1.1611573435289,-1.8103909763569892,-1.40657844690899
2014-01-17,-1.1325158200662462,-1.9447335807273776,-1.4856818607836426,-1.556122560380315,-1.163650710124453,-1.2067021260727036,-1.8128421050337586,-1.4618890655089478
2014-01-20,-1.3290458230650735,-2.1110004523552783,-1.479981694326414,-1.6891647583184317,-1.1797620101559787,-1.2187916947574482,-1.8338021571971195,-1.476570912368504
2014-01-21,-1.0472933782432123,-0.43573653826503067,-1.471849443920804,-0.34866444653186,-1.1792533771649956,-1.2212015402075918,-1.833140449327354,-1.4794974834296246
2014-01-22,-1.008509050210788,-1.1931934578085683,-1.4257351767429827,-0.9547607327784398,-1.173939511171043,-1.1296905315810841,-1.8262273567647167,-1.3683644356217843
2014-01-23,-1.110278790994602,-0.539660676595935,-1.429138356349019,-0.43182169636158646,-1.176923553254081,-1.1248615377353222,-1.8301094567563845,-1.3624999957912154
2014-01-24,-1.49088526915298,-2.6039891428683593,-1.483859062514092,-2.0836408093941894,-1.1890588064258274,-1.182144387331217,-1.8458968568418954,-1.4320655896826795
2014-01-27,-1.645018508031266,-3.445095906156497,-1.514013089668428,-2.7566714100955925,-1.250137820816757,-1.3034027491234776,-1.9253578143819767,-1.5793244989704112
2014-01-28,-0.8735393616894752,-0.5005236956718349,-1.4616830865899537,-0.4005053558794175,-1.2356648936143184,-1.2434364259293509,-1.9065292090846977,-1.506500033778549
2014-01-29,-1.1791674565005172,-0.5116210935073913,-1.4586453135631559,-0.40938518975721067,-1.2271801258756847,-1.199580194591033,-1.8954909207995947,-1.4532400301227573
2014-01-30,-0.43115475239448786,-1.143118022269209,-1.4717678826367797,-0.914691740431158,-1.1890412970280733,-1.2083941138193552,-1.845874077929607,-1.4639438538667768
2014-01-31,-1.4791944971187097,-0.656353052971288,-1.4338557265618104,-0.5251957406531236,-1.1983373982484125,-1.1056418473274954,-1.8579678733472909,-1.3391591671302339
2014-02-03,-1.4283726766962042,-3.9159578628416694,-1.5519712639339467,-3.133442254639019,-1.2077146613378718,-1.2315592490964888,-1.870167256582662,-1.4920761204090018
2014-02-04,-1.0257274248146926,-0.345696397433708,-1.4436665029988385,-0.27661679132808853,-1.2053685387705855,-1.1974560854482017,-1.8671150602176425,-1.4506604637245462
2014-02-05,-0.9887978417510939,-0.9390158851051377,-1.4527538851887158,-0.7513747990205736,-1.194660090339788,-1.1761229735057168,-1.8531838667534906,-1.4247530479395185
2014-02-06,-0.8341947533277804,-0.6820452917361411,-1.4388007708319404,-0.5457539666049335,-1.185765973717972,-1.182472943846523,-1.8416130346061468,-1.432464596178959
2014-02-07,-1.1597565415577975,-0.8305378171121222,-1.4577270123602566,-0.6645736193714497,-1.182578203400841,-1.2010967975675635,-1.8374658936553148,-1.455081827231389
2014-02-10,-1.3162779763124017,-0.6071834300807986,-1.4088231232938362,-0.48585155478440173,-1.1910412809480508,-1.2017767584696208,-1.8484759640099722,-1.4559075871980858
2014-02-11,-1.413522401363217,-0.3904049971220295,-1.3664166626324954,-0.31239138858268406,-1.1946633076562374,-1.053687174212406,-1.8531880523325854,-1.2760642318016833
2014-02-12,-1.1065174143048415,-0.9298790298125275,-1.3670192118259297,-0.7440637376018454,-1.1727772035394022,-1.0213468350916477,-1.8247152485834162,-1.2367893892710116
2014-02-13,-2.161617012520659,-3.4026515428130093,-1.368673657166625,-2.722708592764554,-1.2077243413129868,-1.0412816715871827,-1.870179849780166,-1.2609987075874753
2014-02-14,-1.537483595791598,-2.2077921860382945,-1.421888759641843,-1.7666148532492392,-1.2237557307575069,-1.1178102856441958,-1.8910359419856861,-1.3539367950625842
2014-02-18,-1.2945050297090144,-3.6946754792358663,-1.5036875648256638,-2.9563781504572373,-1.2314695026452578,-1.1844891232669064,-1.9010712005202028,-1.4349130902703002
2014-02-19,-1.5450596446175051,-1.701405715167624,-1.5104381130513858,-1.361418265190895,-1.2417558751001354,-1.1688821474036903,-1.9144532927662739,-1.4159596242253396
2014-02-20,-1.4460984088901832,-2.6240874341897023,-1.5807278765604482,-2.0997229117758125,-1.2607465908452293,-1.2522658838438787,-1.939159330879763,-1.517222728056102
2014-02-21,-1.6453108988800917,-3.3355847462026635,-1.680521797429203,-2.6690435785476643,-1.2910704884009103,-1.3338984003090797,-1.9786093115343226,-1.6163591105653166
2014-02-24,-1.4994073297833335,-1.353321235132954,-1.7059878950374319,-1.0828905955562673,-1.3096004188194215,-1.3649016812231123,-2.0027158893645085,-1.6540101992346754
2014-02-25,-1.3970064081588272,-0.6227441664765798,-1.5841821011930657,-0.498302829962439,-1.305129996867319,-1.289409396488267,-1.9969000782800548,-1.5623306536315633
2014-02-26,-0.5097760387107798,-1.0430814401114445,-1.5596638227041286,-0.8346452066016695,-1.2510708316615815,-1.1978843391790326,-1.9265716181059616,-1.451180544784264
2014-02-28,-0.9390479866825191,-1.088464220396525,-1.499963464322448,-0.8709592647093012,-1.2541902899945836,-1.2202869062661699,-1.9306298883419584,-1.4783867311926608
2014-03-03,-1.3851541251677513,-2.2014115799673952,-1.5666988692057653,-1.7615092669857921,-1.2639991789787377,-1.2846737670865787,-1.9433907967956645,-1.5565795977029153
2014-03-04,-1.0661208557549515,-2.5760362714854534,-1.5877422922310347,-2.0612736871223154,-1.2942356600911407,-1.3392729074052052,-1.982727052722396,-1.622886034080006
2014-03-05,-1.0907901907942055,-1.0181818333753077,-1.5513150049317024,-0.8147212230952974,-1.275740216932831,-1.3530598351405467,-1.9586653412140698,-1.6396291923309263
2014-03-06,-0.8352728069422931,-2.0010452965072005,-1.6034919635397746,-1.6011816534134757,-1.2474973659921684,-1.2800950446059969,-1.9219227054366972,-1.5510190931038443
2014-03-07,-0.514835090521789,-2.09073290174889,-1.633409945004452,-1.6729472192915924,-1.2231691595972682,-1.3465869697471162,-1.8902728401818552,-1.6317683975476693
2014-03-10,-0.5601783769211629,-0.11134844721782106,-1.6191328706918482,-0.08909797850775981,-1.202758708891081,-1.315049978294125,-1.863719792901853,-1.5934691586750522
2014-03-11,-0.687145229891362,-0.3683537937220498,-1.5446116923869713,-0.29474661943059843,-1.1957563506322042,-1.3030972474762994,-1.8546100504176706,-1.5789534908297427
2014-03-12,-0.8866918272507722,-0.20579554827212054,-1.4366350137908255,-0.1646719626100676,-1.1827532689985363,-1.2792924066781386,-1.837693645857342,-1.5500443513700588
2014-03-13,-0.8934850554200795,-0.9203132468038386,-1.4506279988285586,-0.736409459969659,-1.1626202727655683,-1.2912237354964842,-1.8115015539453276,-1.564534028140993
2014-03-14,-0.7197286053746915,-0.5267401376264244,-1.4511319669658598,-0.42148303486986255,-1.129582472956591,-1.2964185757958735,-1.768520912656055,-1.5708427602160857
2014-03-18,-0.9389010529342892,-0.4889224611468747,-1.429325448261782,-0.3912223656788773,-1.1216007414627551,-1.2796166057043037,-1.7581370511341803,-1.550438066032533
2014-03-19,-0.7881473195761115,-0.12571875950339906,-1.411637638479519,-0.1005967089091418,-1.05619742275111,-1.154754135044522,-1.6730503747535896,-1.3988022450585407
2014-03-20,-1.1659790433610384,-1.489835663407244,-1.3307668984983716,-1.1921257030076375,-1.0385067297782262,-1.1273975088425412,-1.6500356058155097,-1.3655797367155902
2014-03-21,-0.6110330036814354,-0.11695342388036478,-1.32314213271326,-0.09358292735701412,-1.005960442824532,-0.9910739267901496,-1.607694399895545,-1.2000252816947976
2014-03-24,-0.9875102594421196,-2.8170158389250233,-1.3857421311739229,-2.2540989384573322,-0.9794104721018946,-1.0335825302790276,-1.573154122562662,-1.2516486954750454
2014-03-25,-0.6942364919730609,-0.2054583771726749,-1.369855900688474,-0.16440216752874887,-0.9436075236772697,-0.941424399600596,-1.5265761515042207,-1.1397297679461376
2014-03-26,-0.8019549968312412,-0.20699332103556967,-1.349071084152589,-0.16563038757782855,-0.9034477188178006,-0.8222142476496513,-1.4743301128184667,-0.9949582512205892
2014-03-27,0.1921106640380018,-0.25309885208286104,-1.337268264885991,-0.20252277105493727,-0.8228992429215467,-0.7802919702924452,-1.3695402911925796,-0.9440468852147031
2014-03-28,-0.9739627113867613,-1.2480097452334842,-1.3658550898230395,-0.9986232249899945,-0.8027543049800195,-0.804116751008043,-1.3433326636730207,-0.9729802401631141
2014-03-31,-0.7335315771357349,-0.07429785903278452,-1.337335717463715,-0.059451112365544456,-0.8134093306193032,-0.7672027465206086,-1.3571943565695803,-0.9281510345073852
2014-04-01,-1.0530009678544032,-0.41505510649003535,-1.2377491695862823,-0.3321157311268433,-0.8188356630560596,-0.7415435306357295,-1.3642537627446,-0.8969898998150073
2014-04-02,-0.7019469770515087,-0.6843013692599009,-1.186966142360336,-0.5475592180632728,-0.7863019893362386,-0.683736385448943,-1.3219289660553883,-0.8267875894471044
2014-04-03,-0.724923726949818,-0.4238228949340603,-1.077937722883609,-0.33913147535916427,-0.7700545070121846,-0.6017296134602214,-1.3007917470619428,-0.7271967025278518
2014-04-04,-0.6098528183088118,-1.2602199804621539,-1.06323153172676,-1.0083935208779158,-0.747152727370023,-0.6109521038308223,-1.2709975966833744,-0.7383967043489055
2014-04-07,-0.6686944760413924,-0.3811967019536162,-0.9884685073188905,-0.30502316293151316,-0.7392204258985515,-0.5492302709507288,-1.2606780413220926,-0.6634403083130296
2014-04-09,-0.6441609891915661,-2.816995387676378,-0.9711821953680143,-2.254082573928165,-0.7453788020256839,-0.57690338307628,-1.26868980229816,-0.6970471643514381
2014-04-10,-0.3270439281221908,0.14347529259464908,-0.9212889777770942,0.11480500047733797,-0.7342771616066851,-0.567193717410323,-1.2542470843408398,-0.6852555257841371
2014-04-11,-0.5713960483968522,-0.7151685637781544,-0.92436979102048,-0.5722583019077222,-0.7287652958212322,-0.5804085594330431,-1.2470764032564778,-0.7013039301491023
2014-04-15,-1.0768183681917924,-2.0442270914067926,-0.957741312730325,-1.6357345432832737,-0.7378189406279475,-0.6504591585127196,-1.2588547741542935,-0.7863749690692713
2014-04-16,-1.0297075605974566,-2.5388477937086957,-1.0060874318407305,-2.0315164855045134,-0.7443057265887749,-0.712130921633427,-1.2672937810528961,-0.8612705592518722
2014-04-17,-0.7570547489383394,-3.8429507726749073,-1.060805404930981,-3.0750239801760837,-0.7460831619965677,-0.8384900142670565,-1.2696061418674451,-1.0147239119509137
2014-04-21,-0.6878314325750069,-1.6505030931567657,-1.0299542989866914,-1.3206873808792345,-0.7341274657889828,-0.8827502530861211,-1.254052337042885,-1.0684745514694987
2014-04-22,-0.7558167235745143,-0.27450160014262015,-1.0051649578789352,-0.21964866399985683,-0.7325879135984306,-0.8884193938047267,-1.2520494512323639,-1.0753592847487654
2014-04-23,0.04165905220471567,-0.4407638923597086,-0.9531555777406856,-0.35268719761883544,-0.675081337619109,-0.8484461316433551,-1.1772360699469102,-1.0268148470741023
2014-04-25,-0.5818294344156314,-1.9118954505409023,-0.9471943293670859,-1.5298463877825408,-0.6736906914635945,-0.9168396297588564,-1.175426903963822,-1.109873464937634
2014-04-28,-0.559481465500937,-0.9528911106129891,-0.9752457514802582,-0.7624773745389417,-0.6533083679425858,-0.8458100314770283,-1.1489104488438198,-1.0236135071456318
2014-04-29,-0.8737626226402623,-2.1124240135204113,-1.033381425473537,-1.6903038529826562,-0.6618572313076907,-0.9184720164986429,-1.160032122558506,-1.11185587247872
2014-04-30,-0.5509755506549106,-1.0110877251679107,-1.06022449803673,-0.8090447119594221,-0.6499058291088178,-0.9491107938501474,-1.1444839040396082,-1.1490642997410137
2014-05-02,-0.9745726136786028,-0.3757183987317505,-1.0420713364343268,-0.30063957470090275,-0.7054621756667513,-0.9537830225951934,-1.2167601275337707,-1.15473836047191
2014-05-05,-0.9687604650124858,-0.6452254525511171,-1.0460208469318166,-0.5162917394941325,-0.7052144496489285,-0.9308148566191999,-1.216437847503877,-1.126845297923705
2014-05-06,-1.0287319870766067,-1.1363421830540799,-1.0676015043287237,-0.9092698994280174,-0.7192716120270655,-0.971282417907889,-1.2347255620978612,-1.1759900236879872
2014-05-07,-0.665559635580514,-2.841024542825176,-1.158111697106116,-2.2733100459091533,-0.7008220247759278,-1.0637202424213323,-1.2107235069924602,-1.288248617764171
2014-05-08,-0.8222754432361353,-0.7355912575861852,-1.132970216912081,-0.5885999822763666,-0.7065519517371006,-1.0656745645267176,-1.218177875526559,-1.290621990926914
2014-05-09,-0.7542271540808595,-4.945786451164267,-1.2939313178215444,-3.9574828921303595,-0.7079473530290549,-1.2379770129443937,-1.2199932277210408,-1.4998699986235846
2014-05-12,-0.38234463040592226,-4.519061659264024,-1.3506661784995109,-3.6160293982789304,-0.6971136297955839,-1.3621501499634896,-1.2058990575639061,-1.6506686771641619
2014-05-13,-0.22160585237827166,-1.5447737889817916,-1.3953100255598148,-1.2360856867703414,-0.6758236953354354,-1.4064864606224814,-1.1782018428161156,-1.7045117000533418
2014-05-14,-0.42549877096593225,0.01432108469882154,-1.3879328787020018,0.01145933983441564,-0.6654112087532622,-1.2986035123480728,-1.1646556819547575,-1.5734961968021002
2014-05-15,-0.36233214490233423,-0.27804307256090843,-1.3887643527179365,-0.22248245325596758,-0.6670916000285072,-1.3146648196687065,-1.1668417928654273,-1.593001413290375
2014-05-16,0.3739921036277306,-1.4170920946246242,-1.3944004310309746,-1.1339182911405203,-0.6220731165987653,-1.341410533441697,-1.108274839288966,-1.6254820157009529
2014-05-19,-0.07575230920664228,-0.3929540178066263,-1.4050223029901028,-0.314431045136922,-0.5744033042661391,-1.2784913192442515,-1.046258630097009,-1.5490714925913758
2014-05-20,-0.11313893490950108,-0.09132920549497192,-1.3942314396236006,-0.07307912945030656,-0.5307571792333793,-1.1852323975273846,-0.9894770509801685,-1.4358157394178055
2014-05-21,-0.228523589309897,-0.3627607725269072,-1.383513419732501,-0.2902712370189925,-0.505589028774882,-1.0526251240437137,-0.9567344575561001,-1.2747744539493449
2014-05-22,-0.15903817111301963,-0.063554202123354,-1.3715044633054774,-0.050854332290662635,-0.48040839727669205,-0.9921568836347341,-0.9239756268797615,-1.2013404490892938
2014-05-23,0.004801920730030135,-1.0187139406171877,-1.3634542619773116,-0.8151470007400283,-0.4441884618336186,-1.020513947289028,-0.876855175100272,-1.2357779114021041
2014-05-26,0.21668207307564827,-0.7012868370936173,-1.374123933148645,-0.5611505243257863,-0.43585403226833597,-1.030440772370311,-0.8660124697879533,-1.2478332732967687
2014-05-27,-0.3538120766500052,-1.0587048042826992,-1.3155142470355226,-0.8471465948107597,-0.4249960628509252,-0.9979312584192739,-0.851886756472964,-1.2083529810089209
2014-05-28,-0.3673611146403472,-0.07868873840988722,-1.3229197147356735,-0.06296457381153983,-0.4158474747147067,-0.9646211250513026,-0.8399848687183425,-1.1679003983128102
2014-05-29,0.054522682160734234,-1.347007505135716,-1.3439810127809257,-1.0778385216957558,-0.37164341258132594,-0.9354561092757359,-0.7824774393777457,-1.1324817405890049
2014-05-30,0.03574395193107724,-0.12053302568614431,-1.2798578772569043,-0.09644722670493211,-0.3437043886486599,-0.9015228956921888,-0.746130068409779,-1.0912724751240666
2014-06-02,-0.6182153045433562,-3.148726582267371,-1.30018717020886,-2.519524792338298,-0.32673499297555286,-1.0071840965320649,-0.7240536737182852,-1.2195898378175252
2014-06-03,-0.1732787448294248,-0.608521366130534,-1.192372856657381,-0.4869221345758818,-0.2888549110620738,-1.0057855439169099,-0.6747734485778358,-1.2178914037495963
2014-06-04,-0.03383213811405851,0.05840650871882869,-1.1354092032615277,0.046735288983093606,-0.2414787277781429,-0.9602614873259047,-0.6131392371244402,-1.1626059552175652
2014-06-05,0.06826504830531925,-0.9902484288438551,-1.1592674308849023,-0.7923696776649125,-0.20653469521215084,-0.8897405174095122,-0.5676786756583754,-1.0769636872674824
2014-06-06,0.20621861630103974,-1.2862719929074031,-1.187451034236492,-1.0292396278774145,-0.1575587876151425,-0.9107233576762288,-0.5039632972610654,-1.1024457251720434
2014-06-09,0.15084467587778486,-0.8503532188278392,-1.15206629317939,-0.6804293612367662,-0.11446012904568323,-0.7546731895384385,-0.4478939465557135,-0.9129348558638551
2014-06-10,-0.004745289426148973,-0.11271408427899643,-1.1240603923015902,-0.09019072389008187,-0.0964792080466464,-0.5867761098056363,-0.42450160445125085,-0.7090368279785253
2014-06-11,-0.05194164006611886,-0.653470269786814,-1.0754286008438037,-0.522889016485607,-0.0883999598413058,-0.5528143636016013,-0.41399087822224856,-0.6677929118510673
2014-06-12,-0.2006341398947027,-0.5627874924265831,-1.060485259752426,-0.4503271411281502,-0.07769212026648535,-0.5748041960283902,-0.4000604768514111,-0.6944978639114999
2014-06-13,-0.5280130556235643,-2.4788607150499997,-1.130590003629701,-1.9835164677348858,-0.08558168744368677,-0.6586629586226244,-0.41032443688299797,-0.7963378502953002
2014-06-16,-0.35664967437513173,-0.19977165152773135,-1.1157415435955882,-0.15985180538223823,-0.12037415306287068,-0.6122788402531824,-0.45558781679914917,-0.740007923200796
2014-06-17,-0.3875198629442059,-2.4162041111026893,-1.158403607863875,-1.9333803689265563,-0.13522022705037373,-0.6893716651955458,-0.4749018687124209,-0.8336312011927229
2014-06-18,-0.12153882693970626,-1.9290961509633542,-1.1280059948018144,-1.543609917269037,-0.13562022190895492,-0.7593969408059615,-0.47542224342361944,-0.9186714867165273
2014-06-19,-0.501449823903008,-0.6800565860772179,-1.1261548390848486,-0.5441626587916293,-0.14861670927053164,-0.7714870085094205,-0.49233006914259186,-0.9333539395957468
2014-06-20,-0.5265804078050765,-1.001020255285061,-0.9946626325555419,-0.8009889982277796,-0.16611872054158197,-0.8072077068873785,-0.5150993719603119,-0.9767339672027985
2014-06-23,-0.5245564522626953,-0.8412066053789592,-0.8720674640927065,-0.6731104916085898,-0.19132626211266412,-0.8004440635954052,-0.5478932113901611,-0.9685200451337075
2014-06-24,-0.2980293539436372,-2.3283853423335095,-0.8981878492044303,-1.8631101948210471,-0.21583633006596345,-0.8624421431427985,-0.5797796700758935,-1.043811921398078
2014-06-25,-0.3144808248154359,-0.40685526628629265,-0.9122270609039342,-0.32555444352477236,-0.2139634133119363,-0.8376044216529897,-0.5773430924697892,-1.0136484281616458
2014-06-26,0.3770576632772564,-1.583125020866842,-0.955729792514132,-1.266773292386933,-0.17851490007776472,-0.8949286463470559,-0.5312262251128428,-1.083264268912282
2014-06-27,-0.2831239488001299,-0.5752891920101603,-0.9276696957603165,-0.4603306588119582,-0.1945933110759011,-0.8655235100192562,-0.552143490173109,-1.0475540033348263
2014-06-30,-0.30006481001894697,-2.4283436179859947,-0.9955160157662954,-1.943094069929209,-0.21058420450209273,-0.9534590739823169,-0.5729468989418542,-1.154344949917022
2014-07-01,-0.04340298291716835,-0.46688866307274113,-1.008034664352221,-0.3735915237919391,-0.18321218918656,-0.8512717754801093,-0.5373371798187999,-1.0302463731419615
2014-07-02,-0.05518204635431414,-2.193195967735322,-1.069049170859168,-1.7549353590385226,-0.17758853687822138,-0.9116533575973779,-0.5300210696662524,-1.1035751382038699
2014-07-03,-0.026750766044936702,-0.28526925705148076,-1.0764396726901058,-0.22826464821711187,-0.17725132868445367,-0.9247485927021496,-0.5295823774863877,-1.1194782892104684
2014-07-04,-0.13435408101466323,-1.4659442019425275,-1.0913473480676172,-1.1730084097423068,-0.1868998586520719,-0.9428742466105969,-0.5421346663162967,-1.1414904950924651
2014-07-07,-0.06814417649476136,-0.40037996273903587,-1.0813171189224642,-0.32037308293376116,-0.19996475354711005,-0.9091186968513755,-0.5591314870553428,-1.100496988611925
2014-07-08,-0.600166096142315,-3.642476817060367,-1.16744285268172,-2.914610210294151,-0.23572717126235293,-1.0155082610922033,-0.6056567295455616,-1.2296988923663374
2014-07-09,-0.24387631103814614,-0.8891315436482485,-1.194457612856332,-0.7114587149255244,-0.24711436276768609,-1.0450924511415098,-0.6204709361880385,-1.2656266048509035
2014-07-10,0.12498201617656493,-0.8962653132180969,-1.1794328731257449,-0.7171669619976213,-0.23868942675612975,-1.0543437818801773,-0.6095104861976799,-1.276861631070128
2014-07-11,-0.4893945844727347,-2.4820761655654127,-1.258150977788387,-1.9860893831914848,-0.2524399241169884,-1.1274753172165266,-0.6273992438641501,-1.3656742289725956
2014-07-14,-0.8157922207803291,-0.24975889148435715,-1.1615187214289533,-0.19985022603919825,-0.26614369388635817,-1.042538829516732,-0.6452272111069328,-1.2625254287370238
2014-07-15,-0.7057836804733909,-2.303080218997754,-1.2180040165245274,-1.8428617280355624,-0.28276912274818,-1.1226821591668903,-0.6668561209714484,-1.3598533089469533
2014-07-16,-0.36732757267232,-2.112256328610024,-1.290359444435489,-1.6901696761089315,-0.2818075851161854,-1.1111006976041462,-0.6656052052238548,-1.3457885189194474
2014-07-17,-0.3690756637623756,-0.3416978145582173,-1.2687410906259677,-0.2734172348007753,-0.29359505353631254,-1.0506153317723244,-0.6809401535195474,-1.2723337165568445
2014-07-18,-0.35465324162114215,-0.8335557682104354,-1.2536505498027355,-0.6669885012024371,-0.2866047400943189,-1.0564641814109341,-0.6718460807820442,-1.2794366924311613
2014-07-21,-0.5016184217485758,-0.8521094430488767,-1.2537090906101034,-0.6818346437693076,-0.2854160740916284,-1.0507901645319593,-0.6702996815856754,-1.2725460374319666
2014-07-22,-0.2601923520718325,-2.44360272155358,-1.3314053785192563,-1.9553039867774682,-0.272827307415873,-1.1118469976352392,-0.6539222815198888,-1.3466948426315264
2014-07-23,-0.23588599171707986,-0.856780042606553,-1.3381823709465808,-0.6855719296444679,-0.26986809969079895,-1.055773746912545,-0.6500724898731313,-1.278598213091142
2014-07-24,-0.3235284389140554,-1.1310943561054103,-1.3571259330692085,-0.9050707320002908,-0.27029893845739983,-1.0833697606494743,-0.6506329910744174,-1.3121114390948998
2014-07-25,-0.4303554223382504,-0.9719723741443715,-1.3068963217056875,-0.7777456791314096,-0.30874718062956685,-1.0600827314468304,-0.7006523662918902,-1.2838311418003692
2014-07-28,-0.557453821889551,-1.4271402828308455,-1.347808609415791,-1.141958576202498,-0.32181050791953925,-1.0925412037035227,-0.7176471476496397,-1.3232494478950476
2014-07-30,-0.1433896067876089,-0.7918731621921118,-1.2936642444521054,-0.6336352212244685,-0.3143497839561422,-1.0301860204318687,-0.7079410926979443,-1.2475238967553122
2014-07-31,0.41349750711644917,-0.9272517608034492,-1.2602694314467753,-0.741961468880962,-0.2925926177640652,-1.0477274463884885,-0.679636031193254,-1.2688266029402164
2014-08-01,-0.11250655662654056,-2.3345679128447996,-1.3154198090056946,-1.8680573184523275,-0.29532235634845694,-1.0531142063605745,-0.6831872941583303,-1.275368406625831
2014-08-04,-0.24994064843442515,-2.1006697124148217,-1.35207479091002,-1.680898383095583,-0.3059504459860516,-1.1222872413547875,-0.6970139445692201,-1.3593737117842588
2014-08-05,-0.12539721513064023,-1.9858834514879802,-1.3902306857803206,-1.589049560192473,-0.3055239285630029,-1.1420987247095573,-0.6964590652349523,-1.383433227244261
2014-08-06,-0.13094539304934524,-2.395353389399766,-1.3924629540158626,-1.9166961923567276,-0.3085144626846497,-1.218114110872556,-0.7003496110669694,-1.4757480391054534
2014-08-07,-0.29207902732287705,-0.9522470284420388,-1.4106426794210543,-0.7619619976220791,-0.29384364988372413,-1.1156070531262665,-0.6812635658077657,-1.3512611394401426
2014-08-08,-0.7828538952477376,-2.4116254945714153,-1.4382593618778732,-1.9297166853504333,-0.31950924913179996,-1.1736193374322146,-0.7146533169756392,-1.4217125754146713
2014-08-11,-0.44969436511223027,-1.9398226030791808,-1.483743808913507,-1.5521929305391806,-0.34687479109793307,-1.2133824787913365,-0.7502546145721363,-1.470001837613593
2014-08-12,-0.4482098548531434,-2.989464980739802,-1.5024478543386341,-2.3920880197153584,-0.3449136134970001,-1.2327157471972352,-0.747703213708349,-1.493480597975679
2014-08-13,-0.364027286879177,-0.2508924783084438,-1.4952479815131574,-0.20075729117582808,-0.32340099759694524,-1.23275894077517,-0.7197163007619576,-1.4935330532379876
2014-08-14,-0.4503925539075949,-1.4078314504206368,-1.4690691642693348,-1.1265081772245105,-0.3112395153795264,-1.198646866927025,-0.703894777907681,-1.4521065758044038
2014-08-18,-0.5014755874396544,-2.3546733557248434,-1.5380493008917802,-1.884145143315398,-0.31762751608273276,-1.2078837939368565,-0.7122052697796467,-1.4633241098081085
2014-08-19,-0.09516017196338995,-0.4186045509760225,-1.5031379791928965,-0.3349558994132346,-0.30458392123516204,-1.2108142065374499,-0.6952361594119005,-1.466882869442893
2014-08-20,-0.18501144563369204,-0.7565851395888958,-1.5150114850878922,-0.6053987117980533,-0.2965057404738549,-1.2078813594229552,-0.6847268218779495,-1.4633211532791197
2014-08-21,-0.11188323386762025,-0.6367486181095146,-1.4148205451228637,-0.5095088086876142,-0.27794692200333315,-1.199675367276208,-0.6605826620353964,-1.453355609993751
2014-08-22,-0.2779557168149915,-0.7536788954543482,-1.4103054568497335,-0.6030732148206981,-0.27879279651491223,-1.135283425754457,-0.6616831054416804,-1.375156573364364
2014-08-25,-0.40295389970486983,-0.4047821186978712,-1.3939226836990593,-0.3238955675916823,-0.2867484111809974,-1.1180607418471813,-0.6720329901850877,-1.354240954765312
2014-08-26,-0.35277063087628685,-0.020331507046090547,-1.3118645284150818,-0.016268715218625416,-0.2881408965125323,-1.0757368362861497,-0.6738445488506564,-1.3028418423445776
2014-08-27,-0.3864667341795779,-0.7897170345615561,-1.329863133184322,-0.6319099469338316,-0.28605095898116695,-1.0687922776100744,-0.671125637304731,-1.2944082125230278
2014-08-28,0.4020367291041214,0.08535308098645777,-1.2502486898515148,0.06829719825752108,-0.24036093274337295,-1.0111610502548356,-0.6116850377618264,-1.2244195407662284
2014-09-01,-0.5026304891305445,-1.5434252509395754,-1.2312876539291664,-1.2350066235547832,-0.2574676414263699,-1.0397977836991363,-0.6339400702941134,-1.2591966404255146
2014-09-02,0.12339914752326296,-1.267220817715671,-1.2621384207010817,-1.0139953991504524,-0.27128184902604546,-1.052751780378636,-0.6519117120187496,-1.274928268279832
2014-09-03,0.28916433742863124,-0.5021924430000291,-1.2510929765274015,-0.4018406417976079,-0.2521546635948468,-0.9829319386331731,-0.6270281331894972,-1.1901374663086384
2014-09-04,-0.10972420360240466,-0.3572652194355488,-1.2345981690736239,-0.2858738459151519,-0.24547769003141723,-0.9165021987674383,-0.6183417010636587,-1.109463681075955
2014-09-05,-0.06884446926288036,-0.37529282067691005,-1.165654505711068,-0.3002990387946465,-0.24278470213295245,-0.8551331263199226,-0.6148382490320614,-1.034935685323354
2014-09-08,-0.017686452004837667,-2.163406841695034,-1.2092087323473508,-1.7310989160703465,-0.23739141922607118,-0.8462951607824761,-0.6078218387586013,-1.0242026591952542
2014-09-09,-0.01146696284597516,-0.7479368600311881,-1.1964368158115435,-0.5984785953041573,-0.22402893996526632,-0.838510236862575,-0.5904378745974063,-1.014748470730325
2014-09-10,-0.002931435387407533,-1.7727331308121856,-1.223128841033804,-1.4184925100942054,-0.1868897752100125,-0.8141662285170403,-0.5421215482270587,-0.985184553952392
2014-09-11,-0.04567528157944956,-0.37282112861715366,-1.187984869226681,-0.2983212584885846,-0.16765077123226102,-0.7544580536574881,-0.5170924986683189,-0.9126735899626078
2014-09-12,0.05762960587383427,-0.6189580238229306,-1.1822210312810415,-0.4952732622835809,-0.14356317786430972,-0.6641335413988321,-0.48575565977299834,-0.8029814502985128
2014-09-15,-0.370879851874007,-2.1688324022174115,-1.2236070526615068,-1.7354403010370332,-0.14388949048311114,-0.7372136847255562,-0.48618017731647767,-0.8917316365769765
2014-09-16,-0.43563094932498025,-2.951742478399227,-1.244179538179988,-2.3619035062643117,-0.14318655693155807,-0.7960420337274514,-0.4852656934524133,-0.9631741200574852
2014-09-17,-0.17897034249879668,-1.1369688929201514,-1.2120561775301655,-0.9097713755022064,-0.12782916431532676,-0.7496432828792042,-0.46528643977955225,-0.9068264229483016
2014-09-18,-0.36501717548602297,-4.270959395046788,-1.2882253756487925,-3.417504760016924,-0.14067949781640451,-0.8964313238603322,-0.4820041261221901,-1.0850891546219814
2014-09-19,0.19762855436346924,0.006936417407943596,-1.208149048755202,0.00555033127606099,-0.12245854543558732,-0.8673385122853745,-0.4582995143515233,-1.0497581833197187
2014-09-22,-0.3097545701302719,-1.089751086346839,-1.212732517352029,-0.8719889796056316,-0.1318809900195231,-0.88459947280528,-0.47055767661026265,-1.07072028590671
2014-09-23,-0.39898385082006005,-3.167736826250032,-1.2379362284079825,-2.5347362690325443,-0.13764423449595492,-0.9765834277677489,-0.4780553896824445,-1.1824276904892577
2014-09-24,-0.1697230923833412,-0.2298613743659283,-1.1809375207842077,-0.18392877767712504,-0.12653800557588216,-0.9699183425337222,-0.46360670229859263,-1.1743334595647625
2014-09-25,0.31291952687058316,-1.246092757888822,-1.1228251133558413,-0.9970893042079628,-0.09483847425460262,-1.016624084866548,-0.42236708608214746,-1.2310539741069997
2014-09-26,-0.5071055157136525,-1.6448153765744287,-1.1692892099647076,-1.3161362258117555,-0.10058317813717761,-1.0492062886226394,-0.4298406787038617,-1.2706225425454603
2014-09-29,-0.534452479893983,-0.6131585529965424,-1.1428001133839045,-0.4906326845300797,-0.14517790237518258,-1.0758219973268108,-0.4878563412767335,-1.302945263847031
2014-09-30,-0.013561557138499455,-0.4012455465409026,-1.0776858530777733,-0.32106569939050006,-0.12188890561365662,-1.0323010009380358,-0.457558439431521,-1.2500923771297754
2014-10-01,-0.5336485715217715,-0.6139355910416043,-1.084196887746626,-0.49125444909679344,-0.15317689223484873,-1.0074085747450043,-0.4982626551300373,-1.2198624492589774
2014-10-07,-0.731728019669877,-2.130063821602819,-1.1299795104804236,-1.7044187443949526,-0.20179081400144436,-1.0694361034401159,-0.561507106794371,-1.2951900892373578
2014-10-08,-0.30573395987311675,-0.2598677687385903,-1.1174168155013926,-0.20793907281560037,-0.21112461191909732,-1.0657249237687085,-0.5736499438623585,-1.2906831483344408
2014-10-09,-0.34222915992387515,-3.165005635098967,-1.1977943734895464,-2.532550844659251,-0.22414293052200185,-1.1720226288098803,-0.5905861710111427,-1.4197734961899489
2014-10-10,-0.6184356455685278,-2.2717886328613193,-1.2600279239616614,-1.8178230576389842,-0.25275003497741566,-1.1761523498369584,-0.6278026836733687,-1.424788723223545
2014-10-13,-0.5220246055601017,-1.047106249468463,-1.294253748709074,-0.8378657488413648,-0.2770623036780884,-1.1875517381006349,-0.659431814729126,-1.4386323993003522
2014-10-14,-0.3176466936916159,-0.1728970109736608,-1.273693081256144,-0.13834745389535788,-0.29204874454971735,-1.1265924497102136,-0.6789284774315664,-1.3646020546160926
2014-10-16,-0.48946513426492116,-1.9835194969592655,-1.3426555005210015,-1.5871579885086695,-0.31318159467759693,-1.1879656273302177,-0.7064213327675181,-1.439135035783424
2014-10-17,-0.2730197665104701,-0.6271309175256654,-1.3121123560738712,-0.5018129880333975,-0.3289268028863733,-1.1882770428421137,-0.7269051164928022,-1.4395132258557561
2014-10-20,-0.39831985344077186,-1.549621967101003,-1.3215257277200492,-1.2399650661479655,-0.3302334696276478,-1.1646829840378723,-0.7286050291630182,-1.4108600648379983
2014-10-21,-0.22141222997163193,-0.8175674307750153,-1.3320382273125484,-0.6541950713811014,-0.32003257822986936,-1.0833635347577193,-0.7153341437973527,-1.3121038782305139
2014-10-22,-0.30250184108565875,-1.1561555341981669,-1.3586679044713024,-0.9251240004820646,-0.32591503054352944,-1.0840946121377126,-0.7229869407225878,-1.3129917152092716
2014-10-27,-0.41396888856920466,-0.26403320252991713,-1.3549592505330692,-0.21127213887703478,-0.3282460644998714,-0.9314168682739085,-0.7260195075063911,-1.127576394553583
2014-10-28,-0.32177978699227294,-0.8846221907821079,-1.3123330955026384,-0.7078504542376555,-0.35297979504062105,-0.9653883342507519,-0.7581969408180554,-1.1688321145939518
2014-10-29,-0.1308921043667534,-1.1294860780901907,-1.3250514027712719,-0.903783831970565,-0.34446253476616784,-0.9669023748395585,-0.7471163812547588,-1.17067079988072
2014-10-30,0.5353285981401373,-0.9785631356123619,-1.2985790695979442,-0.7830194259891098,-0.29997146576806316,-0.8834872870755854,-0.6892355693290145,-1.0693696222901192
2014-10-31,-0.036556235746279135,-2.5760949416473737,-1.372021530032285,-2.061320633379371,-0.293630186880584,-0.9728868992518829,-0.6809858603667394,-1.1779385422824726
2014-11-03,-0.02576952940668809,0.021293450208808018,-1.350679814231227,0.017038435797395543,-0.3097582371795017,-0.9245951021087704,-0.7019677038490877,-1.119291886746895
2014-11-05,-0.049160009427253834,-0.01602197251314763,-1.2789194665744184,-0.012820343689532856,-0.2879513083087208,-0.8625324410553313,-0.673597903413375,-1.0439215812344307
2014-11-07,-0.06048717832730592,0.01644030953778519,-1.1799800403098513,0.013155085521696995,-0.2653815320436409,-0.8385425472433419,-0.6442356739901874,-1.01478770919075
2014-11-10,-0.22692340142836356,-0.28100248792290383,-1.1514478268099428,-0.22485049639358579,-0.2755416198669678,-0.8339608709101556,-0.6574534758028632,-1.0092236173659708
2014-11-11,-0.06371432200061848,-0.4817700341449742,-1.0251415147798826,-0.38549918944053224,-0.2531637984611986,-0.8289249061646192,-0.6283409707257116,-1.0031078273727856
2014-11-12,0.00229511837320195,-0.43238357179234965,-1.0397855144198922,-0.34598149457173283,-0.2182103156972425,-0.7642374180777993,-0.5828681149915311,-0.9245498722806014
2014-11-13,-0.11469931577806404,-0.7359505832619484,-1.0279921643170626,-0.5888875048430156,-0.20911342788319237,-0.7823778196029142,-0.5710334869519788,-0.9465799880033129
2014-11-14,-0.1503055828882011,-0.4985579535321325,-0.9390195352264659,-0.3989324228454041,-0.19997420992911258,-0.6807769423736835,-0.559143789368605,-0.8231935745443758
2014-11-17,-0.10051253542603902,-1.239431667156921,-0.972671878319499,-0.9917592817990454,-0.17531120468423222,-0.6414405720955911,-0.5270583663781307,-0.7754225928415706
2014-11-18,-0.06443887420164617,-0.03316738987972301,-0.9322410327191957,-0.02653963718848365,-0.15352140795287716,-0.6028059953502158,-0.4987108540591643,-0.7285038851481251
2014-11-19,-0.2702617960405136,-1.1750009850742222,-0.9165805530025222,-0.9402036142447889,-0.15126498425520563,-0.6409896220335222,-0.495775351752504,-0.7748749488415858
2014-11-20,-0.43935098507630826,-0.49725928145367576,-0.9127172439510933,-0.39789326100861067,-0.14887859619860505,-0.5843579683430432,-0.4926707718582375,-0.7061001820514183
2014-11-21,-0.16010845132633122,-1.6022013967712758,-0.9527491056254391,-1.2820376860341502,-0.14350186690412223,-0.621511525390698,-0.4856758970647625,-0.7512203057783938
2014-11-24,-0.31753837840464194,-0.8518173835453546,-0.9606784987088974,-0.681600945751796,-0.13965512999763985,-0.5949227577527851,-0.48067147122322085,-0.7189303023197302
2014-11-25,-0.06009596070878731,-0.32191999787108594,-0.9004070379178396,-0.25759156744617545,-0.13197340288988535,-0.5760368766130268,-0.4706779014573928,-0.6959948592173143
2014-11-26,-0.265106480667917,-0.1288138706416877,-0.8960385746479429,-0.10307333209131254,-0.13019267144142144,-0.5368916066896576,-0.46836125264719697,-0.6484559541266708
2014-11-27,0.48354368437380224,0.09663230232507797,-0.7873173100671413,0.0773225223237539,-0.08745397749175446,-0.5231490037753344,-0.41276019917379086,-0.631766624945359
2014-11-28,0.1988608736761068,-1.1168785387375917,-0.7488203069296837,-0.8936956242017023,-0.06266156507897445,-0.5319987737736224,-0.3805064234753302,-0.6425139866788766
2014-12-01,-0.19184330448188183,-0.5308506549952887,-0.7316117871139113,-0.42477215831377024,-0.06556400317969487,-0.5091886940756797,-0.384282360480599,-0.6148129076981143
2014-12-02,-0.18257531588088932,-0.5397429026932131,-0.743839983504563,-0.431887491433104,-0.09974990384736279,-0.4924681257634889,-0.4287566276001811,-0.5945070696847116
2014-12-03,0.029385599261556743,0.0007903118417416088,-0.6776963232111962,0.0006323858953529845,-0.09660981646603728,-0.39427988675040687,-0.424671519931569,-0.4752650416032105
2014-12-04,-0.1663174826107383,-0.6165441739598515,-0.6773434317590024,-0.4933417657194585,-0.10330257614242062,-0.41858370587025706,-0.43337848905630394,-0.50478015167246
2014-12-05,-0.1409874993639239,-0.43311069013224585,-0.640126389193377,-0.3465633147572801,-0.10767531375845255,-0.4344762283020545,-0.4390672173618646,-0.524080391957305
2014-12-08,-0.6685617664454626,-1.721006407466763,-0.6702410217497687,-1.3771022024602637,-0.1366312465259838,-0.5006789563011955,-0.4767375394375911,-0.6044784888219792
2014-12-09,-0.3991906760114128,-2.004340351619418,-0.6985138489971437,-1.6038182662886955,-0.14483445007755757,-0.5663440882009626,-0.48740952580810215,-0.6842237167705554
2014-12-10,-0.39053248634656057,-0.29736397371914347,-0.6996248747034512,-0.237942509315658,-0.16039721980831673,-0.5593175796235877,-0.5076559655569001,-0.675690565127143
2014-12-11,-0.39516975802133375,-1.3896439898858848,-0.7164589346735771,-1.11195506931573,-0.179324118684247,-0.5957925117542542,-0.5322789808911005,-0.7199865513380403
2014-12-12,-0.37345921667313053,-1.6223797816387908,-0.7328887247918637,-1.2981838770782892,-0.1916460187268692,-0.6295685294797435,-0.5483091998765157,-0.761004914581804
2014-12-15,-0.5366952067566965,-0.2595109129039735,-0.7089203173682509,-0.20765352654820737,-0.21004552462536902,-0.6204600106084484,-0.5722461014709246,-0.7499433223386927
2014-12-16,-0.5351148201869578,-2.3531058063144474,-0.7014873461904867,-1.8828908332000167,-0.23074087151874606,-0.6628948463894471,-0.5991697854427488,-0.8014771509386492
2014-12-17,-0.13104439696954806,-0.5008832721204761,-0.7188932369347962,-0.4007930791076567,-0.23391256307912237,-0.6807164388617886,-0.6032960086787071,-0.8231200977050219
2014-12-18,-0.5865564443946489,-2.365151997622638,-0.7971975711051125,-1.8925298656346399,-0.24897421300074785,-0.726065307975591,-0.6228905148579619,-0.8781927945848579
2014-12-19,-0.07805139612033712,-0.8463009368484589,-0.8259556126513207,-0.6771868361569156,-0.23176947066951112,-0.7393650020302722,-0.6005079451078931,-0.8943442451850909
2014-12-22,-0.6078794601255688,-2.1631029095294085,-0.8886922933715374,-1.7308557178737185,-0.253091899659951,-0.7607372892607278,-0.6282474337285926,-0.9202992363298078
2014-12-23,-0.3890684027895667,-1.500803731386151,-0.9226600832795767,-1.2009020506754648,-0.25649809129732837,-0.7854659133047122,-0.6326787306604439,-0.9503302391495733
2014-12-24,0.8482511098665736,-1.1742168345132407,-0.9473878587036064,-0.939576158437592,-0.21324346888897786,-0.8179413700185889,-0.5764064782530343,-0.9897691715549066
2014-12-26,-0.7668931010953308,-1.561152660062648,-0.974894594596963,-1.249191610921118,-0.23713806986171188,-0.8725184309152464,-0.6074922430163499,-1.0560487941803613
2014-12-29,-0.7079987599229681,-1.9976164380032546,-1.0248632107460005,-1.5984379747280146,-0.2938781862567962,-0.9523165498224735,-0.6813084960231863,-1.1529574426216351
2014-12-30,-0.6365789696347092,-0.4269375560096541,-0.9977800737077582,-0.341623741865848,-0.3336610359382636,-0.9260274125683853,-0.7330641335508273,-1.1210313171080413
2014-12-31,-0.2864734557046108,-1.4574139113623867,-1.0452549577571804,-1.1661827047974722,-0.3381672336155364,-0.9613326766866567,-0.7389264871901514,-1.1639068319123635
2015-01-02,-0.3711865730339083,-3.553293270946501,-1.1245313672862562,-2.8432479787279137,-0.34714872205139446,-1.0761593665578382,-0.7506109860047627,-1.3033549727054883
2015-01-05,-0.3145269586724411,-0.6125511329054412,-1.1283744290013153,-0.490146643605627,-0.36352551052444193,-1.0995297965340751,-0.7719164262852949,-1.3317365537941552
2015-01-06,-0.5903217100153114,-4.552954327135394,-1.2267328600134524,-3.643149383056686,-0.38371618801989776,-1.2495206354548958,-0.7981835588376195,-1.5138888360464267
2015-01-07,-0.31199640240792204,-0.4551481581226577,-1.2135105524993626,-0.36419709321073407,-0.3918594691172311,-1.2503603391907745,-0.8087775888815661,-1.514908591339527
2015-01-08,-0.4210373444455546,-2.6852219415690777,-1.292287283955962,-2.148641070588703,-0.3800725918791402,-1.2871002852921287,-0.7934434096862126,-1.5595264165369707
2015-01-09,-0.1715918078043178,-1.1403119127737444,-1.3260038853603642,-0.912446368450099,-0.3692345505359452,-1.2541778139664812,-0.7793436218691198,-1.5195446194318996
2015-01-12,-0.49090572119165,-1.3870802516423777,-1.3754609704926124,-1.1099036361738501,-0.37401422838571136,-1.2956997723883,-0.7855617604959922,-1.5699698290282724
2015-01-13,-0.31665992788993197,-0.6964739785557063,-1.3614474851532166,-0.5572994067099938,-0.3702756650461208,-1.269287597978503,-0.7806980634348912,-1.5378942843976484
2015-01-14,-0.29424332185855845,-0.520589338002404,-1.3611054412534536,-0.41656133343262153,-0.3665034795787602,-1.2273055720906139,-0.7757906255489949,-1.4869103584187435
2015-01-15,0.16034557067997915,-2.519019080897359,-1.4270813138602585,-2.015650092464968,-0.3333110616055852,-1.313400646658079,-0.7326088332178671,-1.5914661728669974
2015-01-16,-0.051904826459748775,-0.15556360695231802,-1.4322931111533939,-0.12447773862273434,-0.3103010619042895,-1.2296666897734463,-0.7026738935746127,-1.4897777533722525
2015-01-19,-0.12361702308072896,-0.7061007301965496,-1.4352783296946172,-0.5650024697721802,-0.3099473774333934,-1.237486184566995,-0.7022137665243532,-1.4992739254915148
2015-01-20,-0.041877679010451196,-2.5170738918682876,-1.504743769752485,-2.0140936054672935,-0.2840102933674792,-1.2432749340828357,-0.6684708262325532,-1.5063039144113963
2015-01-21,-0.0593806178499731,-0.11781238634667496,-1.4513039690484821,-0.09427024560234686,-0.28312120868793805,-1.2155170011992849,-0.6673141684070294,-1.472594050117529
2015-01-22,0.12600150108062946,-0.1358216326749035,-1.3890200117503317,-0.1086807513829489,-0.24817449624954765,-1.138270574223534,-0.6218501205515887,-1.3787842343267511
2015-01-23,0.06825102775111139,-0.672238296420177,-1.4015158225070328,-0.5379066774893684,-0.22639738050951536,-1.106699365976577,-0.5935191056126653,-1.3404434418022106
2015-01-27,0.1238273999692131,-0.7797056253037733,-1.381184543687629,-0.6238990913793092,-0.2608937476474849,-1.0916671246880871,-0.6383972751733764,-1.3221879464815216
2015-01-28,0.17152957758687767,0.022025957926068984,-1.3263710190354672,0.017624568415137525,-0.21620695342452262,-1.031342544719694,-0.5802618338313421,-1.248928406124173
2015-01-29,0.3858005323074486,0.008023845131174018,-1.3174531937676288,0.006420461164119461,-0.16412127284212183,-0.9549207144391163,-0.5125007853849054,-1.156119999293063
2015-01-30,0.0035913598822586786,-1.4839016185240315,-1.2884797208412817,-1.1873774427787878,-0.13363697143655193,-0.9951947001968752,-0.47284212678044124,-1.2050296425349671
2015-02-02,-0.2059858691022823,0.12438498303759132,-1.2676374456693462,0.09952945750282396,-0.12980422921739343,-0.9349226924682897,-0.4678559073763531,-1.1318339470999683
2015-02-03,-0.13776701254652973,-0.33784573060817447,-1.2000605701021974,-0.27033490270215516,-0.11868901205132779,-0.8124030221813489,-0.45339552670241917,-0.9830432761221012
2015-02-04,-0.08739071417990414,-0.22220235379276218,-1.1792572840003408,-0.1778002391346564,-0.10787300040882601,-0.7975293838732075,-0.43932439850154426,-0.9649803918638634
2015-02-05,-0.16416684670648313,-0.3955912446889965,-1.1203402285056605,-0.31654128187534597,-0.0875799116798342,-0.6391194742931435,-0.41292403369652564,-0.772603798939966
2015-02-06,-0.19481200133953386,-0.6240166826191887,-1.0911139935467618,-0.49932106253557185,-0.08199970210514904,-0.6455539490228979,-0.40566444052036826,-0.7804179712291018
2015-02-09,-0.7770783098294831,-2.413846423536814,-1.1324349798475475,-1.931493811894814,-0.09895403379009803,-0.6352136033708078,-0.42772123766374603,-0.7678604205589582
2015-02-10,-0.3231062686412387,-0.7833606247768412,-1.106508578671354,-0.6268237218760438,-0.10616900811566568,-0.6216125249625195,-0.43710758376401715,-0.7513429619529053
2015-02-11,-0.47193886255394424,-0.8018642941948791,-1.0666501738777412,-0.6416298514747616,-0.10526582437101302,-0.599313773310182,-0.4359325837103917,-0.724262851366991
2015-02-12,-0.17189885523782134,-1.5208464847829122,-1.1031138048368498,-1.2169397131305832,-0.09837243995900777,-0.6307252164730672,-0.4269646111336903,-0.7624096215439182
2015-02-13,-0.022900089000371902,-0.7490533666944641,-1.0795017866812526,-0.5993719933637973,-0.08545133363242745,-0.6394304859935993,-0.41015485263601964,-0.7729814986145114
2015-02-16,-0.41913563872564585,-0.09105739957469638,-0.9640939243021924,-0.07286163779552293,-0.11304567693745722,-0.5469167500569592,-0.4460538101351278,-0.6606307159814544
2015-02-18,-0.2531257362826383,-0.9770207922210745,-0.9762429129460468,-0.7817852850400251,-0.12262762502426147,-0.5782171094101635,-0.4585194790341644,-0.6986425834563216
2015-02-19,-0.10984071492244257,-0.15108895355190757,-0.8295140671599306,-0.120897243497198,-0.12197161035005737,-0.5570692414923071,-0.45766603444779685,-0.6729601322231457
2015-02-20,-0.275448081068561,-0.5152412270024246,-0.8315171694559228,-0.41228192145302617,-0.13309401044806257,-0.4807924946344848,-0.4721357597821767,-0.5803279179966111
2015-02-23,-0.3043646780288193,-1.6594494570688458,-0.7973247533059151,-1.3278460163113193,-0.1447599180756267,-0.5395341980015788,-0.48731256313933835,-0.6516651770498159
2015-02-24,-0.261694953843569,-0.059063487701225936,-0.7612831391368311,-0.04726098557533261,-0.16322165402439803,-0.5366094472488351,-0.5113304231354446,-0.6481132932916849
2015-02-25,-0.25343928192188403,-0.18975710595484263,-0.7213723676139133,-0.151838440234247,-0.1785402401993026,-0.5182252454747818,-0.5312591914326444,-0.6257871010080492
2015-02-26,0.24903035258729725,-0.8203123647539061,-0.72550031382052,-0.6563914923889133,-0.17257819483653666,-0.5197725026657153,-0.5235028476516104,-0.6276661252910493
2015-02-27,-0.39478043949918656,-1.451193598187763,-0.7565204558266986,-1.1612053805204663,-0.1995453385073016,-0.5759072621388392,-0.5585858475914087,-0.6958374524553009
2015-03-02,-0.13391094982328253,-0.8858802439507087,-0.7020824945951436,-0.7088571139350138,-0.2242935043230507,-0.6099680990483218,-0.590782060524605,-0.7372017065865806
2015-03-03,-0.10375658481365213,-0.33417636187850686,-0.7080362530926833,-0.2673987743197501,-0.2294053112133322,-0.566159591026463,-0.597432283589142,-0.683999659210467
2015-03-04,-0.12476715765886282,-0.9413089528123754,-0.7158765271798775,-0.7532096490108625,-0.22553775352555033,-0.6067662151461622,-0.592400770879299,-0.7333132660359343
2015-03-05,-0.1784940709670863,-0.2537926640212299,-0.6404338195849755,-0.20307794036998203,-0.22747713725986257,-0.603563502654154,-0.5949238189360305,-0.7294238192269521
2015-03-09,-0.5941811271965026,-3.111512490599644,-0.7402238230600744,-2.4897470951863045,-0.25161001407017675,-0.7136562100851849,-0.6263195694841788,-0.8631229041989353
2015-03-10,-0.28107715156137375,-0.6744246348582961,-0.7581772564661875,-0.5396561256409816,-0.25717717144421914,-0.724280726454977,-0.6335621823542291,-0.8760255582443993
2015-03-11,-0.18328833394102176,-0.007190424946038498,-0.7360089940837163,-0.0057535811527795145,-0.25662842537762337,-0.7007775130557965,-0.6328482892383551,-0.8474827219503581
2015-03-12,-0.41652179500079267,-0.8150751878712993,-0.7371879795026338,-0.6522008468524287,-0.23945906752863813,-0.6398588004347305,-0.6105117530543122,-0.773501653402197
2015-03-13,-0.39946667293709004,-2.323502114111766,-0.8153722485705617,-1.859202769311123,-0.24309527725701197,-0.6985435169792581,-0.6152422928266771,-0.84476970636346
2015-03-16,-0.35637347618294063,-0.004621196119027116,-0.8157937499455683,-0.003697754596323125,-0.2375921636202975,-0.6681657980802849,-0.608082997880848,-0.8078783144166028
2015-03-17,-0.19256741647563447,-1.2832746494174974,-0.8091061843086839,-1.0268412356903949,-0.23857638082209812,-0.6591134896307521,-0.6093634186941561,-0.7968849853866589
2015-03-18,-0.17162077430026126,-0.5664114509707301,-0.8321327321089613,-0.45322693352352855,-0.24565831821733097,-0.6521542010669297,-0.6185766899342972,-0.7884334672547976
2015-03-19,-0.23821702460564198,-1.1675009772753244,-0.8597879069978663,-0.9342023133701838,-0.2370431461163784,-0.6931704237133421,-0.6073687516376381,-0.8382444998362963
2015-03-20,-0.38313484504550727,-0.7817458155686657,-0.8784393557237298,-0.6255315957645525,-0.24323405605746742,-0.6857297718430816,-0.6154228375928364,-0.8292084031695656
2015-03-23,-0.7313049641235134,-0.27605809785021246,-0.8744549174957702,-0.22089413084527362,-0.27282759173370885,-0.6904915283834661,-0.6539226514041725,-0.8349911884889982
2015-03-24,-0.35573427994279344,-0.15518073070564997,-0.8588270524319856,-0.12417137153411181,-0.2766507440610533,-0.6767719783873274,-0.6588963948049418,-0.818329855295242
2015-03-25,-0.3752801357757735,-0.02819494620466023,-0.7793053365209138,-0.022560823915720857,-0.28002767062043205,-0.6146155406542035,-0.6632896192311469,-0.7428456652525656
2015-03-26,0.3636163459697712,-1.8030390803719714,-0.8132946183740849,-1.4427425010909627,-0.250250942057892,-0.6810670413930431,-0.6245514799932307,-0.8235458773839072
2015-03-27,-0.28535793107811364,-0.16307961950041028,-0.7920017958842692,-0.130491846059401,-0.2517708777319982,-0.6800505369085267,-0.6265288456280262,-0.8223114112451314
2015-03-30,-0.7914804340985231,-3.2520257610891106,-0.8497077717611424,-2.6021819666815036,-0.301319010431323,-0.7727072261605546,-0.6909886622749044,-0.9348357996319848
2015-03-31,-0.29445850656381484,-0.02239395814526024,-0.8254857914761691,-0.017919032113908696,-0.2965417755296387,-0.7182650190935759,-0.6847737018098892,-0.8687199465608787
2015-04-01,-0.6183219253140523,-2.400735294643706,-0.902475054645136,-1.9210026455649825,-0.3196089648387229,-0.775986234885479,-0.7147830424735518,-0.9388179023195055
2015-04-06,-0.3277262425632627,-1.3369563651213974,-0.9144729070751468,-1.0697958746777654,-0.3302741866363234,-0.814195620616813,-0.7286580000979586,-0.9852202483860808
2015-04-07,-0.18599847261712799,-0.1274442575282435,-0.9136847505410247,-0.10197740518083771,-0.3331899635390979,-0.783184561386812,-0.7324512902644438,-0.9475597135531035
2015-04-08,-0.12040155368315074,-0.7614587534338187,-0.9218920014220712,-0.6092984441469078,-0.33042365319224387,-0.8025283948999989,-0.7288524491369959,-0.9710513044214966
2015-04-09,-0.19830935801676391,-1.0977461558032213,-0.9031685580465504,-0.8783864152627209,-0.31157261656463725,-0.7257969339512569,-0.7043281270602596,-0.8778668750728302
2015-04-10,-0.2930483497994393,0.06287838873423257,-0.899103828832035,0.050313564921888834,-0.31214267362359277,-0.6977031391625487,-0.7050697447862295,-0.8437491324512852
2015-04-13,-0.32789483006393383,-1.203972054361224,-0.9329109937789144,-0.9633854705991091,-0.3190286972484933,-0.743304657707612,-0.7140281413211854,-0.899128652540092
2015-04-16,-0.26009150398642583,-2.391026505371308,-0.9852681317994944,-1.9132339382363899,-0.3115796357716187,-0.8033538525354196,-0.7043372587221484,-0.9720537589265601
2015-04-17,-0.4422488966924998,-1.7807748434504367,-0.9962541733082503,-1.424927268348237,-0.3136168845218763,-0.7826740667752823,-0.7069876246138882,-0.9469397572995304
2015-04-20,-0.5147132041177906,-3.3518739362266325,-1.078453963050781,-2.6820777423723765,-0.321156871566393,-0.9102159709550942,-0.7167967971483761,-1.1018295432111709
2015-04-21,-0.39418478601040685,0.13985333850629705,-1.0626529730379544,0.11190681199260051,-0.3307576986870964,-0.8559898734463803,-0.729287026792638,-1.0359761384971624
2015-04-22,-0.045302005285789045,-1.154122429691225,-1.0697467556005826,-0.9234971659263103,-0.3247425192102168,-0.8783836940369889,-0.7214615579998854,-1.0631717029614733
2015-04-23,-0.25982397524910855,-0.8488617594094418,-1.089582392113523,-0.6792359362494772,-0.3257714216218105,-0.8662424379836219,-0.722800112193266,-1.0484270857872373
2015-04-24,-0.4698897753620344,-1.6771708490712878,-1.0417710040625778,-1.342026188942487,-0.32990260877974037,-0.9003612281349521,-0.7281745945849654,-1.0898617196519889
2015-04-27,-0.4053506233582733,-1.6793797133080508,-1.0752695066775695,-1.3437936616213713,-0.3143809735052051,-0.9538326343623853,-0.7079816688509568,-1.1547986101290595
2015-04-28,-0.3192942797771156,-1.2920491058219978,-1.118098129373435,-1.0338623154421054,-0.3126457354020776,-0.9971512507389565,-0.7057242047675969,-1.2074057219618592
2015-04-29,-0.39405021983193816,-0.8358584622276878,-1.1187909051853144,-0.668831053902411,-0.3135395489285616,-1.0279260235954655,-0.7068870146031014,-1.2447793052549536
2015-04-30,0.48022680185305133,-0.22409833921970881,-1.0488107793555792,-0.1793173547572089,-0.30798667007697683,-0.9677629213890963,-0.6996629774268152,-1.1717158671602312
2015-05-04,-0.8072253109720182,-3.560041079098963,-1.1673247754549105,-2.8486473900422578,-0.3328374976909723,-1.097198899673994,-0.7319927485857426,-1.3289058596943473
2015-05-05,-0.3251775835274703,-0.10405342370688897,-1.1280174012645567,-0.08326070044748159,-0.3106326000447317,-0.9772502679485646,-0.7031052092787592,-1.183237516354004
2015-05-06,-0.539948553372867,-3.740146299261006,-1.2338085628742328,-2.99276265555415,-0.32232260227373416,-1.1189094881123856,-0.7183133585919897,-1.3552716915114518
2015-05-07,-0.4430989674842274,-0.9495615677813449,-1.2265439158911,-0.7598131655349833,-0.31397865190088536,-1.0636147509681,-0.7074582671517464,-1.2881205065468284
2015-05-08,-0.6299152281042723,-2.119980687281635,-1.271151744948199,-1.6963504964086806,-0.3283686035933143,-1.0934506853362387,-0.7261789251688758,-1.3243539430512699
2015-05-11,-0.568330152179315,-1.8869639986276874,-1.3248486083074482,-1.509896922637459,-0.34657487404865667,-1.1604944718817922,-0.7498644364372113,-1.405773440521735
2015-05-12,-0.6096357616883317,-3.880020205626739,-1.4490099241381513,-3.104685925384679,-0.3698717410965224,-1.279322447178829,-0.7801725771589825,-1.5500808332365523
2015-05-14,-0.5159932007169332,-0.4630620368403573,-1.477733717197929,-0.3705295622619035,-0.38499954312986373,-1.2551387875121232,-0.7998531441594973,-1.5207116475369638
2015-05-15,-0.5178376327922763,-0.909426736618073,-1.5026119544351846,-0.7276983726146786,-0.39570379470095124,-1.2921869750138646,-0.8137788777043209,-1.5657038080936143
2015-05-18,-0.5397469005303518,-2.242501693635386,-1.4689611521867267,-1.7943884508087178,-0.4057919885326854,-1.3317585455000365,-0.8269031487770149,-1.6137604222723503
2015-05-19,-0.2561938569190464,-0.29807656919935566,-1.4781505725551969,-0.2385127087065527,-0.4056063862913817,-1.2520099155224251,-0.8266616888916083,-1.516911874311483
2015-05-20,-0.26214321773912463,-1.2699652582299263,-1.4404582380080708,-1.0161914253013749,-0.39702992538883997,-1.232546303948765,-0.8155041120640059,-1.4932748222453534
2015-05-21,-0.48060726067323345,-0.01084616475303557,-1.3962545646624587,-0.008678804044452306,-0.39540583284386105,-1.1052415925998165,-0.8133912431835136,-1.3386730886960205
2015-05-22,-0.3980450719321255,-0.31977873056884254,-1.4026657137638123,-0.2558781839833469,-0.3955896559829905,-1.122755163836766,-0.8136303885397199,-1.3599419674765585
2015-05-25,-0.5891054269028928,-2.1473023273085294,-1.4488604995596357,-1.7182125246339237,-0.42148505701237643,-1.1605987523466526,-0.8473191011392635,-1.4059000810872875
2015-05-26,-0.47999529362626087,-0.8347456740652731,-1.4400938168350375,-0.6679406312853398,-0.4319694055065265,-1.1600608806816937,-0.8609587510065146,-1.4052468775180829
2015-05-27,-0.3564358830503529,0.047755541083350894,-1.4405979117567336,0.03821267632720044,-0.42656683920597027,-1.0943352204307562,-0.8539302634695625,-1.3254281425647725
2015-05-28,0.4605400516000354,0.05930416881073858,-1.3984887043176681,0.04745357200880841,-0.3853339499222412,-1.0280853521626523,-0.8002881918464186,-1.244972797486545
2015-05-29,0.31950390966971653,-0.4588600520424236,-1.3340831558733721,-0.36716724908582615,-0.3549149885200112,-0.9963379680504484,-0.7607145375479808,-1.2064180529889146
2015-06-01,-0.5018369960685573,-0.09125617468977776,-1.2777658669146834,-0.07302069219972807,-0.36004769215032634,-0.9679660460646066,-0.7673919462996003,-1.1719625463807235
2015-06-02,-0.7553433966800434,-4.443256356153738,-1.3141452809122536,-3.5553720704395757,-0.4188843682709499,-1.1287305563351953,-0.8439357260190495,-1.3671986198746195
2015-06-03,-0.446574500336165,-1.9218000601203133,-1.382867060866474,-1.537771785158831,-0.40171052014543307,-1.0663079084836038,-0.8215933481940375,-1.291391138216359
2015-06-04,-0.7305173198790121,-0.2372455422656926,-1.3523044979522896,-0.18983738663638494,-0.4210124123526494,-1.0713829887783133,-0.8467042124149999,-1.2975544310210807
2015-06-05,-0.5167057055580253,-0.33907183769427873,-1.335311500561784,-0.27131600001905104,-0.41990561007575217,-0.9417902908956896,-0.8452643141192139,-1.1401741146471567
2015-06-08,-0.9835960555316587,-1.7657631615848532,-1.3382645776455695,-1.4129153315709901,-0.4456435666494394,-0.9728903940402612,-0.8787481988030821,-1.1779427864328733
2015-06-09,-0.7105837949074623,-0.4729353844878279,-1.2980497666848956,-0.37842994469627295,-0.4494849269734008,-0.9101322725301467,-0.8837456299607758,-1.1017278979424678
2015-06-10,-0.6622626876258506,-2.56203486652657,-1.340382625375048,-2.050070146262292,-0.45395790485180726,-0.935854806988472,-0.8895647661864998,-1.1329659281488995
2015-06-11,-0.7666759223975828,-3.50122605783897,-1.429228211895424,-2.8015852205096627,-0.461436007742724,-0.9214214400896618,-0.8992934303147758,-1.1154377194921659
2015-06-12,-0.7099682719350614,-0.4125797624998511,-1.435510926004762,-0.33013502864605065,-0.47067291589596816,-0.9194978908698592,-0.9113102183046548,-1.1131017176207678
2015-06-15,-0.8554195926003065,-1.0359602137440118,-1.3513748971595971,-0.8289469962566862,-0.4867482473153982,-0.924319253900431,-0.9322234769762249,-1.1189568904160143
2015-06-16,-0.7011220438450365,-1.1686004797569605,-1.3868597990279328,-0.935082105149286,-0.49443277794943086,-0.8833999041071247,-0.9422206939993765,-1.0692635024280688
2015-06-17,-0.4981597180770091,-0.9363008587242123,-1.293398284343373,-0.7492023092537206,-0.5059549618140957,-0.9077184565141329,-0.9572105194241808,-1.0987965049359514
2015-06-18,-0.48378515878384687,-1.746834081667715,-1.3199740348062519,-1.3977688001395312,-0.5165093399590824,-0.9258888076969021,-0.9709412746107821,-1.1208629922033098
2015-06-19,-0.5038704883312871,-0.8920908167748555,-1.279044372456026,-0.7138266442502794,-0.517617112704704,-0.959467276278132,-0.9723824354412517,-1.1616414472783962
2015-06-22,-0.7327307614228618,-3.223953854356793,-1.3236107009803295,-2.57971959558247,-0.5335545264899773,-1.0701263911161856,-0.9931162696839726,-1.296028390273017
2015-06-23,-0.4853553225516676,-0.6220741518138933,-1.2150124991865678,-0.4977667025757755,-0.528614045330395,-1.0120099233991309,-0.9866889334284054,-1.2254504315972188
2015-06-24,-0.522243519263007,-0.582394936956345,-1.1600961377007926,-0.466016481347573,-0.5306258655988115,-1.0023944876878086,-0.9893062180476978,-1.2137732280275264
2015-06-25,0.44714083857940257,-0.3559663757742021,-1.1565262823319207,-0.28483454678242826,-0.4923603074259661,-1.017777688788267,-0.9395245062185114,-1.2324549369169167
2015-06-26,-0.5044918739476278,-0.6208337139722755,-1.146906514910394,-0.496774138180724,-0.5383142086425214,-1.0436932940353876,-0.9993083948385619,-1.2639274366754112
2015-06-29,-0.7626043263715628,-1.6982876163206198,-1.1287660456665687,-1.3589232478736621,-0.5898431722635347,-1.0909197701681417,-1.0663451804056483,-1.3212803421742247
2015-06-30,-0.36806267545437404,-0.8424717759586522,-1.1469125525585449,-0.6741228464634145,-0.5834729665200022,-1.1195436822759364,-1.0580578389487505,-1.356041871311185
2015-07-01,-0.5219376417640085,-1.987274761536594,-1.1708228693354341,-1.5901628483963628,-0.5723584067620958,-1.025962290750069,-1.0435983135322622,-1.242394503475749
2015-07-02,-0.5009859319935258,-0.26935445876656483,-1.1794398124692183,-0.21553006241035227,-0.5749494273172082,-0.9629983991906176,-1.0469691107916534,-1.1659297231627792
2015-07-03,-0.5582883040614331,-1.5946749008612904,-1.2219363514789663,-1.2760151900983532,-0.5667480456116092,-1.0147211517364259,-1.0362994945580395,-1.2287430088832625
2015-07-06,-0.38843687214894906,-1.606252307591585,-1.203901350821735,-1.2852791139500575,-0.5606400059254627,-1.063005109542664,-1.0283532189510431,-1.287380144150047
2015-07-07,-0.27923218753218715,-0.3978026393813524,-1.1893365829989377,-0.31831077935550633,-0.5270988693540593,-1.0108810832466888,-0.9847177599390826,-1.2240795424712911
2015-07-08,-0.6347323270231796,-2.120715359615379,-1.2616189463555618,-1.6969383610932605,-0.5234868946929029,-1.073667198313212,-0.9800187488622336,-1.3003284269725524
2015-07-09,-0.6022276857362475,-0.8300828724075804,-1.2912651810628393,-0.6642095850762233,-0.5206280850791124,-1.0076738382567325,-0.97629957048973,-1.2201845912938323
2015-07-10,-0.7200295652946104,-0.47902448419136445,-1.2919373288011373,-0.3833022755466171,-0.5184068299789708,-0.8925175075442066,-0.9734098208931116,-1.080336127174253
2015-07-13,-0.7271627066479748,-2.637616301810276,-1.3768159997051541,-2.1105483411967922,-0.5192256125843476,-0.9772990938561467,-0.9744750189892037,-1.1832968116453906
2015-07-14,-0.4611879336635258,-0.3465023949884062,-1.2402575343329763,-0.2772617285014406,-0.500452676444501,-0.9510283668201825,-0.9500523020153598,-1.1513930439189268
2015-07-15,-0.4903236052075817,-1.9653455999480738,-1.241709052327235,-1.5726157337600442,-0.49041465555700303,-0.9813871110397423,-0.9369933036100684,-1.1882613925840408
2015-07-16,-0.5638577455155264,-2.0314782592821996,-1.3015168095611183,-1.6255332769071562,-0.4935431330540753,-1.0231171571184774,-0.9410633073591281,-1.2389393085582738
2015-07-17,-0.39907610773406654,-0.16830817404345855,-1.2958246874394244,-0.13467559223586864,-0.48950936871837153,-0.9629698615040171,-0.9358155675289704,-1.1658950663478571
2015-07-20,-0.6747706484797531,-0.49877870092154253,-1.2535918720839807,-0.3991090588618797,-0.4976474715825842,-0.9479833098188554,-0.9464028609324155,-1.1476950575194187
2015-07-21,-0.7472857737859991,-1.3383625798983945,-1.2824394452643328,-1.0709210892371843,-0.49834056740940025,-0.8761357618976514,-0.9473045463740526,-1.0604417631033152
2015-07-22,-0.6661009862913781,-2.352377014006942,-1.2754508501803454,-1.8823076735514253,-0.5069475037779578,-0.9420662843250631,-0.9585017703658284,-1.1405092873377605
2015-07-23,-0.4653904907700172,-0.9421751349478553,-1.1901491527506416,-0.7539027442377751,-0.5042402167068631,-0.9557751539865015,-0.9549797157755531,-1.1571576500904226
2015-07-24,-0.6876135604185654,-1.4955472766925606,-1.2262480698903986,-1.1966959795624985,-0.5582761404686711,-0.9991971269760285,-1.0252779399118241,-1.209890280542034
2015-07-27,-0.9787580451668669,-3.5221862012775786,-1.3091222694748508,-2.818356953356188,-0.5808602438600635,-1.1097486896034314,-1.054658808260131,-1.3441466096886876
2015-07-28,-0.528498863193021,-0.2543689721281437,-1.2786478858872234,-0.20353908633659984,-0.5697123646610853,-1.0547303961969048,-1.0401559358001669,-1.2773311442794013
2015-07-29,-0.29759887755040326,-0.6206802860188558,-1.2681272001303785,-0.49665136933357945,-0.5663569457132771,-1.0462793734764364,-1.035790691776508,-1.2670680302987418
2015-07-30,0.28628456371294936,-0.164212535342796,-1.2153731485862143,-0.13139837429484666,-0.5278701740238981,-0.9768143985192214,-0.9857211914487704,-1.1827081866170008
2015-07-31,-0.03431960717856722,-1.2985889138604718,-1.2289230851557347,-1.0390952907607194,-0.5056479680803287,-1.0160317903454295,-0.9568111348518006,-1.2303346781849054
2015-08-03,-0.46681089494741645,-0.012796604882232887,-1.1218845101732493,-0.010239492828660905,-0.5012919009796614,-0.9557567571421107,-0.9511440941115479,-1.157135308544658
2015-08-04,-0.28147440743350766,-0.3741402050605553,-1.1136200452814715,-0.29937674733949227,-0.49619845027892595,-0.9088090253987505,-0.9445177515960449,-1.100120916564793
2015-08-06,-0.13581125048240156,-0.34734036868699203,-1.1248131203570408,-0.2779322521095572,-0.48936888184798377,-0.9068862383870387,-0.9356328006432547,-1.097785840336216
2015-08-07,-0.3643767966994379,-0.2815174961519165,-1.113502579763029,-0.2252625918764274,-0.4764948089754247,-0.8368064398529036,-0.9188842304822038,-1.012679340935204
2015-08-10,-0.4411756458084527,-1.1942254734872717,-1.0967005083352508,-0.9555865234657667,-0.4688256642169582,-0.8506815321571676,-0.9089070297677184,-1.0295295682415317
2015-08-11,-0.47647601306830395,-1.2368638178403917,-1.1098469097313086,-0.9897045590891028,-0.45722787601570564,-0.8795578313734767,-0.8938188466166255,-1.06459760201676
2015-08-12,-0.4983026648745163,-1.57210082604825,-1.096007778548364,-1.2579520335588614,-0.446329778788398,-0.8389580072002418,-0.879640928886909,-1.015292253200759
2015-08-13,-0.2543591693242796,0.01597647180017925,-1.0864967475294725,0.012783935264922797,-0.4364807900103387,-0.825146308925653,-0.8668278524659783,-0.998519013044244
2015-08-14,-0.814076318305102,-3.0967081375691508,-1.1365645220864011,-2.477901057265795,-0.4518975858721254,-0.8682551338544982,-0.8868843869990478,-1.0508713493769182
2015-08-17,-0.6896131153517772,-0.6312147755789401,-1.104063271019313,-0.5050807794229587,-0.45788593681670875,-0.8149002530219175,-0.8946749531188133,-0.9860759699865609
2015-08-18,-0.5568070661071784,-0.23828136392210303,-1.0987458951706714,-0.19066622276285727,-0.46539693483447603,-0.8175664735232027,-0.9044464122774941,-0.9893138887340737
2015-08-19,-0.5095481102993493,-0.7677549511792965,-1.0536472148894684,-0.614336489179631,-0.4575291949211234,-0.8278153987764288,-0.8942108485012037,-1.0017604163949636
2015-08-20,-0.4426486363221815,-1.9522897137483455,-1.0910541096008273,-1.5621687711207932,-0.44302266456570355,-0.8512081455327912,-0.8753385270644468,-1.0301690994884038
2015-08-21,-0.32293339994368836,-0.8622530532506882,-1.1038283952361383,-0.6899512828993004,-0.42668135093009923,-0.7944292697874519,-0.8540792378978433,-0.9612155428902478
2015-08-24,-0.7823901718900824,-4.529817926641681,-1.1669017827305184,-3.6246362689051863,-0.4417765738405786,-0.9311308662001858,-0.8737174209744485,-1.127229067137907
2015-08-25,-0.13094699432185394,-1.290742395188819,-1.1983764494038656,-1.032816721373936,-0.4152686421216875,-0.9233270920007305,-0.8392318344306193,-1.1177519864652496
2015-08-26,-0.3842393708492711,-1.4948822538377335,-1.182694337866854,-1.196163846483798,-0.38695822905894484,-0.8460798011972832,-0.8024013034740684,-1.0239411216224927
2015-08-27,0.06232501012374956,-1.2402278567838498,-1.1563193244502423,-0.9923963709371582,-0.35882375890100343,-0.8836444337973097,-0.7657996660552946,-1.0695604648390142
2015-08-28,-0.4516591241625312,-0.9267403687391433,-1.1816003976067653,-0.7415522669541006,-0.36615996112062854,-0.8953063813030491,-0.7753437240086208,-1.0837229988241597
2015-08-31,-0.418851370757361,-0.4077518092155701,-1.1785661678832329,-0.32627183262753895,-0.3997378627620719,-0.904586069795082,-0.8190270126671226,-1.094992463343298
2015-09-01,-0.7457271134390199,-3.5619457152496925,-1.2526856057282763,-2.850171427737106,-0.43361441067923634,-0.9908277906034814,-0.8630988262432447,-1.199726368318027
2015-09-02,-0.5593009051246379,-1.280509598612637,-1.2169566918817991,-1.0246287177492834,-0.43801869687815165,-1.0391320394092252,-0.8688285977881233,-1.258388145435579
2015-09-03,-0.7806646184972549,-2.291190921398907,-1.261923884763501,-1.833348237651074,-0.4617896593097586,-1.112178300852634,-0.8997535145586417,-1.3470971847852218
2015-09-04,-0.8733543510201496,-3.254733191165182,-1.3205634152459218,-2.6043483780932153,-0.4969107593353656,-1.22296002113757,-0.9454444325560044,-1.4816330226198664
2015-09-07,-1.0598580831612556,-2.8422232923247885,-1.2978979849474956,-2.2742692524344474,-0.5300289158335475,-1.320531766878428,-0.988529614161335,-1.6001263672661874
2015-09-08,-0.9267806628733298,-3.055339330999035,-1.391263663576525,-2.44479887101379,-0.5531529642652083,-1.391446640571191,-1.0186129258995127,-1.686247000910935
2015-09-09,-0.7684253984376553,-1.7975533640113637,-1.4304927661762754,-1.4383529810697184,-0.5670553159494631,-1.4128108511416966,-1.0366992389794747,-1.7121921835763243
2015-09-10,-0.577919274095374,-0.992277194368529,-1.458094921477133,-0.7939930402858665,-0.5708465830552182,-1.3907175657477444,-1.0416315011896233,-1.6853615958823414
2015-09-11,-0.6769002203786663,-0.34946432844871983,-1.4264574352967414,-0.27963178655238224,-0.5909675854863795,-1.404642123929521,-1.067807989723201,-1.7022718956740779
2015-09-14,-0.9626036214826045,-2.5530566618614263,-1.5111327705293813,-2.0428860327314724,-0.5980403142091177,-1.3839271227612198,-1.077009280908631,-1.6771151276553562
2015-09-15,-0.6999579931036695,-1.1611361592133753,-1.5373659690011416,-0.9291093602391896,-0.5985329274353983,-1.404118959942945,-1.0776501478094396,-1.7016365534436282
2015-09-16,-0.6032472612162247,-1.5862166200460122,-1.5593460831256545,-1.269247105395582,-0.6007443652977338,-1.4554799543540273,-1.080527125636175,-1.764010511866939
2015-09-18,-0.06307909966025142,-0.8240560768530163,-1.5752366067311885,-0.6593871082998676,-0.5794839362196816,-1.4576252219311814,-1.0528682960184874,-1.7666157735484653
2015-09-21,-0.839584487439848,-0.36284764288379856,-1.577947611622251,-0.29034074829988293,-0.598385643415761,-1.3970619827492332,-1.0774585381486184,-1.6930664000203552
2015-09-22,-0.8182221488625403,-3.8348618672556096,-1.6659688247478626,-3.0685514595508967,-0.6219708219357063,-1.5103286578278807,-1.1081417586890423,-1.830620023409271
2015-09-23,-0.8216093737662363,-1.276024148944835,-1.6672741691180106,-1.021039583746205,-0.6238384029774279,-1.3863478632965007,-1.1105713947815483,-1.6800549299553806
2015-09-24,-0.006720333308195966,-0.2574142319658566,-1.6234512826485976,-0.20597581987308392,-0.6179228476910632,-1.3469744870345555,-1.1028755324281172,-1.6322390073450885
2015-09-28,-1.0352578588127792,-1.9833187425071297,-1.6900944564588412,-1.5869973502931518,-0.648923728070278,-1.365585606263572,-1.1432062362563005,-1.6548407733411046
2015-09-29,-0.467670310286706,-1.1855723670450202,-1.6263899307747034,-0.9486625446310291,-0.6741616004707758,-1.3635030431061375,-1.1760395346848318,-1.652311661331394
2015-09-30,-0.7294631133958899,-1.350923696075841,-1.6503802281246003,-1.0809721504524548,-0.6873903618628405,-1.379665894701297,-1.193249538116695,-1.6719401954935187
2015-10-01,-0.686845181144676,-0.07523726259332253,-1.6449454247469741,-0.06020279737183104,-0.7001519718812841,-1.3669959406415015,-1.2098517993340798,-1.6565535154494029
2015-10-05,-0.7481755826759466,-2.8350038601750867,-1.7138537217135006,-2.2684924605115744,-0.700268565654471,-1.3392969422021905,-1.2100034824113697,-1.6229152224834835
2015-10-06,-0.3227676012545411,-0.47074885285889906,-1.664469026350519,-0.3766803419586637,-0.6890050749939902,-1.3084422576407324,-1.1953502048159395,-1.5854445926004783
2015-10-07,-0.6471808141058312,-0.08229247093525205,-1.6384703402733376,-0.06584818190051984,-0.6826487033563035,-1.2242755883192773,-1.187080860887459,-1.4832306772921673
2015-10-08,-0.6101258461064217,-0.8096063977293846,-1.5144632893095946,-0.6478248707279068,-0.6701140126461259,-1.1311078022542627,-1.1707738111383494,-1.3700856013246108
2015-10-09,-0.4779098534694243,-0.7542929835269749,-1.4965816422541998,-0.6035645912813841,-0.6424021921846101,-1.0515504374374502,-1.1347220213213567,-1.2734693301201476
2015-10-12,-0.5825509274353288,-0.6843870380975431,-1.4695651350628602,-0.5476277679213601,-0.6260103000208957,-0.9612089563378106,-1.1133969318415906,-1.1637565831100665
2015-10-13,-0.6933585530109593,-0.21793706146048886,-1.435488775218748,-0.17438726900309465,-0.6224356883339103,-0.9010201129060667,-1.1087465282567546,-1.0906618842864646
2015-10-14,-0.5906833836114207,-0.42267282934676836,-1.4186865239056687,-0.33821122436744094,-0.6230435030727696,-0.8793162169099511,-1.1095372669685422,-1.0643041799232975
2015-10-15,-0.5779439108798373,-1.0945758249580526,-1.4415806577637515,-0.8758496033307793,-0.6183312978585397,-0.9077075415184462,-1.1034069071030155,-1.0987832495172245
2015-10-16,-0.33781316553334506,-1.1557328551750667,-1.3613735624279308,-0.9247857843016253,-0.5885793713847653,-0.8544646725455964,-1.064701034229283,-1.0341238998739912
2015-10-19,-0.44783078756232847,-0.8224156575496234,-1.346103764392497,-0.6580744896914419,-0.5765733139780349,-0.8415582501385608,-1.0490817118264373,-1.0184500472969384
2015-10-20,-0.21690776486968277,-0.17594325706779662,-1.2755955089147935,-0.14078497660722578,-0.55817619510439,-0.7878219582914961,-1.0251479156403676,-0.9531914737057602
2015-10-21,-0.5072285331115681,-0.24586480699234448,-1.175299896109032,-0.19673428625695744,-0.5793261681258813,-0.7657908715275481,-1.0526630470646912,-0.9264364214410723
2015-10-23,-0.5951321300262024,-0.6564881631270865,-1.1024420584691086,-0.5253038521001918,-0.5676855796776125,-0.7769795907561342,-1.0375191827824475,-0.940024256255722
2015-10-26,-0.7880214294150115,-0.8760541468884329,-1.0297992189987553,-0.7009945401250963,-0.566247450180111,-0.6642387850691914,-1.0356482431794163,-0.8031092606027053
2015-10-27,-0.5830104016501899,-0.23667116527364968,-0.9777698123741647,-0.1893777858950088,-0.5548855943650612,-0.6246358423143725,-1.0208669970918849,-0.7550145472282143
2015-10-28,-0.3990482103382418,-0.7748373793444632,-0.9705218185400292,-0.6200036542655379,-0.5735678742236349,-0.6443514534759179,-1.045171774459322,-0.7789576333187564
2015-10-29,0.10601440681722733,-0.5519983088673397,-0.9772729512206499,-0.44169393187470407,-0.5192215758603012,-0.5898131954559919,-0.9744697673989275,-0.7127251337883216
2015-10-30,-0.27162963852043553,-0.6198066553002921,-0.9128312843352788,-0.49595231395444117,-0.5098863057761931,-0.5682555654237733,-0.9623250151108379,-0.6865450581345569
2015-11-02,-0.7923272371424398,-0.39056466016621083,-0.8871455677003731,-0.3125191465787262,-0.5128798354784097,-0.5316625652393101,-0.9662194580538812,-0.6421056873968785
2015-11-03,-0.6155970687392865,-0.3265676684773268,-0.8451572693147504,-0.26131050620224033,-0.5094870682210102,-0.541239122802663,-0.9618056256161458,-0.6537356764604494
2015-11-04,-0.5078803703870947,-0.7740600893562736,-0.8434907363981924,-0.6193816881008322,-0.49804443906439827,-0.4627100384021514,-0.9469192971672135,-0.558368172353845
2015-11-05,-0.849983165920536,-2.125304962019419,-0.902239313702713,-1.7006108352639544,-0.5231499421437315,-0.5257543476071652,-0.9795803892641012,-0.6349306136825004
2015-11-06,-0.49317676940214844,0.21993440196606512,-0.7670794380619905,0.1759854861842517,-0.5158164162054607,-0.5142384586507476,-0.9700398130283695,-0.6209454565177849
2015-11-09,-0.48644943057356665,-0.8341966541153099,-0.7523518549010063,-0.6675013205547063,-0.5099270630848486,-0.5151754324520238,-0.9623780384741782,-0.6220833387880691
2015-11-10,-0.8325234136982301,-2.6615968588139225,-0.8324912757959418,-2.129736926272751,-0.5268134230957442,-0.5878503055468508,-0.9843464076303047,-0.7103413556900556
2015-11-13,-0.9594942762482429,-0.27156830623636913,-0.7754329279202498,-0.2173015225358646,-0.5447631063725495,-0.5721204843380177,-1.0076981109107026,-0.6912387034665977
2015-11-16,-0.7060592109307376,-1.284405695132809,-0.7787273721898429,-1.027746267501364,-0.5453678996068247,-0.6127566271236494,-1.0084849187855265,-0.7405881584305735
2015-11-17,-0.6661139297276861,-0.7224148620382823,-0.7577770777219242,-0.5780565913565073,-0.548959830374266,-0.6241778350755097,-1.0131578536886958,-0.7544583328324073
2015-11-18,-0.9155665002660814,-2.6779013234785904,-0.8445325464180997,-2.1427833124466984,-0.5650370965355156,-0.6845080117000774,-1.0340736293694075,-0.8277246698961583
2015-11-19,-0.8387786879684893,-2.8926211909230086,-0.8464531241096972,-2.314596270891709,-0.5888925976038559,-0.7506894634424623,-1.0651085269752578,-0.9080969283912775
2015-11-20,-0.3880541003575203,-0.416859926507616,-0.8446568265646544,-0.3335598986851228,-0.5860460886893412,-0.7352363876802566,-1.0614053512405277,-0.8893303621252607
2015-11-23,-0.6668650810085455,-0.2614137766007265,-0.8506275367535036,-0.20917614597391734,-0.6074726275530965,-0.7384931100310516,-1.0892802819652874,-0.8932853997337405
2015-11-24,-0.4579743492538104,-0.5108950415113664,-0.8406704915462363,-0.4088042228308305,-0.6051271902265366,-0.7485916784393312,-1.0862289770665894,-0.9055493306263457
2015-11-26,0.2201881204384075,-0.4449416335127429,-0.8303587798790952,-0.3560301116941066,-0.5663024163948885,-0.7405310241342795,-1.0357197516689054,-0.8957602889176928
2015-11-27,-0.451215636081525,-1.2675483528326446,-0.8497974903702653,-1.0142574837824505,-0.5502640452837702,-0.7554483071655821,-1.0148545766397892,-0.913876176319251
2015-11-30,-0.03426950170308021,0.29400175043827964,-0.8327328633069729,0.2352521503110954,-0.5241335262386697,-0.7352278340129104,-0.980859986434821,-0.8893199743573147
2015-12-01,-0.6961397264546567,-0.35119071225629683,-0.8303501260706239,-0.2810131916031661,-0.5382807412918323,-0.719085431028988,-0.9992648553715519,-0.8697162734532246
2015-12-02,-0.42230575769707573,-0.725857486508674,-0.818059514788978,-0.580811285191377,-0.563438844363942,-0.7257100669012105,-1.0319943776131346,-0.8777613817538228
2015-12-03,-0.6736102330367792,-1.751198149849892,-0.8379083579448056,-1.4012608080014943,-0.5825807774361488,-0.7688199951891652,-1.0568971424375715,-0.9301150580308656
2015-12-04,-0.6412224342567996,-1.576215599128497,-0.8630350226641014,-1.261244562306487,-0.5753853106320708,-0.8139973959381063,-1.0475361747156557,-0.9849795198330241
2015-12-07,-0.7211617163184442,-0.5539785934812873,-0.875636200544551,-0.44327850139840475,-0.5804121986120305,-0.8226625385664952,-1.0540759222266052,-0.9955026658942026
2015-12-08,-0.8840281285077048,-1.7347971954310264,-0.9252672801591737,-1.3881372133683312,-0.5983239966177739,-0.8592699445316141,-1.0773783385310218,-1.0399595313391774
2015-12-09,-0.7326848486031131,-2.335779422991429,-0.9812436554879851,-1.8690267356979506,-0.5927383624598014,-0.8672897493141853,-1.0701116882242514,-1.0496989644597174
2015-12-10,-0.8257644863294831,-1.8329606464833237,-1.0131405388078147,-1.4666849189775153,-0.6085758727896745,-0.9455121495599838,-1.0907155527170211,-1.144694024361639
2015-12-11,-0.6666392375067457,-1.7355138411774909,-1.0631019613379429,-1.388710653671376,-0.6171563397864925,-0.9798554511369681,-1.1018783412869932,-1.186401310002118
2015-12-14,-0.7236317307941261,-1.1937218628990696,-1.0770647774564297,-0.9551835480630102,-0.6119710215529638,-0.9239243378888851,-1.0951324833831788,-1.1184772954399569
2015-12-15,-0.8673895269995853,-1.4287404856049457,-1.1062895166810165,-1.1432390146453972,-0.6075850811125515,-0.9680165994179106,-1.0894265788170325,-1.1720239395214385
2015-12-16,-0.493982609454419,-1.0161378924715359,-1.1195005579200583,-0.8130857175515233,-0.5974861953279649,-0.9577946684679182,-1.0762883980108546,-1.1596101943556476
2015-12-17,-0.6117335495380304,-1.8171797271671601,-1.1670543934867565,-1.4540574594556621,-0.5948966534141717,-0.999508995520259,-1.0729195243950629,-1.210269020787125
2015-12-18,-0.1498080300916846,-1.2934954778611383,-1.1992853204662166,-1.0350196627431008,-0.558431964358248,-0.9467583455343732,-1.0254806595463315,-1.1462074330638097
2015-12-21,-0.8350011439075565,-2.190884403179915,-1.2465127975936714,-1.7530857083768114,-0.5582520813077275,-0.9200197473193781,-1.025246640062191,-1.113735471948511
2015-12-22,-0.7636260887860078,-1.397964478960162,-1.2222681148250296,-1.1186128968403815,-0.5761364617090841,-0.9574032234220095,-1.0485133873382224,-1.159134814599113
2015-12-23,-0.7602665278004587,-2.2102917643063535,-1.3032756537007768,-1.7686149473356017,-0.5805841496515561,-1.0316622139630423,-1.0542996225332812,-1.2493166197154875
2015-12-24,-0.7875918432310546,-0.49240375554272164,-1.2918825570816908,-0.39400800212923204,-0.5962802207933295,-1.0309576320248706,-1.0747194812192749,-1.248460959403197
2015-12-28,-0.514895668512169,-1.8071119267010438,-1.2633997260112613,-1.4460014812003417,-0.631284210743357,-1.0828610305727868,-1.1202580444539432,-1.3114936257325256
2015-12-29,-0.509357565563147,-0.19844104763320491,-1.260962150724489,-0.1587870925805865,-0.6340528740520058,-1.0421243452774598,-1.123859946675273,-1.2620220696606679
2015-12-30,-0.6211401074784415,-1.1580560675021636,-1.2567504964701341,-0.9266447551913021,-0.661999093374642,-1.0974527693490026,-1.1602166785110042,-1.3292141647950466
2015-12-31,0.2946528609161255,-1.0062333123370224,-1.2662111114800925,-0.8051603437362337,-0.6148184939760334,-1.1224121575458152,-1.0988369125977355,-1.359525412844468
2016-01-04,-0.9663292449091226,-4.155018319436926,-1.3154483446787035,-3.3247318860257296,-0.6407243743194642,-1.253075043299832,-1.132539258297562,-1.518205389681761
2016-01-05,-0.5736779356030418,-0.2135029855164634,-1.2261444044984853,-0.17083924284706103,-0.6359656934892862,-1.19448354019724,-1.1263484358168094,-1.4470505372419917
2016-01-06,-0.49738814523562525,-1.0671723753492846,-1.2478214861265409,-0.8539221133182401,-0.629116441631135,-1.1750872331025615,-1.1174378776405025,-1.4234952212641492
2016-01-07,-0.9827022505603161,-3.1273487909511966,-1.3433526532715565,-2.5024188690962266,-0.6415707527855099,-1.2731415363262673,-1.133640357325173,-1.542574594680301
2016-01-08,-0.7219672062541431,-0.656487144348792,-1.3482057233661375,-0.5253030369016969,-0.6338535660115308,-1.2320541945897612,-1.123600656182466,-1.4926771934601208
2016-01-11,-0.6979392152633124,-0.7934165398423823,-1.3598215535771252,-0.6348701897592712,-0.6321990120429688,-1.1732848352593475,-1.1214481584063527,-1.421306348376777
2016-01-12,-0.7506550664522778,-1.2894722327668244,-1.3605523495749314,-1.0318003721835889,-0.628622373001197,-1.1525760473167797,-1.116795117327212,-1.396157125840537
2016-01-13,-0.3043009296744741,-1.152210491118891,-1.4087594242935038,-0.9219672850336497,-0.6113681678663271,-1.1303501726197451,-1.0943481987696433,-1.3691655186847491
2016-01-14,-0.5098994938438474,-0.8022288612812696,-1.4237940292610027,-0.6419215680746735,-0.6011904422972661,-1.1154329354774435,-1.0811074510699252,-1.351049687011836
2016-01-15,-1.183232769316105,-1.9796649756369333,-1.465587612231945,-1.5840737060914838,-0.6162305966932909,-1.1364250636415427,-1.1006739925699183,-1.3765430043499798
2016-01-18,-0.7121549438034536,-1.3769425897356378,-1.4531124268948028,-1.1017917567066966,-0.6266197554718164,-1.1501729702679795,-1.1141898050434766,-1.393238774479771
2016-01-19,-0.7890133996109432,-1.6601937767651118,-1.4559116994826902,-1.328441600551224,-0.635061653094336,-1.1441912627011017,-1.1251723213009812,-1.3859744529191214
2016-01-20,-0.8960228049919322,-2.70045598590076,-1.5274609458966724,-2.1608309357225677,-0.6705956899943478,-1.1978013233191713,-1.1714004509703235,-1.451079728438108
2016-01-21,-0.5345588312876369,-0.6935485652250262,-1.4927526582231394,-0.5549585710667866,-0.6562889132029232,-1.1407476501139322,-1.1527879996317565,-1.381792451561847
2016-01-22,-1.0983650204071036,-2.225097368265222,-1.4890632563989323,-1.7804619862147442,-0.6722288623277372,-1.172264273417473,-1.1735251322333264,-1.4200669548910514
2016-01-25,-0.935434789828651,-0.30623018632694177,-1.438172241060386,-0.2450370098687687,-0.6805702081386035,-1.09971294306191,-1.184376835259543,-1.33195897109825
2016-01-27,-0.5097983221149942,0.10420175062678183,-1.376848388000244,0.08337938758727664,-0.6673419452283149,-1.0769802102182664,-1.167167480329291,-1.3043518238945015
2016-01-28,0.2327895258169891,0.26339692427448413,-1.3282777617611254,0.21076300643968288,-0.6317378883554978,-0.9980866631877893,-1.1208482579312675,-1.2085417080902654
2016-01-29,-0.24898274766801398,-1.6960263931262667,-1.3371872920118362,-1.3571138789906134,-0.6193390875033485,-1.0551498434930284,-1.1047179945685557,-1.2778405306047473
2016-02-01,-0.6850975256852218,0.06985632609419912,-1.3009874847263114,0.055897119326653755,-0.6223846788465286,-1.0083621351826497,-1.108680167285619,-1.2210204747172808
2016-02-02,-0.8557354601771171,-1.6812285246563485,-1.2964557779759511,-1.3452730298379147,-0.677165075089064,-1.0340817869017773,-1.1799469155012445,-1.2522550040597413
2016-02-03,-0.8904042342011568,-1.593374320885041,-1.3064517394100814,-1.2749745016139884,-0.6735495983886847,-0.93647429240598,-1.1752433484342117,-1.1337182453132875
2016-02-04,-0.8256524745495011,-0.5916073136454323,-1.2531425030922654,-0.4733879729198266,-0.6855483859575637,-0.9508813747903976,-1.1908532131160614,-1.1512145334586155
2016-02-05,-1.0736258623603965,-1.0074209785871646,-1.2401243864131652,-0.8061106817487841,-0.7129882772492194,-0.9486046399537568,-1.2265512357278094,-1.1484496149505172
2016-02-08,-0.7439126114334177,-2.5229555206972405,-1.250546511626195,-2.0187999238047873,-0.7016173420527005,-0.9255751663684503,-1.2117581777871793,-1.1204820990487865
2016-02-09,-0.9452422018235733,-1.193909476679135,-1.2739300356640753,-0.9553336714725564,-0.7122494846988638,-0.9460528156337291,-1.2255901009737515,-1.145350621524357
2016-02-10,-0.5952553200096956,-1.0833094145343414,-1.2498032852585186,-0.8668345302078667,-0.7073597754010725,-0.9570987366074719,-1.2192288165494758,-1.1587650388942579
2016-02-11,-0.9611316828512867,-3.792278649568444,-1.3695978719896933,-3.0344775347761725,-0.717382471420073,-1.0524643157785474,-1.2322678780134606,-1.2745791647389115
2016-02-12,-0.5750746887558523,-0.18934465953222437,-1.3373074917240286,-0.15150841190052308,-0.7302764599477576,-1.0157757980103033,-1.249042357515749,-1.230023795277537
2016-02-15,-1.2583926150605895,-1.754650619519899,-1.362254735296791,-1.4040233796955137,-0.7659189895295073,-1.0520663604684384,-1.295411631119108,-1.2740958787696328
2016-02-16,-1.1656223094423197,-2.0859321322530637,-1.2932851957239957,-1.6691057749962528,-0.7650803962021842,-1.0561155066067607,-1.2943206601949648,-1.2790132538278371
2016-02-17,-0.7594365150007472,-1.1754591849765497,-1.3253504023726654,-0.9405702532601491,-0.7673318995925316,-1.048438292156925,-1.2972497614105913,-1.2696898701902812
2016-02-18,-0.733526215334896,-1.1014034552121275,-1.3264914383680937,-0.881312886105136,-0.7646896527222437,-1.0271464486118735,-1.2938123210971875,-1.2438325716846252
2016-02-19,-1.1527030253688195,-0.37355781990710557,-1.2346984059999568,-0.2989107386866388,-0.7769125203592382,-0.9384835820863529,-1.3097137035279016,-1.1361583723478397
2016-02-22,-1.1079666604722933,-0.5745043964306924,-1.2319656477360206,-0.45970268687863053,-0.804217655082317,-0.9339475876012026,-1.3452364141101298,-1.1306497575971082
2016-02-23,-1.2956823335341192,-2.821793413175998,-1.2995782101804743,-2.2579218225528765,-0.8136137176121749,-0.9566837702839709,-1.357460254543283,-1.1582610943638627
2016-02-24,-1.0020503807308472,-1.7275357152964077,-1.3141803262647935,-1.3823267757992903,-0.8167858886075176,-1.0108404258044719,-1.361587101501839,-1.224030167149814
2016-02-25,-0.25434913036851275,-0.35217635538710174,-1.2875125217404007,-0.2818018762474431,-0.8046216413814948,-1.0282300097966013,-1.3457619814999422,-1.2451484730035205
2016-02-26,-0.7423517172488177,-1.026641541873816,-1.2949929444268191,-0.8214904501910963,-0.8510569386703425,-1.0773849363028287,-1.4061721440250619,-1.3048433324460935
2016-02-29,-0.3530839785893402,-0.8327740800180033,-1.2567632479061879,-0.6663630157151287,-0.8560141401427869,-1.0444920380516154,-1.412621232630166,-1.2648974495544516
2016-03-01,-1.2674722395994271,-3.6692493448791823,-1.3331734730776394,-2.936032853966343,-0.8837462693767965,-1.1869648939227104,-1.4486994432158122,-1.437919722398853
2016-03-02,-0.6152913829708735,-0.9944023725290363,-1.3109804262697702,-0.7956935496580325,-0.8722965514145943,-1.1607944424855732,-1.4338038925604375,-1.4061377316376487
2016-03-03,-0.6051048098876762,-0.9472037718300967,-1.2525386858007481,-0.7579265217762334,-0.8587108645425239,-1.136173110112347,-1.4161295456761704,-1.376237026260286
2016-03-04,-0.4199339127593212,0.32748331394421387,-1.2185042898284402,0.2620431806325358,-0.8393909330287057,-1.1011525789908057,-1.3909952131561496,-1.3337072976757096
2016-03-08,-0.6670239288777843,0.23500035803332409,-1.1365010322851552,0.18804085169153706,-0.8200289361962004,-1.0538120297793618,-1.3658061556125594,-1.2762158592386421
2016-03-09,-0.4321169945964158,-0.5967116710647122,-1.146183748443081,-0.4774723399586347,-0.805181525870629,-0.9804154781676402,-1.3464903651856006,-1.1870814195507666
2016-03-10,-0.4758376114873273,-0.6389386618534754,-1.1709550955257562,-0.5112612217235029,-0.7828289263308077,-0.959269171036733,-1.3174106725832269,-1.1614008637727196
2016-03-11,-0.46745353533288736,-0.36267941983650986,-1.1918243069961225,-0.29020614082374524,-0.7767431270604835,-0.9318106763041557,-1.3094933307230332,-1.1280546439719805
2016-03-14,-0.7376989844569348,-0.5752253495362237,-1.1544642722097878,-0.46027957381245616,-0.7661034747559906,-0.8092298210201693,-1.2956516378201743,-0.9791896685437107
2016-03-15,-0.5910393235043867,-1.398117037964042,-1.2033967176783957,-1.1187349703778982,-0.7668636954583018,-0.8552882285667109,-1.2966406496035148,-1.0351240450154409
2016-03-16,-0.5094081195572173,-0.7454752492380384,-1.172204941831119,-0.5965088817515877,-0.7311977671009983,-0.8168351572360479,-1.2502409352812067,-0.9884257616210317
2016-03-17,-0.4126703948015494,-0.1229522045811251,-1.123190871287655,-0.09838298741446205,-0.6953429140228664,-0.7420388340178673,-1.2035954386821262,-0.897591407494495
2016-03-18,-0.3235427104668023,-1.1464032649113287,-1.141684069663185,-0.9173205016364917,-0.6745860661879166,-0.7409317029881693,-1.1765917448451182,-0.8962468824204118
2016-03-21,-0.8079833008605022,-1.6236931756825417,-1.1622264762330308,-1.2992348190285925,-0.678131641689136,-0.7608327474130958,-1.1812043737024591,-0.9204151628786459
2016-03-22,-0.35346239356997183,-0.0448808285136415,-1.0796239864935775,-0.03591241004462645,-0.640072563984429,-0.7483090174777619,-1.131691283360951,-0.9052060607331714
2016-03-23,-0.579368469655807,0.2089574001045833,-1.0328617572674534,0.16720198986821666,-0.6149012215645963,-0.7184564138231502,-1.0989445373436117,-0.8689523806685472
2016-03-28,-0.7450547392868998,-1.5639529024700427,-1.0488832068653102,-1.2514322882189568,-0.5886808599337763,-0.6705283407596301,-1.0648330661123149,-0.8107474399182496
2016-03-29,-0.3421027931123466,-0.06796801985903805,-0.9247395192083301,-0.05438614838309405,-0.5572547843328953,-0.6072930727874303,-1.0239492030723798,-0.7339530939245541
2016-03-30,-0.5853186699519752,-1.7971438431539148,-0.9783328253290531,-1.4380252936931348,-0.5730152385987745,-0.6623513307610347,-1.044452821209011,-0.800817093212008
2016-03-31,0.44528599302922917,0.6170766565400131,-0.8992752494603894,0.4937678436996062,-0.5164610619188674,-0.5997199834329061,-0.9708784671253978,-0.7247561621682409
2016-04-01,-0.7031606572801751,-0.3673500643319194,-0.8419891805296846,-0.29394346265684923,-0.5331313799517644,-0.5819857190015594,-0.9925657757141296,-0.703219268558756
2016-04-04,-0.658823788910045,-0.9139907951192846,-0.8332735675344425,-0.7313504072537753,-0.5041481203951271,-0.47700084058667513,-0.9548599027564756,-0.5757232471827877
2016-04-05,-0.8605687081990899,-2.7445360466871813,-0.8880446539169442,-2.196102593358587,-0.5158279930250421,-0.5436869855247968,-0.9700548739323211,-0.6567084165603452
2016-04-06,-0.5708922672469788,-0.10049483112035706,-0.8789425542907192,-0.0804132121015287,-0.5141988243278661,-0.5114244469688585,-0.9679354012138623,-0.6175280568030513
2016-04-07,-0.5652382460042822,-0.8379996400210932,-0.8877257290770658,-0.6705443657427184,-0.5211180782919119,-0.5558333777486326,-0.9769370288748308,-0.6714592712166813
2016-04-08,-0.8461683560181426,-0.17944185266534496,-0.7996473437267109,-0.14358445700543845,-0.5296487652985956,-0.5716250591151552,-0.9880350559924144,-0.6906370478209659
2016-04-11,-0.7089619384890378,-2.5532687389075064,-0.8271717778470807,-2.043055730976628,-0.542831857864911,-0.646176649163631,-1.0051856464055844,-0.781174192426406
2016-04-12,-0.5883288700516149,-0.6429543896949012,-0.8368643789906741,-0.5144744971830919,-0.5481885844632104,-0.6463296622807543,-1.0121544986214528,-0.781360015031967
2016-04-13,-0.3143311722450313,-1.868420059032405,-0.8649236628959603,-1.4950585699455927,-0.5408970433637886,-0.7037035874770328,-1.002668542708763,-0.8510362132015774
2016-04-18,-0.6636996561202869,-0.9623775736060937,-0.8692437793488967,-0.7700681824666074,-0.5373732658239483,-0.7184554259843733,-0.9980842719855679,-0.868951181014695
2016-04-20,-0.39874031814472183,0.19207103454197294,-0.7405331000348583,0.1536899825294125,-0.528216170330631,-0.6578637615602156,-0.9861713165549543,-0.7953672872266857
2016-04-21,-0.42056765851220157,0.11206734129995394,-0.7036507762405585,0.08967321786744392,-0.5239856721856301,-0.625188423483119,-0.9806676351870501,-0.7556856143529866
2016-04-22,-0.3119284179101359,0.01482157687497565,-0.6715832646170561,0.011859819969240045,-0.5191884351908009,-0.6199387659886569,-0.9744266529289534,-0.7493103110308698
2016-04-25,-0.6391118694927451,-1.0665639008211079,-0.7180515051092335,-0.8534352286621124,-0.5342155380015602,-0.6168966101327341,-0.9939762149234164,-0.7456158478482485
2016-04-26,-0.32722639344038673,-1.850878747337184,-0.7875808086215839,-1.4810224926452837,-0.5113223519339355,-0.6255531660192433,-0.9641932443857181,-0.756128565975016
2016-04-27,-0.4132720024672938,0.08416175236715212,-0.7648850278405217,0.06734392971744944,-0.5141704285480938,-0.6206361974591443,-0.9678984596247862,-0.7501572876527614
2016-04-28,0.01935544386771991,-1.3691165191885115,-0.7892242897516895,-1.0955295493492467,-0.4856597659993544,-0.6807662707552141,-0.9308074133985818,-0.8231806146884706
2016-04-29,-0.439646748987126,0.14116940725086818,-0.7724293288487769,0.11295989416526117,-0.47111652836603185,-0.6157952144512037,-0.911887337500167,-0.7442782879112748
2016-05-02,-0.5379463678822146,-0.9091023626657799,-0.7835585626197621,-0.7274388174600984,-0.4804424128788827,-0.6478453415501086,-0.9240198795964815,-0.7832006903696194
2016-05-03,-0.3461300273379021,-1.3420308708233295,-0.7816890237150717,-1.073856355189755,-0.4690524775163078,-0.6305039635261382,-0.9092021033233227,-0.7621409269387801
2016-05-04,-0.8226462477730953,-0.3817388848261345,-0.769564478234675,-0.3054570028199887,-0.5294302032687994,-0.6685622895508808,-0.9877507169548139,-0.8083598226659215
2016-05-05,-0.4901673698536659,-0.40201006473765866,-0.7788664069065594,-0.3216774459174194,-0.5192876657722989,-0.6698829554204317,-0.9745557473012466,-0.8099636693005708
2016-05-06,-0.7334697915027317,0.015672760778059236,-0.7401305393835799,0.01254091402127237,-0.5228422373243317,-0.634459559169239,-0.9791800796023782,-0.7669446921503229
2016-05-09,-0.5368344899518964,-2.838142734819619,-0.7806121913548156,-2.2710041020531038,-0.5074263221697034,-0.6380262976785017,-0.9591246908283687,-0.7712762204245412
2016-05-10,-0.6171463415146138,-0.3285435989425498,-0.7900676170357793,-0.26289159165535736,-0.5096288971348288,-0.6467157443239221,-0.96199013843796,-0.7818288818361373
2016-05-11,-0.3036704809464369,-0.5522670532843711,-0.8154417654820778,-0.44190897379842214,-0.4971732892749315,-0.6358283447075271,-0.9457859717997016,-0.7686069764038612
2016-05-12,-0.5139015892425858,-1.0438508751411688,-0.798105031237782,-0.8352608874436968,-0.4813510622856193,-0.6687653175855394,-0.9252019902223242,-0.8086063845235678
2016-05-13,-0.4448767658463289,-1.528054080314876,-0.8467745665863099,-1.222707033716054,-0.4687755778740617,-0.6297010939064644,-0.9088418697646319,-0.7611659038331904
2016-05-16,-0.536619759501373,-0.6657162156929176,-0.80906031233761,-0.5326878870797772,-0.4663132392764311,-0.6305683981872588,-0.9056384817481957,-0.7622191778550609
2016-05-17,-0.3089282100994274,-0.3287096780151783,-0.8405865234894496,-0.2630244835816785,-0.46605595536473565,-0.5719001083604058,-0.905303767342817,-0.6909710738729212
2016-05-18,-0.548370388244437,-0.42212796911242273,-0.8424124536487998,-0.33777524212734295,-0.46056408546588573,-0.5513147302490123,-0.8981590999771144,-0.6659717230392632
2016-05-19,-0.7190138847908147,-1.7454375651563363,-0.8701273459833682,-1.3966513458667011,-0.47581520768712826,-0.6251405077916844,-0.9180001008076828,-0.7556274244487678
2016-05-20,-0.740747567478585,-0.7331730044213035,-0.8030819112411722,-0.5866649623107135,-0.4910618700188608,-0.657347087800168,-0.9378352995293844,-0.7947398268747757
2016-05-23,-0.6289154082845361,-0.4547535256731353,-0.8148905343929315,-0.3638813191304972,-0.5061564886081179,-0.6752395229953937,-0.9574726964121801,-0.8164688066532121
2016-05-24,-0.6435462521570752,-0.3307156205110975,-0.7979810670759317,-0.26462958383996577,-0.5063676496873717,-0.6472011589562439,-0.9577474071572704,-0.7824183803931973
2016-05-25,-0.6587896104947378,-3.492071864989683,-0.9084020674867429,-2.7942602860528205,-0.5221563743090075,-0.7097362919756504,-0.9782878037121655,-0.8583624665946717
2016-05-26,-0.05763889450028735,-1.3765651326502932,-0.8691786139448359,-1.101489725882577,-0.5052214644058166,-0.7653950374804135,-0.9562562734037394,-0.9259557115817403
2016-05-27,-0.27433916473373227,-0.5945903047067282,-0.8675664777785633,-0.47577488068647256,-0.5192069219582668,-0.7358829104012339,-0.9744507033537892,-0.8901155140052107
2016-05-30,-0.4203400265607283,0.2566741001955082,-0.7967300058042996,0.20538358669682555,-0.5182875542236763,-0.731481782185445,-0.9732546486818124,-0.884770683915861
2016-05-31,0.3252673773069834,0.7455962357157476,-0.7397975454935716,0.5966056918181863,-0.47718213778609564,-0.6684320436483838,-0.919778413304003,-0.8082016490830245
2016-06-01,-0.389897278104267,0.04805730729720781,-0.7445980030683971,0.0384541413885317,-0.4792662925844939,-0.6154648771446559,-0.922489801783236,-0.7438771187816554
2016-06-02,-0.5556521191930731,-0.47135073599358046,-0.764045272311515,-0.37716195236220273,-0.4665522864616357,-0.618879398551428,-0.9059494710204202,-0.7480237911485665
2016-06-03,-0.2909475934533891,0.8200144834615206,-0.73720550875863,0.6561531359353675,-0.4570656304425749,-0.5723160375108192,-0.8936077726704238,-0.6914761876821921
2016-06-06,-0.45702713200410383,-0.1038988659812371,-0.7051166742639677,-0.08313702758753232,-0.4439016942759736,-0.5768721299683813,-0.8764821038425065,-0.697009209867203
2016-06-07,-0.34300755927362736,-0.4113204443758926,-0.6571313974985914,-0.3291273567660522,-0.4346718404341513,-0.48440180876423583,-0.864474493183761,-0.5847111510715763
2016-06-08,-0.431987025354118,0.1977471890860376,-0.6533452162746285,0.15823188597045895,-0.42585473014079434,-0.4643483098296732,-0.8530038426889375,-0.560357726393404
2016-06-09,-0.2774441290869504,-1.0827808858327863,-0.643800695162771,-0.8664116160131158,-0.42460585624272357,-0.48456272136370626,-0.8513791158203544,-0.5849065669879587
2016-06-10,-0.18329084827090508,-0.5342016211883163,-0.6663130627774105,-0.42745350970489066,-0.4088624876250245,-0.4651433224237631,-0.8308977253175206,-0.5613232077486301
2016-06-13,-0.4688244966271791,-0.8669978381793864,-0.664909578627864,-0.6937479298770001,-0.4100028557574459,-0.4399547936695224,-0.8323812912305267,-0.5307336862006911
2016-06-14,-0.515944671131137,-0.04466576189112548,-0.6216640749967905,-0.03574031962226802,-0.40901832773981567,-0.4162906237905934,-0.8311004660602773,-0.5019953807010608
2016-06-15,-0.35389062490532164,-1.6437374243704435,-0.6637306929816008,-1.3152736779747374,-0.4111593951115249,-0.4663977282855009,-0.8338858951509455,-0.5628465867245074
2016-06-16,-0.37754063717758235,-1.0088432188868517,-0.683958464786574,-0.8072487194926469,-0.4030246450607222,-0.48875360816003927,-0.8233029636018405,-0.5899960751212918
2016-06-17,-0.2773001530413987,-0.37086032806867175,-0.696842901081465,-0.2967522795805546,-0.3819906578345596,-0.4363774621464132,-0.7959387243038841,-0.5263892935298071
2016-06-20,-0.3472209508982813,-1.3811846007758777,-0.6482776299466736,-1.1051860977858643,-0.36325129514025944,-0.4610689447880871,-0.7715596848215264,-0.5563751909868345
2016-06-21,-0.3883494205910013,-0.3719250786456161,-0.6497236792701091,-0.2976042638371032,-0.35179577191675776,-0.4579128945360207,-0.7566565817911465,-0.5525424118621026
2016-06-22,-0.3362636304430131,-0.4859780499623601,-0.6475140458260421,-0.38886632847323316,-0.33716326612085,-0.4638289299947477,-0.7376203721641901,-0.5597269797226861
2016-06-23,-0.42146035909121765,-1.3191803892641882,-0.6566916962968095,-1.0555720255406345,-0.3258618731968729,-0.38103425092273885,-0.7229177854864116,-0.45917924054194803
2016-06-24,-0.060996833368089594,-1.7651534647911094,-0.6645950091126839,-1.4124274688914238,-0.3260217750477206,-0.39584081011363637,-0.7231258103589067,-0.4771606623963126
2016-06-27,-0.49311175061576473,-0.11793766405036077,-0.646335724057932,-0.0943704893904678,-0.3364395172325793,-0.377678696242398,-0.736678808514972,-0.4551041787072113
2016-06-28,-0.31504863265358646,-0.41224344630018994,-0.6491201830007658,-0.32986591763213047,-0.33142564133223923,-0.4031667678771102,-0.7301559891145445,-0.4860574719341601
2016-06-29,-0.14299786032349165,-1.4045282318363,-0.6818668584248949,-1.1238650321624337,-0.3537239859813094,-0.4850939452095207,-0.7591650986269105,-0.5855516972945704
2016-06-30,0.5292127973160093,-0.29737195284983636,-0.6335980046813449,-0.23794889399755298,-0.3099568395327249,-0.49825599451361996,-0.7022260762755945,-0.6015359889827062
2016-07-01,-0.08966617835154993,-0.45894837244812203,-0.6244571836155722,-0.3672379206560666,-0.28776703282598565,-0.49778342157523253,-0.6733581695791718,-0.6009620856704955
2016-07-04,-0.1449611216615432,-0.5132152585972651,-0.6264059080463766,-0.41066079701051655,-0.28081529607399297,-0.548584085048846,-0.6643142833215385,-0.6626555654738396
2016-07-05,-0.11063377834070146,-0.6777233424912448,-0.6379728321123815,-0.5422956611632769,-0.2643203744709738,-0.5704487818857862,-0.6428551573321197,-0.6892085500311507
2016-07-07,-0.22867459352882777,0.14734945868112603,-0.5166587879900212,0.11790500209687714,-0.2588759475307453,-0.5491615267018373,-0.6357722110494793,-0.6633568237354552
2016-07-08,-0.2103985518065404,-0.31642756321513554,-0.4813208690088493,-0.253196671628959,-0.2483241154570511,-0.568753362778,-0.6220447681832371,-0.687149594550407
2016-07-11,-0.21702259693388845,-2.557648784848333,-0.5467561516802361,-2.0465605238035574,-0.24544689964023864,-0.62495092981564,-0.6183016441964928,-0.7553971966478588
2016-07-12,-0.05044389830863028,-0.4299146216164489,-0.5696424424073013,-0.34400590824605365,-0.23912085440393985,-0.6209772345080764,-0.6100717535060363,-0.7505714507926071
2016-07-13,0.024640842794677067,0.30256400446775994,-0.5844101834489008,0.24210343153286462,-0.215622504907661,-0.5764128839647495,-0.5795014934878411,-0.6964514910873186
2016-07-14,-0.14888329692603625,-0.6993341519049564,-0.6093232320889731,-0.5595880391064694,-0.19814339185027524,-0.6013580134639971,-0.5567619801813286,-0.7267454230504904
2016-07-15,0.012224959965216041,0.009121507414614038,-0.5933074906420333,0.007298780467013752,-0.18070931638024965,-0.5383783725858186,-0.5340810586817177,-0.650261516407068
2016-07-18,-0.2658720013096266,-0.5140525978671112,-0.6377763933529876,-0.41133081296612756,-0.17539176229129935,-0.5195251389416986,-0.5271631680789854,-0.6273657211650356
2016-07-19,-0.00718797525959817,-0.1395270700886474,-0.638964000156568,-0.11164574093871495,-0.16252927763502314,-0.5107105418635158,-0.5104296736484647,-0.6166610742247464
2016-07-20,-0.02579014295735338,-0.43518259839261614,-0.6397594052904588,-0.348221199013999,-0.14722304868545516,-0.47466459430295077,-0.4905169815268151,-0.5728860566213799
2016-07-21,-0.12226587937001629,-0.9840491482555755,-0.6791526165351792,-0.7874091830875826,-0.13455240386540823,-0.4979886380767831,-0.47403306180265015,-0.6012113052520527
2016-07-22,-0.017495598052805813,-0.502991876232367,-0.6598263162151652,-0.40248032637995235,-0.11937297375158884,-0.4986369236913888,-0.4542853290701463,-0.6019985980300742
2016-07-25,0.013658073762308012,-1.8184045394336006,-0.7026330801566747,-1.455037520693318,-0.09865304837761144,-0.5176590901272308,-0.42732966963796387,-0.6250995490921606
2016-07-26,0.08869908558940418,-0.6576663895881013,-0.6956553652036318,-0.5262466366519639,-0.09152467128439744,-0.47546000287773277,-0.41805598251020165,-0.5738520188645543
2016-07-27,0.27664510119136193,-0.24235379236773763,-0.7022449662195189,-0.19392486849335178,-0.0548695831031057,-0.4802006875969177,-0.37036941725295186,-0.5796092140856162
2016-07-28,0.7740569437972084,-0.03001710771552768,-0.6484542889976884,-0.02401886766208172,-0.003007412795924985,-0.46563654236024865,-0.3028991452813181,-0.5619221852443863
2016-07-29,0.102943453929739,-0.20116913039758105,-0.6215318193813795,-0.16097002970796542,0.008704078358990758,-0.41978439938622647,-0.2876630398747123,-0.506238301155408
2016-08-01,0.2719745183864682,-0.03161809271882848,-0.6102237448697179,-0.025299932023368228,-0.003545363494796915,-0.40965825833983666,-0.3035989941257695,-0.4939408854246912
2016-08-02,-0.08091308405628703,-0.07647651164390107,-0.5667334752319854,-0.061194410528844494,-0.0031285494807367768,-0.39508475785758795,-0.30305673847538583,-0.47624249536069857
2016-08-03,-0.05131140358773303,-1.2935127022097432,-0.597453062684123,-1.0350334451952155,0.0013309609037303748,-0.4248167887235261,-0.2972551228330365,-0.5123497490916051
2016-08-04,-0.08324866405136969,-0.039366127642157966,-0.5825659986067829,-0.031499697411436454,0.002635013965127126,-0.4004931714020098,-0.295558610438805,-0.48281059563648004
2016-08-05,-0.08764890301550662,-2.170483289402123,-0.6109427619447142,-1.7367612957574574,0.009350523037190037,-0.48881061415697813,-0.28682204540814094,-0.590065304499027
2016-08-08,0.026862816742283614,-0.02868522516065347,-0.5530604872903654,-0.0229531317114321,0.020648683444276898,-0.4778466360656674,-0.2721236640845242,-0.5767504004271163
2016-08-09,0.1643871367967348,-0.21824173659149254,-0.5564039563750699,-0.17463106170027445,0.038811051717163716,-0.3887071378702729,-0.24849526751410578,-0.4684973687623975
2016-08-10,-0.05847998842940721,-1.6115750971945717,-0.5963816780715493,-1.2895382644411326,0.03842838075903149,-0.4337324881652767,-0.24899310463638394,-0.5231771770390379
2016-08-11,0.20188167450084277,0.05280696638196258,-0.5478038381309406,0.0422546885324432,0.04686842036408699,-0.44324909497482057,-0.238013005573202,-0.5347343605452319
2016-08-16,0.0003158583514091556,-0.24577334818457847,-0.5460838846420987,-0.19666110342331863,0.05397314204396534,-0.4259668599422896,-0.22877009303820958,-0.5137464217067974
2016-08-17,-0.21334158899135083,-0.06092941754768949,-0.5328165861454175,-0.048754051545367896,0.04323187780793834,-0.4286360424190696,-0.24274397833902547,-0.5169879375446407
2016-08-18,0.01572933008482321,-0.5029795271130254,-0.5324753950959429,-0.40247044495280027,0.05664146501719786,-0.42821412013272064,-0.22529872892741706,-0.5164755455349385
2016-08-19,0.1451382615617272,0.2781934491719947,-0.5006115020405015,0.2226027805025307,0.06389509534202288,-0.4122975238736138,-0.21586209316962132,-0.4971460694473038
2016-08-22,-0.19867560454188615,-0.5593686001173,-0.5241687706671158,-0.44759143711876287,0.05566245431418799,-0.4170294399738407,-0.2265723763279014,-0.5028926158582989
2016-08-23,-0.0021336653654530336,0.23062462301959274,-0.5059336977926248,0.18453950835042676,0.06138303593345291,-0.37074616895298307,-0.21913016564906498,-0.44668516007494874
2016-08-24,0.05301581440838168,-0.09238593936038486,-0.4237582696096932,-0.07392469895380221,0.0647407222411285,-0.3551006628850712,-0.21476197189565127,-0.4276849020740829
2016-08-25,0.689352789605906,-0.5073701618341997,-0.4263401209502849,-0.4059837106318209,0.09691666109082364,-0.3051457195488094,-0.17290257163775258,-0.36701848401846743
2016-08-26,-0.2279565693490351,-0.32755210987872585,-0.44734399142850106,-0.2620982292555526,0.08183782037946938,-0.2925672239585041,-0.19251944223507025,-0.35174287321743875
2016-08-29,-0.3024095895114727,-0.790595456018873,-0.45038603489896495,-0.6326128357309396,0.05426378748885821,-0.31345712716029395,-0.22839197682945686,-0.37711204623902417
2016-08-30,-0.026184400585386874,-2.4001218046600883,-0.5306941453014551,-1.9205117476787448,0.016157056803972735,-0.40376631192299217,-0.2779670614823072,-0.4867855718438207
2016-08-31,0.443869576018637,0.5278260959887492,-0.49596485550625974,0.42235198901556,0.03239163404630121,-0.3759890729361577,-0.2568466314000987,-0.453052261779533
2016-09-01,0.020014848352131555,0.41076733278449573,-0.47762170874382165,0.3286847720159829,0.02039355452085661,-0.35913265845809333,-0.2724555749503642,-0.4325814490961629
2016-09-02,-0.056497092937831936,-0.10280483502985155,-0.46654244996506283,-0.08226161397711446,0.021556220764592564,-0.3601358586222967,-0.27094300023140294,-0.4337997581661053
2016-09-06,-0.040376146792058094,-1.4770909458936983,-0.48297717655300026,-1.1819277290306136,0.02207694727867232,-0.3671308245192204,-0.2702655592504393,-0.44229460366179635
2016-09-07,0.23045913909464452,0.4816600253366826,-0.45015544650069855,0.3854111634044126,0.037015414095149184,-0.34727792638513233,-0.2508313085629518,-0.4181847931529359
2016-09-08,0.30075972801803635,0.04425089178143171,-0.38806693212686416,0.035408351920513455,0.055511063191984567,-0.2628888955433242,-0.22676932913818015,-0.31570083696273626
2016-09-09,0.004346632350630714,-1.0018993272834127,-0.39954136338337454,-0.8016924075700105,0.054438863935239196,-0.2999717182032565,-0.22816421051379387,-0.3607350592423296
2016-09-12,-0.5497090091300109,-1.6481906578702168,-0.44640259223345713,-1.318837033482306,0.020434285557775114,-0.35445771685954375,-0.27240258576533205,-0.4269040938143419
2016-09-14,-0.12150144663056063,0.17887928144058862,-0.43943937926158666,0.14313430291577967,0.017433263738672572,-0.2862352136520717,-0.27630677560405964,-0.3440531360517547
2016-09-15,0.07680037158774974,-0.11256590374482223,-0.4364859383731614,-0.09007215388413203,0.011477011219001474,-0.29253649186238484,-0.28405558316559537,-0.35170555146174487
2016-09-16,0.6741756445545115,0.05818310841540114,-0.4334925650020203,0.046556530177463584,0.04356557246676825,-0.2809546997861571,-0.24230985710473502,-0.33764036005115594
2016-09-19,0.03202654744580104,-0.45341049546264584,-0.4460570311293119,-0.36280666313107063,0.055249769439965964,-0.2959095860521429,-0.2271092601593612,-0.3558019136751775
2016-09-20,-0.12492890254235757,-0.5182330647267133,-0.42021437654654414,-0.4146759080771586,0.04855175836248115,-0.29649079858187427,-0.23582306111273826,-0.35650775137517243
2016-09-21,-0.0418773896264625,0.056008365002222504,-0.4170352267917315,0.04481636004731136,0.03964625116304356,-0.3049568186035514,-0.24740871187190452,-0.36678907841912595
2016-09-22,0.03210824474305391,-1.0009603447370758,-0.3780511286362299,-0.8009410594477594,0.050635958271850225,-0.32178299109540837,-0.23311161394622978,-0.3872231645474134
2016-09-23,0.3238177659814233,-0.19011887956849116,-0.3834322504498245,-0.152127921573762,0.06615745500265387,-0.3378147734727507,-0.21291886845117386,-0.4066925252738123
2016-09-26,0.14126880487483023,-1.5990617350699892,-0.42945958373244103,-1.279525414711357,0.07035997835819903,-0.3952243313659676,-0.2074515809835201,-0.47641199660008243
2016-09-27,-0.01644613222335899,-0.23208556367686795,-0.38347659928185096,-0.18570851306073238,0.03675050589013879,-0.38473503624353483,-0.2511759418194026,-0.4636735583093455
2016-09-28,0.1762145592249856,-0.4004493402872096,-0.39858514283748997,-0.32042859694810577,0.0559967501079493,-0.3875126728003231,-0.22613747304501802,-0.46704678324579246
2016-09-29,0.7634165156142754,-1.1214007548408862,-0.4277727230593669,-0.8973141776997191,0.10675037416155635,-0.4001174986083602,-0.16010936820173127,-0.4823543700614002
2016-09-30,-0.12652304473616077,-0.13282256506037665,-0.4301691613097899,-0.10628097959861757,0.10197234348770998,-0.31372555727121126,-0.16632536392932595,-0.3774380338638726
2016-10-03,-0.32970231749528495,-2.5185078049345364,-0.49735343723717357,-2.0152409834393343,0.06513558665371369,-0.42980141310239667,-0.21424827165612711,-0.5184031901771696
2016-10-04,0.2203592697025333,-0.060084829068217493,-0.5086293798451806,-0.048078234970712924,0.07467579719420903,-0.4477425086731917,-0.20183690136403687,-0.5401912642211557
2016-10-05,0.21240662349710238,-0.3110630434617817,-0.5003525279566633,-0.2489041298142198,0.08748073607206303,-0.45567786657019677,-0.18517827131535697,-0.5498281431254141
2016-10-06,0.09818412547126272,-0.5107013100770237,-0.5250633923932172,-0.4086492042418458,0.0940788442750783,-0.4188550796754936,-0.17659443935616745,-0.5051097141865641
2016-10-07,0.08845506966310315,-0.0766616307795277,-0.5245392487738553,-0.06134253779221954,0.0873167457307192,-0.44012906544676184,-0.185391615123872,-0.5309453258060477
2016-10-10,-0.07447668150411517,-0.3080579022049502,-0.5178955067862137,-0.24649949806762547,0.06944834527728341,-0.45355324877953024,-0.20863757323072843,-0.5472479590137165
2016-10-13,-0.10432546160188293,-1.64129408092768,-0.5616869058211788,-1.313318581455748,0.06427348366049704,-0.47791639991694634,-0.21536982756239495,-0.5768351232329929
2016-10-14,-0.04304139265209258,0.03500850783469445,-0.5341667736927266,0.0280128493623505,0.08840051301658838,-0.413780691210058,-0.1839816842802831,-0.49894726155502944
2016-10-17,-0.24666320184264456,-0.7593423149026324,-0.4794741240341447,-0.6076049279868149,0.08244042943506058,-0.4495301783958958,-0.19173547587514955,-0.5423622509443898
2016-10-18,-0.13679532357137492,-1.811215252925573,-0.5574421689979554,-1.4492848504874611,0.07226920585605465,-0.5142545925198638,-0.20496776478814954,-0.6209650498549663
2016-10-19,0.21239482242095767,-0.06687752492808274,-0.5733636642550413,-0.05351356419940076,0.05027964289731398,-0.5190198351092382,-0.23357516367978778,-0.6267520687114877
2016-10-20,-0.04286843040951667,-0.4014085288522416,-0.5833171207157878,-0.3211961133732332,0.046713215380394094,-0.5170383803588651,-0.23821492003993355,-0.6243457450482764
2016-10-21,0.09510792729589193,0.06908003138869201,-0.531778088139708,0.055275949559897536,0.05719115965840597,-0.49465972047138623,-0.22458360176008127,-0.5971685920862646
2016-10-24,-0.02556108596874883,-0.061578486768260166,-0.5498860385432062,-0.049273418962780785,0.057968126499249484,-0.4991401861385335,-0.22357280402920815,-0.6026097713789189
2016-10-25,0.017215056734688598,0.07548708881732286,-0.5488448319753431,0.060402701475507324,0.05725892707027971,-0.45812381657075885,-0.22449543950842743,-0.5527985603727802
2016-10-26,-0.002491273961580841,-0.4705359106084292,-0.531132718086177,-0.3765099514006468,0.04172040135870808,-0.4688086751339439,-0.24471033891561256,-0.5657744953487444
2016-10-27,0.6264257681175713,0.41557458677560216,-0.4623405432646497,0.33253140502688666,0.0648231138940767,-0.3920440646702179,-0.2146547841863888,-0.4725498084759964
2016-10-28,0.20021926328768913,-0.1531023805706192,-0.47340659866502327,-0.12250833266568173,0.07514051368031709,-0.3890345322704536,-0.2012323268249904,-0.46889496395966823
2016-11-01,-0.1014707107573783,0.02817855206220876,-0.46871511680478883,0.022547705771838983,0.06191740558591881,-0.3727023273790277,-0.21843497557946873,-0.4490607633072177
2016-11-02,-0.508701649201069,-1.6668564079853132,-0.5262164340181461,-1.333772855616698,0.001340350118521458,-0.3934860739465029,-0.2972429079011931,-0.47430101730044283
2016-11-03,-0.23306844935471488,-0.256455223317291,-0.5196512582799675,-0.20520844741218638,-0.003733240577600166,-0.3981969057471491,-0.3038434134741865,-0.48002195845903756
2016-11-04,0.024217052174285807,-0.4148209340814619,-0.5162041872584592,-0.33192835277763855,0.013120062739998443,-0.3180391614299254,-0.28191804953889865,-0.3826765727499538
2016-11-07,-0.2971713965058094,-0.7414864737273786,-0.5427873485494459,-0.5933171728090658,-0.01152425469849407,-0.3440029203746089,-0.3139791605622479,-0.41420755145271665
2016-11-08,-0.08885158327657082,-0.40169004356459115,-0.5228116718436964,-0.3214213737375872,-0.025869883592478507,-0.34745612246619784,-0.3326421566796171,-0.41840119852201063
2016-11-09,0.5801951747365646,-1.664035130960305,-0.5719422135567568,-1.331515346993817,-0.0029169764846069916,-0.39140212926391066,-0.3027814918455942,-0.47177022753519554
2016-11-10,0.09156020318747224,-0.5512684054198743,-0.5370157692350863,-0.44110988312234206,-0.002769112983446558,-0.4094862885653451,-0.30258912830625756,-0.49373204142376803
2016-11-11,-0.2759748904581351,-2.405428279994939,-0.6094605264456887,-1.9247578439391766,-0.012364265790780841,-0.4894033526544666,-0.3150719759326823,-0.5907851395961112
2016-11-15,0.09291721675619366,-1.4077594476936248,-0.6430375300259025,-1.1264505626139423,-0.0029717572975390986,-0.4805048755667616,-0.30285275913590365,-0.579978626866686
2016-11-16,0.06440932937310453,0.1567585083727791,-0.6004322212521137,0.1254338660204612,0.0021449437512798108,-0.47586577953542303,-0.29619616899868845,-0.5743448032560197
2016-11-17,-0.2563452188994023,-0.4100298097750268,-0.609672462742602,-0.32809462629874386,0.001683895320005632,-0.46255576516932434,-0.29679597156896104,-0.5581808194351462
2016-11-18,-0.33873086603167324,-0.11865648389928185,-0.5296774187080936,-0.09494566935076698,-0.007932082892389527,-0.39806342321043414,-0.3093059120789859,-0.47985985423401695
2016-11-21,-0.47884335243162346,-2.3196530636178587,-0.6049963598597483,-1.85612286450104,-0.04084818645679815,-0.48390196132003593,-0.3521282322129664,-0.5841041249798892
2016-11-22,-0.30187355167274355,-0.8751594686210487,-0.6237995740317238,-0.7002786430737183,-0.053181763659808964,-0.5019535103533924,-0.3681736426410577,-0.6060263362180732
2016-11-23,-0.18119369414796618,-0.4371931582669796,-0.6213493023047223,-0.34982999397208375,-0.0663389837285641,-0.521244269569201,-0.38529057413797646,-0.6294534724539971
2016-11-24,0.4689817283650167,-0.38050417302465683,-0.6314773870462267,-0.30446902024546635,-0.04278932590314669,-0.5333964410588528,-0.3546535643694163,-0.6442113455820323
2016-11-25,-0.5548482959227797,-2.7417350448180633,-0.7125999584666637,-2.193861308360273,-0.07003043793445471,-0.6407423462891281,-0.39009298440671497,-0.7745746515600246
2016-11-28,-0.4110092142188204,-0.060927894147928874,-0.6599210855740054,-0.04875283256259336,-0.08948367318479947,-0.6251348644396969,-0.4154007388893152,-0.7556205710339094
2016-11-29,-0.3232677603040751,-0.0419507943108508,-0.6624863956455235,-0.03356787690608559,-0.13470717453821118,-0.6425681635793622,-0.4742344112511094,-0.7767919655558971
2016-11-30,0.07924864987730591,-0.6624272692970268,-0.6592558941253367,-0.5300561622320924,-0.14046767993870563,-0.6619752030825247,-0.4817285609128641,-0.8003603152144196
2016-12-01,-0.3350117844749091,-0.5049842936990554,-0.6157148621511195,-0.4040746042801931,-0.15158868344906423,-0.6822905511802405,-0.4961964693516573,-0.8250317354649708
2016-12-02,-0.38005974547680615,-1.774908905125606,-0.6726492414910369,-1.4202335051225028,-0.1454628785098136,-0.6864077249662311,-0.4882270819764592,-0.8300317248439442
2016-12-05,-0.6242711360353687,-1.1856672964298172,-0.6987912004102894,-0.9487385045253763,-0.16409157787555903,-0.7218139181620974,-0.5124621536142272,-0.8730298102129875
2016-12-06,-0.5627423260405733,-0.45573764158150953,-0.7162851228426295,-0.3646687817332037,-0.19204202445721902,-0.7233729862076005,-0.5488243849173802,-0.874923177866094
2016-12-07,-0.2172792460058925,-0.8341980846913694,-0.7420391094400665,-0.667502465262497,-0.18823763633817533,-0.7269056191815734,-0.543875052879072,-0.8792132876034525
2016-12-08,-0.6011860546567613,-3.105494965437725,-0.8480718445819014,-2.4849320363243006,-0.21263451592770824,-0.8299299364476073,-0.5756142587668185,-1.0043283589805563
2016-12-09,-0.23118860715331238,-0.07404687417036693,-0.8348555433672993,-0.059250281151134156,-0.2512718388748452,-0.7693458856931938,-0.6258796192802453,-0.9307537114060506
2016-12-12,-0.9122326652319853,-2.661731633720571,-0.9374324173838384,-2.129844769462629,-0.29907149927577176,-0.8497618326617788,-0.6880647547711084,-1.028412664280752
2016-12-13,-0.45810187857876955,-0.6382068840111373,-0.9536025674985223,-0.5106756731316887,-0.307744212995802,-0.782424586432851,-0.6993475520384942,-0.9466367827040291
2016-12-14,-0.655051329371076,-0.7701934299551417,-0.9802149668991007,-0.6162876931253571,-0.34336176281138625,-0.7581311164572041,-0.7456843281276343,-0.9171342408706102
2016-12-15,-0.3603859194823001,-0.4767385784100168,-0.9405443725799242,-0.38147315633331674,-0.36359010799497693,-0.7822695460930983,-0.7720004645906697,-0.9464484981932529
2016-12-16,-0.2506480615479767,0.13350297168695696,-0.9275457660797826,0.10682542235023643,-0.3633188147877662,-0.761559067586004,-0.7716475247432598,-0.921297222597046
2016-12-19,-0.4435163450292985,-1.0464660787861475,-0.9486006042366054,-0.8373535017906029,-0.36830859950193884,-0.7969118215117105,-0.7781390026307271,-0.9642304101023829
2016-12-20,-0.5828453575615665,-0.5898875449827744,-0.9435473066117853,-0.4720118611268703,-0.373261075936698,-0.731001773731988,-0.7845819441815176,-0.884187750745231
2016-12-21,-0.5992960579273015,-0.6096600710407164,-0.9504796408609895,-0.48783329506486145,-0.38742405242501027,-0.7208853285887092,-0.8030073180124692,-0.8719021099395221
2016-12-22,-0.8592911558545543,-2.225856284956393,-0.9692070126608592,-1.7810692505702752,-0.41971440774437163,-0.7890395789029088,-0.8450155687770222,-0.9546701798379614
2016-12-23,-0.49525529205831714,-0.39439038356222333,-0.963977745265604,-0.3155803856838191,-0.465630456335959,-0.7895686915428303,-0.9047502128921416,-0.9553127462481746
2016-12-26,-1.217371077761115,-2.52175976179962,-0.9678554613257601,-2.0178431102773184,-0.4971791602330226,-0.7811868725864992,-0.9457936096431777,-0.9451336748908431
2016-12-27,-0.9908055166174754,-3.7311323465696713,-1.0453012246216282,-2.9855499374316294,-0.524788507966292,-0.921034353770739,-0.9817120872057177,-1.1149676330727036
2016-12-28,-0.4212150045102099,-0.21162200752957405,-1.0575805751517067,-0.16933413576710693,-0.5294526624522983,-0.9274994137165019,-0.9877799353081907,-1.1228189487429903
2016-12-29,-0.05341974957953256,-1.101384473818539,-1.080625730619824,-0.8812976977137372,-0.5357702052835763,-0.9442252011203898,-0.9959987647650783,-1.1431311249399163
2016-12-30,-0.5752513239511942,-2.0249741248479403,-1.144169651984779,-1.6203288466298162,-0.5472101833538756,-1.0021420698037051,-1.0108816442739936,-1.2134666860146839
2017-01-02,-0.41761132244513444,-0.3823446401011304,-1.0795927045342213,-0.3059417116041801,-0.5489983536857007,-0.9490805558266422,-1.0132079707255333,-1.1490275779983266
2017-01-03,-0.2996235225505002,-0.4145885291756293,-1.0642403398860407,-0.33174238873572903,-0.5335389435197546,-0.9196997884080876,-0.9930959969643233,-1.113346906577867
2017-01-04,-0.38021202034543955,0.032817580638433985,-1.0485733152558605,0.026259729412122398,-0.5248470242009388,-0.9010841450202148,-0.9817882141059803,-1.090739646340557
2017-01-05,-0.3983151977996649,-1.350455206340163,-1.0809050163663771,-1.0805972777942048,-0.533467783810166,-0.9207553265693437,-0.9930034214910847,-1.1146287761004359
2017-01-06,-0.18963284923946935,-0.6703882690693509,-1.0118601238414202,-0.5364263362608982,-0.5138700121236282,-0.8279693408520388,-0.9675076318259612,-1.0019473671488146
2017-01-09,-0.5987712905830946,-0.360424958911284,-1.0218433593335319,-0.2884021829232869,-0.5313739494298083,-0.8388813361745223,-0.9902794403258243,-1.015199142165326
2017-01-10,-0.30775342694992563,-0.8564612797131125,-1.0489937088469408,-0.6853168643055388,-0.5025892237973293,-0.7700942930718038,-0.9528318507716456,-0.9316625943288283
2017-01-11,-0.11815302174883273,-1.1238867725056654,-1.0643756922872287,-0.8993034209626549,-0.4864011829959038,-0.7886003763018498,-0.9317719624351009,-0.954136802221504
2017-01-12,-0.014602045981449091,-0.09071686512918575,-1.0505667780015664,-0.07258915145677852,-0.4559035980725882,-0.7627099695557271,-0.892096022591735,-0.9226949040950765
2017-01-13,-0.1916323305297791,0.008883711771561886,-0.9911070241049942,0.0071085029047909636,-0.44786771288437294,-0.7442060810205791,-0.8816417096316267,-0.9002233614897435
2017-01-16,-0.4239312864757486,-0.29836220257713464,-0.961530187643238,-0.23874126471420556,-0.45611929502379067,-0.7606616375474572,-0.8923766342953118,-0.9202073631705691
2017-01-17,-0.18026922132641704,-0.42230133965911776,-0.960415644245825,-0.33791396849155614,-0.4435837177046058,-0.736878802628455,-0.876068431109111,-0.8913249481504613
2017-01-18,0.00879733200125854,-0.17320290875374678,-0.9383824717145708,-0.1385922249228546,-0.41541025629685224,-0.7210016770949305,-0.8394160678874302,-0.872043406208663
2017-01-19,0.08218939351993364,-0.030574510412836653,-0.8358851232137412,-0.024464886037603835,-0.38295856813269813,-0.698936514760299,-0.7971979305938012,-0.8452469717968142
2017-01-20,-0.17314155961754177,-0.9453153133943554,-0.8649274045212075,-0.7564154290459384,-0.35028477783569756,-0.6501434756400926,-0.7546908487531184,-0.7859915966171223
2017-01-23,-0.11537095367162513,-0.3884548586333338,-0.7891515120182997,-0.31083094116294535,-0.3321950474363313,-0.6499173116152891,-0.7311569506784792,-0.7857169378874443
2017-01-24,-0.08192732228648839,-1.1318598697920366,-0.8056066115443296,-0.9056832750909457,-0.27812629717563475,-0.596957319463557,-0.6608160207935908,-0.7214011202821247
2017-01-25,0.7027702406184807,-0.7649409449593374,-0.8054315287111361,-0.6120847984558605,-0.19747983254535115,-0.48393516998852043,-0.5558987203812208,-0.5841444543413258
2017-01-27,0.2315890748611174,0.21625843197277064,-0.7823316283650431,0.173044075651449,-0.16639392400385938,-0.4676314456352559,-0.5154573988677362,-0.5643448411014345
2017-01-30,0.05064808470749491,0.6763585250013134,-0.7642364432545646,0.5412035715794241,-0.1614383128473343,-0.3998932899546291,-0.5090103791896933,-0.48208208597877433
2017-01-31,0.1092231382421785,0.6431305709808552,-0.7079165549289979,0.5146154726238976,-0.12884429083812604,-0.29822927475207134,-0.46660707218219205,-0.358618996330671
2017-02-01,0.18560307983698338,-1.085266053635279,-0.7244291718840814,-0.8684001792395208,-0.10011979549135853,-0.3250130113061352,-0.4292378394290075,-0.39114577447037974
2017-02-02,0.25787229528654204,0.41889676522080754,-0.6901439440086973,0.3351897212504692,-0.07357237559435652,-0.2932543394020305,-0.39470088060166186,-0.35257732182183105
2017-02-03,0.27913394190411867,0.3237934842103272,-0.6051556183698066,0.2590906799148202,-0.042174948820568034,-0.2821671512828544,-0.3538542883535998,-0.33911278869301575
2017-02-06,0.2903177961631201,-0.34719802569783886,-0.6035825397743272,-0.27781835314728887,-0.009382901489006843,-0.24393958344252512,-0.3111933596099219,-0.29268836186021857
2017-02-07,0.33991349527568754,0.05573086939757799,-0.5176661854010871,0.04459431566289126,0.01583359110695301,-0.2162719333509161,-0.27838787531293074,-0.2590881390399149
2017-02-08,0.3912835622302619,0.34049754738365323,-0.38194518893597634,0.272456813873544,0.06297906028854142,-0.18956436207487648,-0.2170538121784455,-0.2266538577441489
2017-02-09,0.3977023856916389,0.0036119846072175665,-0.3747707225314166,0.002890211178919879,0.09657219422385402,-0.15679259657561656,-0.17335070701392366,-0.18685508121835265
2017-02-10,0.2875541129383109,0.33517436379024623,-0.32688542794445713,0.26819734812212276,0.11589158158990848,-0.10119732185729384,-0.1482170824048401,-0.11933891659625613
2017-02-13,0.005710769091879624,0.18169871956859623,-0.2533296664639059,0.1453903401036335,0.11685885849816222,-0.09081734606870279,-0.14695870012571044,-0.1067332381880349
2017-02-14,-0.017094749420106102,0.20322383969646052,-0.23381071713731952,0.16261415182664485,0.12517017188433713,-0.08341231516766212,-0.1361460678875054,-0.09774040043555592
2017-02-15,-0.020874700229478148,-0.5306787178673048,-0.2376803900937087,-0.42463457893195966,0.14436334265796905,-0.09226437774945993,-0.11117664519607477,-0.10849054633457039
2017-02-16,0.09153130057597877,-0.4479699674829902,-0.2537066416977562,-0.3584533016149107,0.15730622465332122,-0.09324244123152443,-0.09433855756590355,-0.10967832884667235
2017-02-17,0.1355817987045333,0.16985600597693018,-0.20302960128718642,0.1359141249661228,0.16334358021062,-0.08017071028443026,-0.08648423872371648,-0.09380372182312083
2017-02-20,0.2302903209130032,-0.6748618649630675,-0.20317872115031033,-0.5400059851985349,0.17039600532457572,-0.1047202864349508,-0.07730936158919191,-0.12361728481348362
2017-02-21,0.28179340153287147,-0.11778460049601802,-0.19509070920313476,-0.09424801212548652,0.19205957490316686,-0.07318850467683405,-0.04912606492639144,-0.08532437271267518
2017-02-22,0.027746919776597725,0.38156885187380574,-0.15382303815023748,0.30532094710739854,0.1988747117340346,-0.04384793856872242,-0.04025988881422672,-0.04969252267690409
2017-02-23,0.8464521533258584,0.8271781481158299,-0.08878754079618764,0.6618853042354593,0.24308325819176538,0.03079818425634448,0.017253374423827864,0.04095942468000792
2017-02-27,0.1744177136553103,-0.22283046112302016,-0.09319132732931547,-0.17830283342142195,0.21792361405066205,0.05145446830560346,-0.01547815267685593,0.06604488529543899
2017-02-28,0.27644504625958777,0.596927095832603,-0.07358988119394742,0.4776447169591166,0.22005961268868443,0.06595926074882573,-0.012699317773017445,0.08365983475594022
2017-03-01,0.4399815554657161,-0.3794181217384703,-0.07629174516599195,-0.30359999174464064,0.23859930177240926,0.025730519638155973,0.011419955626831969,0.03480513764132141
2017-03-02,0.2928832273003977,-0.31295614399932115,-0.0726469053106654,-0.25041893702726303,0.24734502029899114,-0.010699690345232625,0.022797728752808045,-0.009436536977931445
2017-03-03,0.029226959977512405,0.4183858192799291,-0.0529272810428762,0.33478087629935854,0.2398985384009211,0.04659464563280925,0.013110202065845048,0.060143006236957924
2017-03-06,0.02974539288319918,-0.5952482293113986,-0.07174973833949494,-0.4763013339397629,0.22903535257219043,0.00795221443327439,-0.001022297557707618,0.013214759915944946
2017-03-07,0.13320011259320244,0.10814837799725929,-0.036634281959774445,0.08653737074212986,0.222086122605004,-0.0002646098130441984,-0.010062922604873813,0.0032360618827748195
2017-03-08,0.20892429635799142,-0.04388515575989027,-0.025148625197326326,-0.03511569997070014,0.21821024166190262,0.011292659385840979,-0.01510526348285505,0.017271472154012316
2017-03-09,0.029142247476678308,0.2811081189230866,0.021950307759844447,0.2249350194275334,0.20341161081433076,0.019880311946062032,-0.03435759407718879,0.027700512516001297
2017-03-10,-0.05166993728851924,-0.010782868982904592,0.04708891029239221,-0.008628156502365529,0.1823185870277221,0.006495313356733009,-0.061798637195077354,0.011445466150957774
2017-03-14,0.2054444222453497,-0.6940796723246324,0.016744306815812106,-0.555383548425056,0.17316344591123217,-0.02008915138631346,-0.07370905007231743,-0.02083931177442769
2017-03-15,0.35863564452380314,0.6513826429409352,0.015911777413799497,0.5212185546471737,0.17654828074863654,-0.00804052250416818,-0.06930553734413696,-0.00620718314121191
2017-03-16,0.27336382972726286,-0.18878565816947,-0.011818763557878012,-0.1510611143166864,0.1892936645884167,-0.022157258428945316,-0.052724385630673685,-0.02335086794991019
2017-03-17,0.539845166981782,0.5897662529582678,0.044015646661906875,0.47191480657009366,0.21581461298850663,-0.00742865582211442,-0.018221864989882458,-0.005464118342240735
2017-03-20,0.2524128464260758,0.6150101509161358,0.050552759518417825,0.4921142824846733,0.22882830568639015,0.03622605186439191,-0.001291655928425295,0.04755115041261045
2017-03-21,0.3552200271209669,0.5171106701983825,0.05699666571801966,0.41377779870912534,0.24138491171234194,0.07299896140363173,0.015043904627441415,0.09220900715788032
2017-03-22,0.06490640836174932,-0.3659169041447307,0.05637270310312326,-0.2927966871180173,0.23801941693411416,0.05258416082819648,0.010665552416934286,0.067416809559042
2017-03-23,0.1925106227482459,-0.27454170416081103,0.045363617317843635,-0.21968075413708035,0.23622038368817333,0.06783774325969431,0.008325093819257114,0.08594110659219097
2017-03-24,0.30487291146422174,0.24273141953659094,0.042104746389608226,0.1942270354136393,0.23731940797061854,0.08157465028536698,0.009754873305938973,0.10262351855692727
2017-03-27,0.2701379557939315,-0.363027411137243,0.0298834331981262,-0.2904845939338543,0.24886183825715827,0.05320295785483112,0.024771038384141096,0.0681682907259146
2017-03-28,0.22786689312946629,-0.24590409592556153,0.010514151207599276,-0.19676572418550367,0.21940539729542533,0.012314813644309076,-0.013550421578542329,0.018512799506625693
2017-03-29,0.42800464753648515,0.23127703720480328,0.012166761795472847,0.18506155231695226,0.2314809655754812,0.029617879631850707,0.0021593312382347284,0.03952603593005935
2017-03-30,0.9466066226426022,0.6393655033427221,0.026704817250348234,0.511602768595377,0.26339342159372003,0.03123492970976787,0.04367595258439647,0.04148981828055555
2017-03-31,0.30532158186027203,0.4583243410133956,0.05967158587970491,0.36673858778930024,0.2569810418982227,0.06315581444947933,0.03533374477708677,0.08025526588178918
2017-04-03,0.18759939333320683,-0.875875917975277,0.045408054196628696,-0.7008519262290736,0.2519675259950231,0.04170662448748836,0.0288113937161989,0.05420688231283226
2017-04-05,0.20099764666787912,0.03429461624247049,0.04088934120548003,0.02744161285811426,0.2601470825040882,0.027071421466476734,0.03945261638399686,0.03643355928401792
2017-04-06,0.39750688136122025,0.36976266494570953,0.07571015886910594,0.2958739596058992,0.2776595343363749,0.06384167354007968,0.0622355018863979,0.08108818874264649
2017-04-07,0.470040472511692,-0.39022911500237156,0.06662867505222748,-0.31225065252655815,0.2936995514753506,0.04485176767014217,0.08310281832121579,0.05802641564468457
2017-04-10,0.18695265133662034,-0.13645528018492548,0.04936120398360311,-0.10918777876985976,0.29265328266480917,0.041324525822563137,0.08174167125034408,0.05374285301369342
2017-04-11,0.3185326427779521,-0.25508662992881104,0.013285711382115078,-0.2041133364577057,0.30643377767915553,0.020893651732789842,0.09966945446910687,0.028931135373887574
2017-04-12,0.41240538499244545,-0.3383364198578003,0.009435512757622408,-0.27072753880359646,0.32853260254967764,0.00841272876606456,0.12841899802727896,0.013774018983573026
2017-04-13,0.2290394656798803,-0.4431528155622995,-0.025233817622207673,-0.35459874855177986,0.32965617604656006,0.017973909712411043,0.1298807149004018,0.025385334334128002
2017-04-18,0.3841010046031287,-0.5969112087564528,-0.03248358718947376,-0.4776320045558015,0.33086881224081366,-0.029590402630587775,0.13145829820137694,-0.032377847133313264
2017-04-19,0.10002534856838213,0.3313749816662476,-0.011005883000621466,0.26515718658161574,0.3226145988522955,-0.009770483540192438,0.12071995040496565,-0.008308087124325642
2017-04-20,0.12591891444810058,-0.08115909820195744,-0.027657380250017686,-0.06494128807347954,0.3029038249221202,-0.035335059475600686,0.09507715007548963,-0.039354288912051665
2017-04-21,0.23548398227548076,-0.21486736047535326,-0.014978017955482837,-0.17193097832969323,0.30209768853399666,-0.0669562623715229,0.09402840411999314,-0.07775579607406553
2017-04-24,0.35839963998482544,-1.2191797365237245,-0.05922228843951562,-0.9755542414470465,0.30224909867037086,-0.13311493095038823,0.09422538166682394,-0.1581003861778224
2017-04-25,0.42297725248436135,-0.8611745529634658,-0.08646526834630149,-0.6890882965010834,0.3193000912476381,-0.15198595996862949,0.11640793013636304,-0.18101779252645994
2017-04-26,0.5017869144078937,-0.18536327155718008,-0.10201431469564372,-0.14832261426171434,0.33402753370762134,-0.14858795330789776,0.13556764794871376,-0.17689117604231955
2017-04-27,0.7344221384145583,0.4299211191032084,-0.08732418175943994,0.34401110735704515,0.3544822588004945,-0.14145537845344988,0.16217829414702897,-0.1682292151024338
2017-04-28,0.3652441717799252,-0.2606266255464009,-0.07287574686683222,-0.20854628925410637,0.3590111262283989,-0.13755355442108091,0.16807014007777818,-0.16349075135653826
2017-05-02,0.1254591368905361,0.01648618357920928,-0.09403896217888975,0.013191792673516292,0.3541345664074975,-0.12755557742779425,0.1617259625114837,-0.15134898096351948
2017-05-03,0.24777214570914266,0.2294134363779955,-0.08009899236064091,0.18357034996467203,0.3455520663204812,-0.12762658706361713,0.15056052898570263,-0.15143521667844784
2017-05-04,0.25092471843506803,0.3554647250796627,-0.08790904328992774,0.28443313963291617,0.31242435659631296,-0.13844418844278192,0.10746291907759019,-0.1645723575457669
2017-05-05,0.3275196707469385,-0.3774455040646377,-0.12099089845595354,-0.302021557096483,0.31348140844805894,-0.17028990962781923,0.10883809438365612,-0.20324652481865116
2017-05-08,0.20930575035080412,0.03473668063924146,-0.13707003144125823,0.027795340683752428,0.31451504449651596,-0.13559242072720845,0.11018280681848115,-0.16110910604599182
2017-05-09,0.2950823285738393,0.1720723009756724,-0.1191370579372448,0.13768754353727272,0.31899526744441886,-0.13034261450439139,0.11601136854272336,-0.15473362210478184
2017-05-10,0.3078299278383774,-1.149563121074065,-0.14830443850101993,-0.9198489320143699,0.31472493632428344,-0.18823418077202325,0.11045586632640797,-0.22503845535112726
2017-05-11,0.3903096103218887,0.2151137121936582,-0.14922502874578436,0.1721281022290514,0.3109282286009595,-0.1651685257836609,0.1055165261257916,-0.19702699993156247
2017-05-12,0.24035186074985476,-0.09720994836685876,-0.1403644466534382,-0.07778473886921529,0.3134710480968278,-0.16367314293124924,0.10882461604846215,-0.19521097302373588
2017-05-15,0.21867667938973398,-0.39846965038074655,-0.1454499651352777,-0.3188445032930499,0.3087160022211983,-0.1691365318281704,0.1026385224745514,-0.2018458366165134
2017-05-16,0.42013136986757077,-0.550469055353167,-0.17150816822054338,-0.44047026508685805,0.30908390626287097,-0.17721951879404,0.10311714852517927,-0.21166199961581328
2017-05-17,0.254928411483318,0.39009959290938956,-0.17981703190165446,0.3121470124943443,0.3103167132058918,-0.14546972064898644,0.10472097303235804,-0.17310432346184892
2017-05-18,0.21992506912678395,-0.6967488020628294,-0.2183194700041953,-0.557519312955145,0.30249881151654207,-0.14927387819181234,0.09455024646801119,-0.17772417880407237
2017-05-19,0.2620929141485772,0.3581173408913899,-0.1771863613753064,0.28655569017123017,0.3102163146394085,-0.14825490183040216,0.10459035916591032,-0.17648671076184105
2017-05-22,-0.028651912670199103,0.2621360935174072,-0.16959164546614183,0.20975412419208217,0.3028557990623466,-0.13517416791299444,0.09501467066513322,-0.16060117032661275
2017-05-23,0.2823544539319256,-0.05884216087065647,-0.18387847299335405,-0.047083885905907556,0.3050877262840821,-0.12922906827376654,0.0979183041956902,-0.15338130626495375
2017-05-24,0.1706962807199158,0.07573846186108729,-0.16834622043123873,0.060603843302002136,0.29614947108099116,-0.07988820709524042,0.0862900498065576,-0.0934606435323084
2017-05-25,0.8417245715931655,-0.7434079982830306,-0.18857797770117557,-0.5948547241430929,0.3160898196099818,-0.0754008941258123,0.11223151601384215,-0.08801114872020835
2017-05-26,0.35641021567633135,-0.4902800563369997,-0.19641775858144855,-0.3923086761761883,0.3091671196703836,-0.08701927802650154,0.10322540529891842,-0.10212077807371027
2017-05-29,0.1916808066507679,0.3645933004981716,-0.17298676790291614,0.29173757572310893,0.28332229434829836,-0.08950849381859373,0.06960248934279571,-0.10514373828121563
2017-05-30,0.30630284149210835,0.24952901840840558,-0.14989737343722595,0.1996662878982342,0.2805155643345928,-0.07006979966848229,0.06595106410829404,-0.0815369465003133
2017-05-31,0.5197904609330942,1.1036834276506045,-0.09321088555699074,0.8831372576199402,0.2992932464318575,-0.028643825147223995,0.09037995535205119,-0.031228301933327124
2017-06-01,0.32817635052686495,0.3612733102700815,-0.09221427460352961,0.2890810104509441,0.3031220180898443,-0.023619507981211044,0.09536100924068655,-0.025126657025322793
2017-06-02,0.33193863092136705,-0.0738759808092701,-0.09197150402377338,-0.05911353696300607,0.3069798234463347,-0.03997887353339781,0.10037983462100414,-0.044993842201232634
2017-06-05,0.13086951144925515,-0.17827337574843005,-0.09075170453287591,-0.14264947377189197,0.297615530146445,-0.0323897267084173,0.0881973244787661,-0.03577740988800629
2017-06-06,0.07387662006218966,-0.40733575357146096,-0.06369023843446714,-0.32593891629360616,0.29116652394222525,-0.04923421513591056,0.07980746728674624,-0.05623373930462879
2017-06-07,0.1645205225947208,-0.0012398247642799731,-0.03502574749449428,-0.0009920738273523297,0.28494929508607675,-0.05583800643898794,0.07171914164688868,-0.0642535334869138
2017-06-08,0.3444380768157511,0.09575113515929201,-0.02565526727061188,0.07661743648591228,0.2866925402754755,-0.00838722698659355,0.0739870225771569,-0.006628228941043802
2017-06-09,0.20446773704252136,-0.025913756816371425,-0.04084976313459787,-0.02073547863100136,0.2778429272621723,-0.017571207027548445,0.06247408755506418,-0.017781462942904065
2017-06-12,0.13178407983037643,-0.5197398813609692,-0.04948687166175015,-0.41588162148806446,0.27267303293267336,-0.03367105858082698,0.055748295433179065,-0.037333488422944074
2017-06-13,0.06160131793259219,-0.034000538891803433,-0.0511697624107839,-0.027206300214568695,0.26519325381566655,-0.0197835251008993,0.046017450612704555,-0.02046815227025383
2017-06-14,0.20168307094869228,0.309797241627939,-0.048490302235785786,0.2478912698471112,0.25479095386714856,0.012995595610242095,0.03248454208805215,0.01933955659194575
2017-06-15,0.13423292123351066,-0.15914873895514098,-0.06564408437027924,-0.127346463082898,0.24904354956953867,-0.007932665131531347,0.025007436351947132,-0.006076198697595962
2017-06-16,0.42084783910886925,0.4479271980366331,-0.038131660966903555,0.3584190786750552,0.25861130052106657,0.035683448755621044,0.037454635438157864,0.04689220087055232
2017-06-19,0.044120184853425115,-0.8117007248355069,-0.06634624114939516,-0.6495006939311212,0.24823164674510695,-0.008890664773062355,0.02395118853095378,-0.007239615225947067
2017-06-20,0.014036964439770127,0.3427753712815169,-0.06065613880586702,0.2742794661849795,0.25026445041701023,-0.0058180294400672445,0.02659577158245134,-0.003508137073941509
2017-06-21,0.031003810206942973,-0.005958323388419173,-0.02253597888301215,-0.0047676872239185535,0.238295372144392,-0.0038029723599725296,0.011024557313550764,-0.0010610059781443013
2017-06-22,0.15063254657821243,0.3222246586826027,-0.018965614000047332,0.2578353486852954,0.23733995623288232,0.0055890040868509586,0.009781605639647141,0.010344823584230391
2017-06-23,-0.00607757377677477,-0.40003868522477687,-0.029059905228644604,-0.3201000020117511,0.19696842550098043,0.018672562283581523,-0.042739878560859784,0.026233793888429856
2017-06-27,0.022388733901519946,-0.5556443607945954,-0.03429906224243957,-0.4446114027902825,0.18106264065456085,0.01618195625433894,-0.06343256502488212,0.023209145345345877
2017-06-28,0.1380120641373232,0.13199514090850067,-0.011550255700383977,0.10561889744891086,0.1785069862491587,0.007319162050805696,-0.06675735256803114,0.012445966721096675
2017-06-29,0.8472851873857185,0.446242025040138,-0.009678841296025698,0.35707064938685984,0.2042680503393306,0.014814607835978346,-0.03324340607971898,0.02154860636289578
2017-06-30,0.09132019670497155,0.042990287250058934,0.014979128347737247,0.03439965069252667,0.1838647044237057,-0.025601468684374677,-0.05978721035757296,-0.02753359512909693
2017-07-03,0.15242172070530857,-0.7701304325749023,-0.022629130767805827,-0.6162372843466911,0.17549543633696493,-0.06871186367473825,-0.07067523896631266,-0.07988783818014746
2017-07-04,0.23887929385603845,0.19559759097592022,-0.02484708085252206,0.15651183642328476,0.17106403933385406,-0.058443988751581556,-0.07644028040679353,-0.06741829760959842
2017-07-05,0.18621545339703335,-0.15620452019258302,-0.028092492829919612,-0.1249905798480346,0.17369956037898632,-0.05760308904092168,-0.07301159007916531,-0.06639708989755388
2017-07-06,0.310573513865885,-0.2933370769429584,-0.04039501079005447,-0.23472029678030362,0.18497084103630518,-0.053259345254573945,-0.058348178060084716,-0.06112194876296736
2017-07-07,0.2311459812810487,0.14258155105011017,-0.010862025812283108,0.1140898529659313,0.1881434819261303,-0.04777925350251282,-0.05422071979065726,-0.0544668008434552
2017-07-10,-1.1187298200535967,-4.603137690869421,-0.14795728029669714,-3.6833047365900384,0.11846882017044709,-0.2268231665061295,-0.14486421485350565,-0.2719017962847586
2017-07-11,0.20562802641992065,0.2628348072949345,-0.15134923007013834,0.21031321582459883,0.11852407204556133,-0.2158208477225295,-0.14479233473320177,-0.25854033040511426
2017-07-12,0.17486475735590626,-0.08524333191229017,-0.16250830841416156,-0.06820938005353237,0.12057553288011039,-0.1992650267018375,-0.14212347958066265,-0.23843456524520912
2017-07-13,0.2063104804933318,-0.33653139457435993,-0.2105154691549937,-0.2692832069971966,0.12746644538300272,-0.21079249845339124,-0.13315872284277303,-0.25243378881947387
2017-07-14,0.363680481980901,0.20616227330743508,-0.21568583705374858,0.16496540594162087,0.1351806078131079,-0.2147413491155574,-0.12312295623081365,-0.2572293627729383
2017-07-17,0.36829012068586253,0.08491687487986643,-0.2103927418641107,0.06794815807527228,0.14632618873941036,-0.20544160525088265,-0.10862307371673072,-0.2459355425536494
2017-07-18,0.4016747957703018,0.0484491251312859,-0.20283532516812017,0.03876766329056016,0.14541318667566908,-0.22066310122157284,-0.10981084694693737,-0.26442087305985873
2017-07-19,0.40145807254048105,-0.1987565758666735,-0.19588268591129393,-0.1590395696331778,0.16242927656552889,-0.1973078095883375,-0.08767370525073556,-0.23605767631884322
2017-07-20,0.29177550928340945,-0.004083287278108416,-0.1959774679950882,-0.003267334670901497,0.17565492155808315,-0.21052432391480802,-0.07046775610972243,-0.25210811156747404
2017-07-21,0.4621592428795033,-0.11292080267133586,-0.20293319925610911,-0.09035613428724518,0.19618613263772888,-0.2145999642511569,-0.04375760519922497,-0.25705766178165257
2017-07-24,0.33428210825004007,-0.18665276057568078,-0.2082911660480861,-0.14935442806538254,0.20493134986019684,-0.2339899536202368,-0.03238048424659038,-0.2806053053700031
2017-07-25,0.3331714667679487,0.4043961137204389,-0.17748663287870584,0.323586696978375,0.22108606607661224,-0.20333820604927838,-0.011363949645546207,-0.24338112677854942
2017-07-26,0.605822760412075,-0.05106847557815003,-0.17805556410158405,-0.04086359579478528,0.24886863876759108,-0.18411212000187377,0.024779885531989516,-0.22003253110756962
2017-07-27,1.0735272569955419,0.5753248922648116,-0.1692046424136883,0.46035922517818323,0.2934169812846491,-0.167219723443337,0.08273520764266563,-0.19951802096823898
2017-07-28,0.3685526090341031,0.31302996020634527,-0.15346535244163875,0.2504780027348814,0.27062019183933406,-0.17229556376009786,0.053077644628136064,-0.2056822367610059
2017-07-31,0.6049752820654699,0.10792717302391233,-0.16479868660872946,0.08636036857951754,0.29507995780888163,-0.16982124386071737,0.08489866277205646,-0.20267736646401202
2017-08-01,0.5192118398175332,0.054465295287255966,-0.1359264859379707,0.04358163791390687,0.31254615395708274,-0.13840129518164127,0.10762137178035774,-0.16452026699499575
2017-08-02,0.3447069505118975,-0.14764637839585842,-0.15227387759388317,-0.11814258912231484,0.3175855661787904,-0.15148007735047933,0.11417741274744228,-0.18040343718242155
2017-08-03,0.5065658617245282,-0.28834551745719966,-0.16168678406284256,-0.23072618755925325,0.3328403475277187,-0.15651510628910878,0.13402317393298005,-0.18651809071043962
2017-08-04,0.5374412534095674,-0.25983444937677025,-0.18108875433148833,-0.20791241157462656,0.34364357322027506,-0.1552385403269337,0.1480776682075245,-0.18496780000516191
2017-08-07,0.2525456782299923,0.157854000584418,-0.16249233147118183,0.1263104488913214,0.3446626064083199,-0.1546566071876294,0.14940338299998832,-0.1842610871805309
2017-08-08,0.28483162045376964,-0.5516547368057385,-0.16235934400488658,-0.44141901491874036,0.4114988654800992,-0.0002810966318533149,0.23635424815719042,0.003216039915468232
2017-08-09,0.24928816310474042,-0.5117598038644688,-0.18381784216398556,-0.40949618198676124,0.4135779196079479,-0.029795829860965697,0.23905900090122045,-0.03262732262874572
2017-08-10,0.38140828496010665,-0.35699541279443053,-0.21059242342513784,-0.28565795402880545,0.4234133256843383,-0.04015052385978823,0.25185440685887744,-0.0452022982571246
2017-08-11,0.48752067565377794,-0.11614425511309728,-0.21589690817057638,-0.09293545266619857,0.4368042873586453,-0.03175301174878832,0.26927542531560256,-0.03500416877624875
2017-08-14,-0.06998362536602853,-0.4311231416256445,-0.20459666513893449,-0.3449729328655786,0.41615361558022007,-0.056035789787226384,0.24240986159093178,-0.06449372607822364
2017-08-16,0.3514388166430496,-0.6509965813537215,-0.23281647088325583,-0.5209096387362665,0.41535117253056225,-0.08407663725444252,0.24136592049703848,-0.09854716826970022
2017-08-17,0.20183497574337905,0.39302170763514094,-0.21450892995566503,0.31448520868421026,0.40583499062451833,-0.07094723033093538,0.22898581034103474,-0.08260251823011956
2017-08-18,0.15264842536605716,0.0198017408997182,-0.20407096936090918,0.01584481085441709,0.3939869121876411,-0.06261940268866895,0.21357201123192426,-0.07248901515115377
2017-08-21,0.05595372595092291,-0.6687872839675884,-0.23111659719483246,-0.5351452718208254,0.3827573034575226,-0.087946923505332,0.19896281245238107,-0.10324733181729702
2017-08-22,0.15205147802285104,0.2122023121619565,-0.07060526376045323,0.16979847964397293,0.3679902670357773,-0.07555860855622637,0.17975158473690253,-0.08820268070743328
2017-08-23,0.014281250052872153,-0.7193195636197303,-0.10334374279094206,-0.5755798183177979,0.35275213093115027,-0.09585505571110328,0.15992747824019454,-0.11285114722361231
2017-08-24,0.29326323366006507,0.48007379948299267,-0.08449983841109929,0.384141908910508,0.3508517388783939,-0.09297147419052554,0.1574551565480487,-0.10934926031629934
2017-08-28,-0.02383214897383693,-0.30105162056931256,-0.08331717927759771,-0.24089326334959474,0.32086817176477905,-0.10249669645504027,0.11844792997320505,-0.12091690662673449
2017-08-29,0.2047564914074816,-1.151938387683358,-0.12858720131062415,-0.9217495553153036,0.2794981353082047,-0.16831140028806346,0.06462743625555196,-0.20084377812900703
2017-08-30,0.10450295975830862,-0.8076864838771657,-0.15834064660252523,-0.6462886082346624,0.26692434248554786,-0.2110145722389941,0.048269516476360366,-0.2527034802697452
2017-08-31,0.8683045118690762,0.6501317950496845,-0.13828455760524525,0.5202176604154553,0.2794638296190529,-0.19035470119918751,0.06458280614918471,-0.22761366353150445
2017-09-01,0.3434551366197529,-0.43723861758588867,-0.14623395899588576,-0.34986636927430254,0.271094462800111,-0.20909032058910226,0.05369464909444238,-0.25036662535128895
2017-09-04,0.13174841562235518,-0.8334277502023171,-0.17387877442669272,-0.6668860646977446,0.26095358018632325,-0.23522096228317033,0.04050183236633221,-0.2821002702561188
2017-09-05,0.31454086484736643,-0.3517441316841196,-0.1818395520604522,-0.2814560226755157,0.2518095327159822,-0.2376366687172781,0.0286058518068758,-0.28503395902931455
2017-09-06,0.28889140081354586,-0.16387905105733486,-0.18108042840984065,-0.13113152930112557,0.23997382544950502,-0.23398043622806378,0.013208147015194679,-0.28059374723273367
2017-09-07,0.2243212026287904,0.3554110731360835,-0.18271326309598585,0.28439020881676774,0.23862980280182874,-0.22645282861256635,0.011459636047804679,-0.2714520495335411
2017-09-08,0.19541247070132647,0.31383501145067866,-0.1705498135283582,0.2511221826965916,0.23437174805171238,-0.19347467634516957,0.005920104818031199,-0.2314026322278593
2017-09-11,0.26891825761265115,-0.4037602364560532,-0.20318598448572037,-0.3230778854030762,0.235306514456851,-0.18935951936499407,0.0071361924443509315,-0.22640509210368523
2017-09-12,0.452226802357963,-0.49501019127488927,-0.23012065620176153,-0.3960936006323907,0.23867882480912986,-0.19461835967945051,0.011523411399773387,-0.23279154725101706
2017-09-13,0.5271056185744212,0.4044145866474367,-0.22023774241431074,0.32360147850873083,0.24056382209106525,-0.17478326771873962,0.01397570521094006,-0.2087033609636235
2017-09-14,0.39686888737033743,0.5565793371990099,-0.2035006076839189,0.4453595453074653,0.26279489412613033,-0.1371483878057375,0.04289729618067133,-0.1629987078143577
2017-09-15,0.7691269036841314,0.6767050484893592,-0.176022226787745,0.5414808501860124,0.2826848030328485,-0.08655836452372423,0.06877314278482873,-0.10156103424498154
2017-09-18,0.30000401693638906,-0.40703252699263853,-0.1799784604389263,-0.3256962826882174,0.28735951928013465,-0.11704319744622077,0.07485473124760353,-0.13858250789540402
2017-09-19,0.4394813175448076,0.4513846812511574,-0.15627115608466202,0.36118566207011593,0.3010182284315037,-0.10059839500737798,0.09262407672169214,-0.11861156622339818
2017-09-20,0.36796186658868185,0.5460581386581359,-0.14333101814887145,0.4369407703277219,0.31587575893806374,-0.054308583476494775,0.1119530330335273,-0.062396167496086695
2017-09-21,0.3680332370912667,0.12180449974078239,-0.12088237693065408,0.09746462542780676,0.32616060460798824,-0.05775305272488363,0.12533313900336956,-0.0665792092022072
2017-09-22,0.3099042129192937,-1.0629062220081174,-0.13925392420210903,-0.8505084542309377,0.3402378885540083,-0.07084489253027125,0.14364703082151398,-0.08247823688009999
2017-09-25,0.3555489819062493,-0.5830640315987758,-0.14678954482892054,-0.46655187255922,0.34320387656573137,-0.11135412021930591,0.1475056433059177,-0.13167356326753238
2017-09-26,0.21601793784951742,0.35607352908838885,-0.13104895202220435,0.2849202879303577,0.3546253092716054,-0.08631537968216532,0.1623643961580778,-0.10126594793330336
2017-09-27,0.13167537953595682,-1.508994589975737,-0.16697800030054075,-1.2074561514358233,0.3511452563253423,-0.09992045568790435,0.15783700909792722,-0.11778826131251717
2017-09-28,0.8469205045130158,0.6338348080144344,-0.12415028732160223,0.5071772576358143,0.38649847274223315,-0.044993509694072134,0.20382989972690635,-0.051083730276422275
2017-09-29,0.29933913452362837,0.1804639596531511,-0.13123554558766856,0.14440231902963177,0.3594048833448309,-0.0628894783314923,0.16858239977649642,-0.0728170011473318
2017-10-03,0.09083213459636763,-0.5557255213842307,-0.1504197876638002,-0.44467634527176003,0.34737521658181253,-0.067404239093276,0.15293236269895835,-0.07829982918202286
2017-10-04,0.17626292463100163,-0.511239730024411,-0.14516820253236096,-0.4090800331406685,0.3494949551060338,-0.055127761400081896,0.1556900439508391,-0.06339099577643814
2017-10-05,0.24849141307549963,-0.11787583922647743,-0.15617080757864207,-0.09432101885929077,0.34634974311689726,-0.04621657074216642,0.15159826940575988,-0.052569043398524584
2017-10-06,0.4170480083894974,-0.5159758202218119,-0.14939268279871148,-0.4128697228324642,0.3524524387157521,-0.059632675196039694,0.1595375926036905,-0.06886186543212848
2017-10-09,0.35261654789225433,0.13073743332679477,-0.1610372283372514,0.10461251428072289,0.35856174087115517,-0.06819351779299421,0.16748551062448458,-0.07925834716566232
2017-10-10,0.2204329497742335,0.008114714933985412,-0.1507316838204748,0.006493172692121785,0.3597531922555793,-0.07984251826939753,0.16903553347296812,-0.0934051579842537
2017-10-11,0.3977301786181858,-0.08798288406762295,-0.11526650036661695,-0.07040149467349865,0.36588709325584284,-0.0678103091870367,0.17701545344707606,-0.07879296992891842
2017-10-12,0.38814990394864013,-0.8225579362042749,-0.11576221544418726,-0.6581883371750036,0.3628358123792084,-0.08029101092716112,0.17304587891155251,-0.0939498176566231
2017-10-13,0.44542335116221404,0.013304334040038557,-0.13698979747784215,0.010645763798040532,0.35894618059767475,-0.09519366400862256,0.16798564883218672,-0.11204793811473349
2017-10-16,0.34693196533974596,-0.06575762384061157,-0.1246070976863329,-0.052617450014466216,0.35656823192955134,-0.11890685426204788,0.16489204818989628,-0.14084577507078871
2017-10-17,0.5506830139656461,0.5559939739842287,-0.07829304021344805,0.44489115369147997,0.3461661419429568,-0.12350636361893037,0.15135941281594303,-0.14643152372467216
2017-10-18,0.4700424100485958,0.5367812886519675,-0.048675526202245134,0.4295176889725557,0.3542632082816334,-0.08754379353984594,0.1618933196078697,-0.10275776162897153
2017-10-19,-1.8179826352955888,-4.38229910103059,-0.1892895278680203,-3.5065957440285764,0.24676492481304302,-0.2717238604969265,0.022043051500108934,-0.32643021911364906
2017-10-23,0.20564510906778954,0.09425875551660315,-0.19799460512200298,0.07542327516034303,0.23903555540728624,-0.28893897931442075,0.011987501319953268,-0.3473366504958081
2017-10-24,0.24420732303981887,0.41136917552325736,-0.19474346631958367,0.32916635009581313,0.23313908330959826,-0.2779055638540395,0.004316465307619737,-0.3339374201054315
2017-10-25,0.7240107125778141,0.9634803270953074,-0.14916878086787166,0.7709505756129552,0.25285844043619443,-0.20069322909956838,0.02997043197651952,-0.24016900668267704
2017-10-26,1.234857269219288,0.8445279772460391,-0.10451750858384073,0.6757681624304437,0.29473026364157723,-0.14629703695720345,0.08444372692122001,-0.17410903518138135
2017-10-27,0.6863046547254442,0.7862855641073427,-0.09178847600184385,0.6291641782372887,0.3171248692070976,-0.12990447075211153,0.11357806740974208,-0.15420153037833662
2017-10-30,0.6306512379430762,0.4437901293767046,-0.09554811626258734,0.3551087096150684,0.34088562436934133,-0.05549662022587858,0.14448970499745828,-0.06383894631415883
2017-10-31,0.608810576993906,0.49988952942754944,-0.101441966897981,0.3999979134155545,0.32954705639224086,-0.06060039852208142,0.12973875530421136,-0.07003709062385044
2017-11-01,0.7539639048147514,0.0013177988685730835,-0.08783028936927396,0.0010544665705133232,0.3511958549775325,-0.06742648673442041,0.15790283559158236,-0.0783268472228468
2017-11-02,0.6515773614886076,0.4785359167766549,-0.0869252481850907,0.382911337279377,0.3778980086390677,-0.028017549470080543,0.19264109585144448,-0.030467738523377884
2017-11-03,0.6086318483725918,0.29907508655172826,-0.09515801658863764,0.23931169495040622,0.39848700500771483,0.00285824710568492,0.21942642273590895,0.007028530269421354
2017-11-06,0.4927952746354491,0.4426791805669234,-0.08446219389443295,0.35421975879760914,0.41012052222485534,0.02421733175601349,0.23456108767526798,0.032967487900898006
2017-11-07,0.7445599562767125,-0.15054636499563748,-0.054050198660683606,-0.12046307899169269,0.4257163292671036,0.03814145765319308,0.2548505074300737,0.0498772627163994
2017-11-08,0.5003803127267613,0.3196043369610029,-0.02396125304202431,0.25573863899362087,0.4327526990211278,0.045337939782378704,0.2640044972879038,0.05861683410256145
2017-11-09,0.49664940804981833,0.45967397108335856,-0.020507904975525317,0.3678185248155594,0.44590586370091745,0.06254390893111383,0.28111615291235464,0.07951215391911873
2017-11-10,0.6970304663634258,0.5865706707876768,0.049344270383255145,0.46935778921898386,0.46015825835545277,0.08824673197361299,0.29965785561960545,0.11072624613437064
2017-11-13,0.29885068203392884,-0.5095829387787116,0.011230345490150277,-0.4077543141523075,0.45590591445475226,0.10017216164136042,0.29412575393936674,0.1252087588428025
2017-11-14,0.30288177306361075,0.5734655152351505,0.024330397342883593,0.4588714025927233,0.44911822025958065,0.12151623967920247,0.28529527942015637,0.1511294921031578
2017-11-15,0.41250186426698887,-0.15839593717276162,0.03757471681659923,-0.1267440917099427,0.45224059639897324,0.11798639959846549,0.2893573455865888,0.14684277411879343
2017-11-16,0.15807410995533036,-0.6705494389673671,0.03226439318516736,-0.5365553000001182,0.43354493430324376,0.07125085418457984,0.2650351585508878,0.09008606603785588
2017-11-17,0.5506291243544834,-0.13057999638595144,0.03184092127985156,-0.10448653755161491,0.4373823968892384,0.04582208149295268,0.270027518932732,0.059204786794533004
2017-11-20,0.3618549191782081,0.148264697060271,0.05398227185592099,0.11863735078670679,0.5411841851975145,0.21845222886510904,0.4050688187244542,0.2688507595461346
2017-11-21,0.4872387814539416,0.2701353692572969,0.058628869720271065,0.21615492560205707,0.5545934076920932,0.22515373602900018,0.42251359365922214,0.27698922208968446
2017-11-22,0.47991840322425156,0.17260745219471135,0.06411196096229525,0.1381157568891757,0.5658177448437328,0.216056088733446,0.43711593436029345,0.2659408325351317
2017-11-23,0.5254532526821752,0.21623087321001355,0.07425241953821647,0.17302202388410798,0.5563626277058453,0.18758330055588185,0.4248152666281412,0.23136283173225156
2017-11-24,0.4646034795140482,-0.29770814266451157,0.09174741265620859,-0.23821790388166805,0.5196838758151197,0.1440601545410194,0.37709791598528364,0.17850733446024075
2017-11-27,0.43741348478420083,0.11500646879163434,0.09513748381459511,0.09202502720676085,0.507831915341727,0.11848209973004188,0.36167906652718185,0.1474447636198126
2017-11-28,0.49990370260677647,0.27781119745918437,0.10658977785792165,0.2222969131488001,0.5016058422304747,0.1121577284697434,0.3535792349226933,0.13976430348529612
2017-11-29,0.3864720062364941,0.26764557561383157,0.09697816457890841,0.21416266090437092,0.49101829124202645,0.10330843073111559,0.3398053234092903,0.12901751527463853
2017-11-30,1.0012684436037445,-0.011409440111383645,0.07870514028679669,-0.009129521562532036,0.5027946978510262,0.1028234789152563,0.3551258808030819,0.12842857877240466
2017-12-01,0.39683826460129795,-1.5158432932215864,0.1742536672137635,-1.212936296241175,0.49066426466591617,0.026830734461896683,0.33934475129605507,0.03614126351776873
2017-12-04,0.2824118036897914,0.10088945682571315,0.17447469059073384,0.08072898078526987,0.47512997682387803,0.01927917664450923,0.31913536516007146,0.026970480149304196
2017-12-05,0.34547252199066,0.11684347440100246,0.164657167219992,0.09349494879427914,0.4681146076503166,0.006863709501493517,0.31000869608089354,0.011892854798317018
2017-12-06,0.20053097585673357,-0.5254699485958731,0.11502549136361931,-0.42046666438807706,0.4422084657255558,-0.00742217551738193,0.2763060100759203,-0.00545624851295512
2017-12-07,0.1683239497521491,-1.2675807158770396,0.0446218682595167,-1.0142833798044069,0.4263962579648599,-0.0678994145077642,0.2557350630490773,-0.07890118145468966
2017-12-08,0.403167767617946,-0.427716984029141,0.004155116654967234,-0.3422474188246541,0.4219447512776279,-0.10171207849063152,0.2499438598446579,-0.11996404874593665
2017-12-11,0.19931639978198934,-0.3422557903001672,-0.02204641400092849,-0.27386371171092794,0.3982440814404167,-0.13710357853491303,0.21911039047083314,-0.16294429041789896
2017-12-12,0.3350641384460145,-0.5797883803350555,-0.05803567765968199,-0.4639307861122492,0.3999685317457541,-0.13977864862824357,0.22135382013090218,-0.16619295631103514
2017-12-13,0.5617634568492781,-0.3059840060327281,-0.06827907115639203,-0.2448400231382759,0.412296230973643,-0.17328871652019592,0.23739158358668647,-0.20688834403514753
2017-12-14,0.4886662240617237,-0.6906885118511839,-0.10725321877732,-0.5526700346713471,0.41592310524958276,-0.1935709042802628,0.24210997836953455,-0.2315194936183267
2017-12-15,0.39390532497622033,0.18533191127052262,-0.11104465795336017,0.14829752061904353,0.4271531631077204,-0.16095886520315986,0.25671976144374614,-0.19191469248823606
2017-12-18,0.6566851725775984,-1.0306344350300785,-0.16015511180659356,-0.8246854539608797,0.4322034511183449,-0.19525405169883917,0.2632899513064858,-0.23356354608090776
2017-12-19,0.4768203871908765,-0.3796120314707626,-0.16779063402243108,-0.30375515300276246,0.43767799721418627,-0.21536798045071864,0.27041208121003363,-0.2579903581020641
2017-12-20,0.383199843756691,0.2576760540920878,-0.16985491011806159,0.2061853227692522,0.4327237620857457,-0.21584272344275693,0.2639668516805431,-0.2585668967767274
2017-12-21,0.5052081224870665,0.33080877676367226,-0.17415041659538447,0.2647041249224624,0.4339280344315941,-0.20981470591736237,0.26553355400366324,-0.2512463353503929
2017-12-22,0.5395849105723055,-0.3728709941016368,-0.20613180542502824,-0.2983611594838456,0.43460097052160024,-0.2322615241729792,0.26640901256514105,-0.278506261383082
2017-12-26,0.5495595988974925,-0.10220135647832046,-0.19255241934834855,-0.08177872696469812,0.43864650001604993,-0.2248120395578854,0.2716720583197456,-0.2694594380303648
2017-12-27,0.5046876921079172,-0.12431120600480289,-0.2158116433896803,-0.09947042314135632,0.4418500336981318,-0.23393087052684333,0.27583970667538005,-0.2805335535191463
2017-12-28,1.2656940560503793,0.6538623931597157,-0.18873636571193106,0.5232027828714373,0.4783162410049699,-0.21960201958767014,0.32328054669795203,-0.2631322714181719
2017-12-29,0.5175949018688621,-0.22606259723895944,-0.1739201376543175,-0.1808891002386751,0.48456018841603515,-0.23841400821352948,0.33140363193533984,-0.2859779777730311
2018-01-02,0.4684037319633474,-0.7936994441430281,-0.19602411924622004,-0.63509656203413,0.45918567833792096,-0.2682219625217008,0.29839257424190035,-0.32217743465700166
2018-01-03,0.4751827604210645,0.33245455700223264,-0.18988445724815464,0.2660210332044154,0.46291636861505275,-0.1977954230242917,0.303246028814841,-0.23664984515298662
2018-01-04,0.5862397706441224,-0.21484783267830423,-0.20605056397934135,-0.17191535272120698,0.47738436704144943,-0.2098261055722192,0.3220682220036786,-0.2512601793502265
2018-01-05,0.6360893015976767,0.021236049299258708,-0.21109627740918976,0.016992505161332466,0.4912232613084503,-0.21346907907855,0.34007197993457167,-0.2556842891367783
2018-01-08,0.4772277817306717,-0.1503853889738269,-0.22331681948198448,-0.12033427038690372,0.5043992996833997,-0.19917706031658935,0.3572133931727953,-0.23832773686855813
2018-01-09,0.5661177597887971,0.48887691360226837,-0.19709731760642513,0.3911859197808729,0.5233418620660972,-0.1322499508125284,0.38185678600094475,-0.15704993464793113
2018-01-10,0.6343766035100274,0.4035775939358963,-0.1874782801016164,0.32293173985958656,0.5343518066323868,-0.10057475277994554,0.3961802119177602,-0.11858285456530405
2018-01-11,0.42606589295302183,0.17707353856011465,-0.19083620206491872,0.14168939690788285,0.5451494015452931,-0.08078650951238311,0.41022738080981197,-0.09455156239517078
2018-01-12,0.6433036673463207,0.042154054723051504,-0.1983525860946114,0.033730520322230194,0.5598274743500695,-0.0570883520631222,0.4293228709964343,-0.0657719816180055
2018-01-15,0.4780346391495555,-0.13170670534399118,-0.2023624949356983,-0.10538809920816451,0.5558403877929399,-0.050447784256926406,0.4241358567856785,-0.057707525214851035
2018-01-16,0.4298129944635785,0.2277083599307542,-0.14424410649728694,0.18220599448018818,0.5530378530501711,-0.015453687630662825,0.4204898894035849,-0.015209899281874184
2018-01-17,0.544147526714048,-0.11519923952709948,-0.1514470630423807,-0.09217927707080818,0.5601922436091152,-0.026904963711131956,0.4297974188406324,-0.029116589102173275
2018-01-18,0.5984805266806542,0.608326403663582,-0.13506429873362805,0.4867661309483129,0.5574205938044989,0.035545111760734355,0.42619163132692134,0.04672420128124518
2018-01-19,0.4683029330766887,-0.19183290686152873,-0.1239430640091499,-0.15349943927995896,0.5570150007514423,0.04270014574753452,0.425663973625027,0.05541343710168237
2018-01-22,0.49488615817311904,0.0927914721694324,-0.07859732440760084,0.07424919520325772,0.5623333966760342,0.03641747300629669,0.43258295941678365,0.047783616596013156
2018-01-23,0.7664177648517285,0.09906749643656027,-0.061037841725410796,0.07927109797099786,0.5747719510743513,0.02758732886575076,0.44876494029451447,0.03706008894999442
2018-01-24,0.8022057785687663,0.8522739799735364,-0.021220182716287343,0.6819663017110528,0.5872777066932305,0.07426958892265068,0.4650343468353306,0.09375208608288066
2018-01-25,1.348374821123605,0.8221242246629443,0.025510237450312657,0.6578412930755714,0.6253165267992359,0.10948958987694922,0.5145210829829091,0.13652405536388
2018-01-29,0.55239715366991,0.23384021888587792,0.04350437828093286,0.1871125401128137,0.6275884059212354,0.12313639765095734,0.5174766920779408,0.15309704875053512
2018-01-30,0.6027545218981868,0.04835389839856993,0.06813912528925799,0.03869146546655015,0.5960198566758931,0.10006443015548652,0.47640747745160544,0.12507792727893133
2018-01-31,0.6536654554344967,0.5504127795931852,0.08030848756668006,0.4404252347646713,0.602499406845685,0.12965082706040776,0.4848370709225362,0.16100831981909097
2018-02-01,0.8435207812615908,0.19393020139207245,0.12112730878075177,0.1551776369349424,0.6203621234789348,0.16728293177322073,0.508075634643629,0.2067096027022005
2018-02-02,0.6891462645950915,-1.227235523229096,0.09287319238880733,-0.9820002613842101,0.6305508617729361,0.10785334631661952,0.5213307093864012,0.13453696401230766
2018-02-05,0.49384442939312456,-0.13932313848811423,0.07963988596946724,-0.11148256045604675,0.6261510836181267,0.1107310983292462,0.5156068025972799,0.1380317714327311
2018-02-06,0.5725861402660215,-1.3203273910327424,0.02460201370958676,-1.0564898249484975,0.6231271235547146,0.05961289213354001,0.511672771169337,0.07595266053379501
2018-02-07,0.5839733970240172,0.14358244950339968,0.041817128496421316,0.11489074450153744,0.6282102480924928,0.07081408331870388,0.5182856798270007,0.08955564157584853
2018-02-08,0.5159411490025809,-0.4611197368733321,0.029853182483254262,-0.36897538701257016,0.6258208856741017,0.03461592585234945,0.5151772304263529,0.04559577680501228
2018-02-09,0.4669889149700177,-0.6848906188103223,0.011167202056403617,-0.5480307194186212,0.6178500433626726,-0.006858476970422353,0.5048075352244407,-0.004771680191517969
2018-02-12,0.4849428866710211,-0.10562936529287124,-0.014149189892015948,-0.08452172575197152,0.6206537097301963,-0.01763043519232018,0.5084549747977197,-0.01785339097173842
2018-02-14,0.37950133809376857,0.06354293264868405,-0.0044956722290944995,0.050845314765615296,0.6080916940515034,-0.016815444980730412,0.4921123765351864,-0.016863648343972297
2018-02-15,0.45563310957319025,0.03899219094272732,0.02326071560709735,0.0312004835037311,0.607024954547867,-0.010311226756354432,0.49072459804448815,-0.008964777970546836
2018-02-16,0.5146548414685994,-0.8788456009979098,-0.01711595632624073,-0.7032281852675835,0.611065042500487,-0.05247475912529594,0.4959805646062047,-0.06016912954347551
2018-02-19,0.23007754187424034,-0.7169586664772374,-0.03385298411953851,-0.5736906930707312,0.5961093289366867,-0.07540387417291133,0.4765238767024255,-0.08801476775710562
2018-02-20,0.357737536447587,0.22628581563400607,-0.027017991908380258,0.18106771348620126,0.5846453770208262,-0.08996094167110712,0.46160980833522214,-0.10569320123194263
2018-02-21,0.49828224669017107,0.3151274169983046,-0.011500898375975873,0.25215633022700507,0.5860729633833731,-0.07064400026601358,0.4634670318099347,-0.08223426875054858
2018-02-22,1.0391746083115887,0.8218286008841442,-0.0004025087999133444,0.6576047430225798,0.6119914610090145,-0.04286516465556968,0.4971857920072117,-0.04849901971027779
2018-02-23,0.3263554178877131,-0.48242669622818146,-0.029935985138715936,-0.38602463245871826,0.5910361111535852,-0.06502210419984188,0.46992385627193095,-0.0754069104504938
2018-02-26,0.3869317123901986,-0.5167758361861085,-0.053064297630256704,-0.4135098737009655,0.5712611556212723,-0.11718763636231894,0.44419755866252714,-0.1387579177964528
2018-02-27,0.5085897688384369,0.10422958423002582,-0.050995113313357564,0.08340165927444958,0.5312713912267406,-0.14454190463856284,0.39217273471475195,-0.17197756262082134
2018-02-28,0.5427097255536169,0.40734985079037866,-0.0330265614422119,0.32595019650217394,0.5308100851259647,-0.1379305876676409,0.39157259692843926,-0.16394862909653904
2018-03-01,0.4071174657907262,0.03027422125284901,-0.03960769939814208,0.024224602874335414,0.5214940348351332,-0.1386194858863178,0.3794528486976794,-0.16478524274357492
2018-03-05,0.267170138291675,-0.5695677939365331,-0.054753317878456526,-0.4557525527374194,0.5030894959235704,-0.1812946186245126,0.35550939938731135,-0.21661089342737652
2018-03-06,0.4587180956303885,-0.9433781425688017,-0.10647680275286932,-0.7548653579951639,0.48476555851256076,-0.22462999933547007,0.33167080888118206,-0.2692383642487043
2018-03-07,0.4379887940965151,-0.17069087088119844,-0.10577206822019164,-0.1365821610021503,0.4728056789650095,-0.18437199455537195,0.3161115617258517,-0.22034812866912454
2018-03-08,0.5107333201069266,-0.3664871603568686,-0.12108135597106835,-0.2932529905241491,0.47360991185614293,-0.1930277293205197,0.31715783132027686,-0.23085984960745665
2018-03-09,0.28525041485760827,0.2066777084462893,-0.11749434890407737,0.16537784302602798,0.4599272582652661,-0.1348435546550661,0.29935733524380836,-0.16019966607536779
2018-03-12,0.3561464285842434,-1.3205553280926507,-0.18992199250628364,-1.0566722139424376,0.4490783550062292,-0.19063226696192204,0.28524341657928587,-0.2279507456994619
2018-03-13,0.6087300571387531,0.5683298035790204,-0.19838180654241444,0.45476194675213294,0.45349687444128506,-0.15140667963979335,0.29099170490253584,-0.18031430133512757
2018-03-14,0.5002192817356228,0.2092436371734553,-0.19920169259949513,0.1674310289329518,0.45507927285869487,-0.11733707257543272,0.2930503316618433,-0.1389393965285251
2018-03-15,0.5378792187367561,-0.14702096632881803,-0.2057141880904081,-0.117642151511374,0.45760005057611075,-0.11891423570683282,0.2963297462556929,-0.140854739265026
2018-03-16,0.7678664561805181,-0.42431581763722503,-0.2382051413314218,-0.33952589860897076,0.4760936276278607,-0.13750334110562262,0.3203890300461588,-0.163429771165508
2018-03-19,0.27496490534173185,-0.696955588306222,-0.2679013343213649,-0.557684777644863,0.46749037980731506,-0.16554549639841282,0.3091966046838286,-0.19748480161007267
2018-03-20,0.39646922963837844,0.0478258595409366,-0.2253992882290305,0.03826894323149246,0.4618624935296855,-0.13023610932702825,0.3018749863341137,-0.15460427979782523
2018-03-21,0.36838585520951056,0.11050407469954071,-0.21707171445610868,0.08842233473933843,0.46844860368850794,-0.09870691752654877,0.31044320939571907,-0.11631451300040968
2018-03-22,0.2687030715085295,0.1172087688018586,-0.169153842461622,0.09378724737131108,0.4642088672628385,-0.1028631301986864,0.30492750945424646,-0.12136191208959894
2018-03-23,0.5324003992602554,-0.04964525032577256,-0.17559476578926106,-0.03972476991874976,0.4658335411947473,-0.11676223020562711,0.30704113469209987,-0.13824129489546022
2018-03-26,0.44167131635689494,-0.7592326583728964,-0.18553186317257986,-0.6075171838343478,0.437381003482619,-0.1770061314845284,0.27002570617551375,-0.21140285721944516
2018-03-27,0.5923482902431589,0.14848195607166526,-0.15775277734318027,0.11881119549861333,0.45004733073764025,-0.15296633015322691,0.28650400894834765,-0.18220837635052117
2018-03-28,0.9662065696028298,0.5523203802693502,-0.1358211191577729,0.4419516445915982,0.47763184774776557,-0.11223006737739052,0.3223901828947092,-0.13273733339593158
2018-04-02,-0.232629152124546,-0.3284178375592476,-0.14888647816470393,-0.26279096084005155,0.4423357086542902,-0.12871543023998583,0.27647154720939027,-0.1527575325679874
2018-04-03,0.32181366315562293,0.15196782642509948,-0.1451206236486249,0.12160049350492996,0.43181684854009994,-0.13844636847794983,0.26278699932926186,-0.1645750050300005
2018-04-04,0.3432149029772033,-0.7564259118904983,-0.1410399673450445,-0.6052713021537867,0.42877386935850365,-0.16842236395547944,0.258828224912953,-0.20097853492757103
2018-04-05,0.2700889093907511,-1.050752527969311,-0.1521664293947803,-0.8407834010549277,0.4289128584584596,-0.18675716625631317,0.25900904326898355,-0.22324473536867986
2018-04-06,0.41860220029609563,0.4768165572186381,-0.14381540467529252,0.3815355528407523,0.42700257772825523,-0.1326428371688886,0.2565238568673027,-0.15752706476462158
2018-04-09,0.3326224111278852,0.1978343348285166,-0.14772517408095215,0.15830161760735592,0.42198513092022527,-0.11860075247319783,0.24999639188201814,-0.14047403810443992
2018-04-10,0.30339205231951555,0.6287747070923616,-0.15416030387401156,0.5031283034342349,0.4121117372160628,-0.08067783371327478,0.23715156578705962,-0.09441958403585496
2018-04-11,0.3991035436346141,0.5624028032530024,-0.11933265389130546,0.45001932338505535,0.4175333147768726,-0.06712347750570205,0.24420478608957552,-0.0779588659317782
2018-04-12,0.38963380376407947,0.3213397302208727,-0.09139546834440608,0.2571272531614316,0.4191279516901981,-0.004561598119803521,0.24627933456297757,-0.001982298335216362
2018-04-13,0.4128567351362926,0.3839753481284121,-0.0820706095477932,0.3072465595153784,0.4098006506424619,-0.011586140369172784,0.23414494962064641,-0.01051306202522796
2018-04-16,0.2715416662922652,-0.22728156056925877,-0.10322498992644777,-0.18186448131778707,0.3989112403832544,-0.028219259904922255,0.21997833323248295,-0.030712700257873628
2018-04-17,0.31133997403661245,0.3886922463443023,-0.09127772242339934,0.3110208923090863,0.3881236573022952,-0.007806734008709861,0.20594418926824287,-0.005923265081159335
2018-04-18,0.32700042214873676,0.2846288845028364,-0.0628044998087537,0.22775223963844268,0.3671300366341151,0.0192065106697384,0.17863246498517127,0.02688223293872902
2018-04-19,0.48690913054233,0.6070228250676198,-0.0111244675542063,0.4857230430505624,0.3772226187865246,0.06889259736952055,0.19176244505900636,0.08722214538716341
2018-04-20,0.4792246563964262,0.7249072116533114,0.018728801863610693,0.5800509012726524,0.38116335339405066,0.09469173822862341,0.19688915753869987,0.11855320814703095
2018-04-23,0.4724547503693141,0.09807124526127042,0.03421408205088199,0.07847392505999476,0.386119015068327,0.09421800443436895,0.2033362429379882,0.1179778950650831
2018-04-24,0.4980902681145518,0.3720152994917548,0.03972533508573085,0.2976764560877474,0.397042214906709,0.10392701437324686,0.21754681799743755,0.1297687373025226
2018-04-25,0.35446357715740967,0.052353798543048946,0.08548897264025418,0.0418920760364382,0.3885690329018116,0.10781353084730344,0.20652360221318747,0.13448861120184905
2018-04-26,0.9098383240136324,0.6928434706156684,0.08963942820814245,0.5543943736673613,0.4108626999330848,0.1631426526330991,0.2355266263623096,0.2016815536562668
2018-04-30,0.21195984117594688,-0.6779280604488971,0.060067038287397366,-0.5424594708673797,0.39274896426321754,0.13165357328233754,0.21196149854699692,0.16344050032905666
2018-05-02,0.29634728186454984,0.38523614799462413,0.07780894209817876,0.30825541704495485,0.3608509029423471,0.1252870862563069,0.1704636040327561,0.15570889385185616
2018-05-03,0.23482834884658968,0.10841737061735618,0.09556671503999814,0.08675261127114464,0.3831107839409726,0.14193201826160196,0.1994226741244587,0.17592287741587168
2018-05-04,0.39617877456821693,-0.20055828717233448,0.11211329174446107,-0.1604812496853023,0.3866519797225247,0.12849955430016233,0.20402960517017008,0.15961018802462665
2018-05-07,0.272900792461412,-0.6562975265600037,0.08864251220776304,-0.5251513099392445,0.3833036887455823,0.13231479202466434,0.19967363430515614,0.16424349939119529
2018-05-08,0.4220565241270912,0.7559448238396456,0.11015720384576655,0.6048863486687038,0.3905402418282651,0.2011562086781706,0.20908805336501893,0.24784607970301875
2018-05-09,0.32692315316520126,0.38198014150050064,0.11898291626905459,0.3056500498047001,0.38617457291727014,0.19754261329550143,0.20340852111601562,0.24345764737724898
2018-05-10,0.38443681563691795,0.23860340267132518,0.12859120470229118,0.19092390935188444,0.38864192551293836,0.19909605575952663,0.20661843211074699,0.2453441831964076
2018-05-11,0.5334326701628812,-0.24731982777706654,0.14565496572215222,-0.1978985540473462,0.39959624064833676,0.1657138244508799,0.22086948672474918,0.20480404312323172
2018-05-14,0.3472122009464017,0.45015260544106245,0.1557106540344654,0.360199788743719,0.3971252243298504,0.1614367037536734,0.21765480939699502,0.19960981058163052
2018-05-15,0.5615039724359094,0.39269900590856255,0.1503899415557725,0.3142269915988579,0.4053095180761281,0.16415573891736038,0.22830219499012433,0.20291186865499872
2018-05-16,0.37467070919852924,0.13422631184845046,0.16581141320269577,0.10740421934088035,0.4034911358886155,0.15463943700428903,0.22593656431919076,0.19135505542200743
2018-05-17,0.5021238727723554,-0.03793570452297393,0.15948129550442666,-0.030355111999475128,0.414471240959096,0.1618541688765896,0.2402211704394992,0.2001167897108029
2018-05-18,0.31501403414906987,-0.10458459595069322,0.18120933936908684,-0.08368572993235451,0.41464619620254634,0.143058615436521,0.24044877907578538,0.17729104261893983
2018-05-22,0.16611481146733903,0.2536443449873198,0.22468923513430786,0.20295925954033747,0.40698497664628935,0.14187799733661122,0.23048188868085162,0.17585727317732458
2018-05-23,0.25942815725168555,-0.014021164274632028,0.20832797775119885,-0.011219351723433106,0.39615254934673483,0.11821407377594476,0.2163894044734813,0.14711926681218818
2018-05-24,0.3817553920931035,0.14650506308650235,0.20661700202646507,0.11722933986339619,0.3915111558084814,0.09617495180407543,0.21035116730564754,0.12035445640845813
2018-05-25,0.09083041956586661,0.0037747992472201217,0.18578367176496036,0.003020490995640796,0.37333856862736486,0.09258193113434429,0.18670947641080288,0.11599101048149318
2018-05-28,0.35157341834896527,0.05490835443799506,0.16886719013779342,0.04393616171443187,0.3663615757813845,0.08049905997371021,0.17763273314930347,0.10131729724737024
2018-05-29,0.3574488419162061,0.07875049527616823,0.1607808823063033,0.06301398996490581,0.3665037312460891,0.08150486539887535,0.17781767079863559,0.10253877020541045
2018-05-30,0.3115714107915443,0.44559839826509284,0.16283498397752597,0.3565556368653308,0.3380148306164658,0.07208397317020723,0.14075493581726914,0.09109782466065973
2018-05-31,1.1706124738131973,0.7919826784030904,0.1968104586099376,0.6337228530977096,0.3836649559801445,0.1280926552637829,0.20014362617834577,0.15911604059098314
2018-06-01,0.2708855518470087,0.24800499853967078,0.19212088368311656,0.19844680893015929,0.3824524926459758,0.12286367392498312,0.19856626776030306,0.15276584686201997
2018-06-04,0.04800443440916842,-0.3436712121661607,0.17117754712748334,-0.2749962935308522,0.37355611576800335,0.10563753560107851,0.1869924951248018,0.13184603314093693
2018-06-05,0.033851033361356,-0.025552410302828232,0.15009170594846838,-0.020446339045295733,0.35630241380577193,0.11230586467917406,0.16454623117143838,0.1399442034633624
2018-06-06,-0.007214055789435276,-0.48880601126220546,0.10963459851795117,-0.3911291856698091,0.3429636115081125,0.11868787059676622,0.14719306963831358,0.1476946564350308
2018-06-07,0.23201516824699892,-0.10493887423044176,0.10286759453489408,-0.08396921371092084,0.33391402313287,0.08588522476916505,0.1354199759692195,0.10785837813696281
2018-06-08,0.2960369410354182,0.5632118409769044,0.10924081258439906,0.45066669321855807,0.3324432511266899,0.092790779217444,0.13350656998027852,0.11624464033818534
2018-06-11,0.2907500072780082,0.4167729255247687,0.12138811681712307,0.3334902828809208,0.32798197453817035,0.0995796541473981,0.1277026565885858,0.12448920428164838
2018-06-12,0.2425469638003884,0.08901186055361582,0.1012603964817213,0.07122485348203962,0.3141302742351945,0.11239505450594028,0.10968223860037171,0.1400525176151869
2018-06-13,0.21594989631771688,0.5657637167723721,0.1427167890557636,0.45270863435433595,0.3078796883004952,0.11680023763025538,0.10155051695242828,0.1454022720775696
2018-06-14,0.278241318096019,0.08375146185068755,0.1326672995176324,0.06701562648079643,0.2943909904747861,0.10502826786272863,0.08400234830747341,0.1311061245582421
2018-06-15,0.4158516542727664,0.7893406508425014,0.1553647421918039,0.6316087749880276,0.29635198785927364,0.12999038956021183,0.08655351471804525,0.1614206922329772
2018-06-18,0.05393377201176534,0.48208852648750256,0.17811963598046512,0.3857540382920311,0.27500960210876935,0.14980511100266453,0.05878806328049386,0.18548414010022396
2018-06-19,0.030392909523647628,-0.10444480757743432,0.19651472661321742,-0.083573875103774,0.2614562152218445,0.14981043742307312,0.041155737174947464,0.1854906086261729
2018-06-20,0.15929330796305372,0.027064323921345168,0.17221870994927407,0.021656130923442554,0.26113138172164047,0.1411769551079829,0.0407331438959842,0.1750059115687181
2018-06-21,0.019034869673962434,0.33680342306200867,0.17071281933465773,0.2695008767442994,0.24968408231317746,0.15454458503501775,0.025840739666561065,0.1912398650356932
2018-06-22,0.19402636393096032,-0.14806106025360877,0.1578240039038266,-0.11847440619002052,0.2407446047816468,0.14332059712771222,0.01421089508496684,0.17760919913637874
2018-06-25,-0.011584019885078229,0.185134129103087,0.17223913579983166,0.1481392607443555,0.23586772671255418,0.15023101473479386,0.007866303492574174,0.18600136726813168
2018-06-26,0.2402676050639744,0.5487669854283718,0.17552628179940868,0.439108315339312,0.23056744988945935,0.16904873633597864,0.000970889809324565,0.20885403587846685
2018-06-27,0.10155923173679327,-0.2188417640060503,0.15514158946892156,-0.17511118720738414,0.21838223035710638,0.15770944218491717,-0.014881514187892785,0.19508333945722717
2018-06-28,0.8311354150561779,0.3945173631036211,0.16381795784409395,0.3156819912358787,0.24312337341732704,0.15576307810732423,0.01730556246692011,0.1927196307042243
2018-06-29,0.012207353021703619,-0.3512848724628945,0.15337298557942988,-0.28108853602218004,0.18796122480820832,0.11220063100637712,-0.05445782782609288,0.13981640530043676
2018-07-02,0.21601488705135227,0.26039926586195383,0.16553911430651816,0.20836436226020225,0.18534833600841513,0.11267289545066489,-0.05785707465493747,0.1403899339704046
2018-07-03,0.19518453890810467,0.13046570556090625,0.16143315965897104,0.10439508516293973,0.19235691241312636,0.13073915157894067,-0.04873924265216899,0.16233000583877197
2018-07-04,0.2670527037366018,-0.35282140999154427,0.15013981813507396,-0.2823180312789589,0.20346175385956666,0.11826907099638531,-0.03429236030699534,0.14718605668610885
2018-07-05,0.34054678698850527,0.4984526011098578,0.16187140273585246,0.3988481227218735,0.2200217939918495,0.15588703806265589,-0.0127485181390251,0.19287017049008062
2018-07-09,0.11277105233666272,-0.37647967792596876,0.14919625349674615,-0.3012487294666821,0.214343502758024,0.1455403944552387,-0.020135710992913558,0.18030497143991184
2018-07-10,0.24650880278228096,-0.25643820187381167,0.13881803495301928,-0.20519482731919736,0.21198501998406508,0.11430889347725035,-0.02320398741206274,0.1423767271402199
2018-07-11,0.18276726826790196,0.6912941364048047,0.15923615632397384,0.5531546388558751,0.20684298479310764,0.12476910090462912,-0.029893536090159115,0.15507984067327393
2018-07-12,0.36319758367439725,0.2227730071771557,0.15180864328770924,0.17825686034715327,0.2125882524061557,0.1298658631363012,-0.022419210081312924,0.1612694645148096
2018-07-16,-0.08286382979942648,-0.15081574911015347,0.12038202903726779,-0.1206786327838217,0.1983590273529584,0.10256170755829369,-0.04093077021461263,0.12811067768963127
2018-07-17,0.07106200146213451,-0.028448634869983336,0.11116690792361265,-0.022763818639180304,0.1884933456084877,0.09828649588591386,-0.05376556340861934,0.12291876351114851
2018-07-18,0.1151943459491615,0.2635962677024861,0.13140915725256755,0.2109225155923255,0.1741763309264113,0.07825381686707089,-0.07239133376686104,0.09859062301160956
2018-07-19,0.07023587907971116,0.43676389568620166,0.14681970078553522,0.349486509809064,0.17495262173917062,0.07652679170121532,-0.07138141551709007,0.09649328441592528
2018-07-20,0.17534158439415265,0.004183575537572426,0.16325268701219448,0.0033475825900214904,0.18185493959014704,0.0806659087342532,-0.0624018209516933,0.1015199221726159
2018-07-23,0.3998796365375748,0.12234309445053418,0.1708287526348937,0.0978955941666881,0.193311431427029,0.08429635936488393,-0.04749745780034627,0.10592882389442496
2018-07-24,0.517292910180859,0.2976524476474981,0.1619767728572468,0.23817333825410272,0.21703800478450025,0.08280457181773171,-0.016630289151180495,0.10411716320698294
2018-07-25,0.438971998005101,0.674344813009453,0.1705625024400696,0.5395922543832299,0.22870208259755453,0.11414107946407698,-0.0014558662976095445,0.14217292999025144
2018-07-26,1.0473880825733233,0.9405865261806658,0.19894832462763795,0.7526315830017388,0.2791293255717642,0.142926428143,0.06414763193814597,0.17713051136667907
2018-07-27,0.5391405324756436,0.40201802494316635,0.19349013489999772,0.3216838154559009,0.29336136973422466,0.137334785291409,0.08266285960150813,0.17033989325769858
2018-07-30,0.5055198433004836,0.6472446332910079,0.2122732406146751,0.5179074326327562,0.3125975893324956,0.17033567195046329,0.10768828681201789,0.21041691972508533
2018-07-31,0.5534022931467396,0.47108058566783545,0.20166457177551955,0.3769457854688303,0.29937220257490327,0.17325299548536574,0.09048267362268228,0.2139597837011397
2018-08-01,0.5290031702825063,0.7439848264885479,0.21039444844222108,0.5953162862783733,0.3239815272063701,0.21498655845205875,0.12249826063126137,0.2646419706640047
2018-08-02,0.37649799981587573,-0.18993241473272332,0.20754486153704477,-0.1519787175179821,0.3316235801951569,0.1978273641769071,0.13244021621316449,0.24380345531655098
2018-08-03,0.5409764445674958,-0.15319314931112213,0.20153627909596256,-0.12258096332639211,0.34808986141703263,0.18701898091551036,0.1538620823984972,0.2306775091408651
2018-08-06,0.4286252948799389,0.46898575293903627,0.2059423567585301,0.375269557680195,0.3557837943286201,0.218332675627851,0.16387153134754043,0.26870557137881795
2018-08-07,0.3644462956914572,0.679461249856237,0.23352643376219168,0.5436862870491664,0.35692186617161786,0.22522973107200786,0.16535210989478424,0.27708151219635563
2018-08-08,0.4362029449028519,0.18154820194448332,0.23340690285690485,0.14526990002230916,0.3723233848652459,0.246492522952436,0.18538876954246983,0.30290352970050216
2018-08-09,0.5491046958740355,0.9371084405231752,0.24635161802673164,0.7498485140959548,0.3867327131077104,0.2919707773055385,0.20413463555018324,0.3581333549542964
2018-08-13,0.20181280290587716,0.09172598542637937,0.25670387634114594,0.07339662188674677,0.3876396433285664,0.2691251574498657,0.2053145095951376,0.33038911519859115
2018-08-14,0.3521140010850983,0.1678684700767365,0.24914891324024982,0.13432375316172357,0.3871118536814569,0.26703310472675,0.20462787980653893,0.32784847884473517
2018-08-16,0.33850824894682024,0.5844392418066494,0.2803397170492346,0.4676522781113983,0.4071771907646115,0.29504886238842715,0.23073195031080596,0.36187145140637916
2018-08-17,0.3165396758056605,0.24999017005139623,0.2799927471888826,0.20003528881564822,0.4188666038285889,0.3056583436957999,0.24593933314773528,0.37475584653047694
2018-08-20,0.38214999228299523,0.25086374675200895,0.28400601522858615,0.2007343009711012,0.4315787774635334,0.30517319061859877,0.2624772799289864,0.3741666656118973
2018-08-21,0.6111224596245012,0.6824806247841778,0.31851608305444346,0.5461023081896345,0.45733528129899964,0.31453584768434023,0.29598529373797894,0.3855368890518132
2018-08-23,0.3822028244633295,0.7014444129968717,0.3252824767840107,0.5612766122488104,0.46718581654038893,0.3411038967157111,0.30880038203579124,0.41780173136401044
2018-08-24,0.5700056764907079,0.5040367599780827,0.3546330247141457,0.4033164137421491,0.4752870565381572,0.35564774526692355,0.3193397185641205,0.43546411144932506
2018-08-27,0.46182651965204474,-0.4616515301913764,0.34779258043689354,-0.36940091346404363,0.4726457998463089,0.32671563804224996,0.31590356642682305,0.4003283031609018
2018-08-28,0.5758046471264264,0.5880785507288323,0.34435206091436116,0.4705643534589552,0.4791616402806577,0.32342859514109396,0.32438037184444,0.39633644358724635
2018-08-29,0.665124966954274,0.5293803205524249,0.3545723046935367,0.4235956369534582,0.46095863477498883,0.30776021675784254,0.30069910812380896,0.37730840892702266
2018-08-30,1.1890693201254892,0.9501920184983008,0.39127256361381857,0.7603176349356191,0.4919076246630767,0.32864754149497194,0.3409623048359511,0.40267445060254736
2018-08-31,0.8433055220360244,0.9775609040573516,0.4248062149113964,0.7822174677420113,0.5079926569838167,0.3412337336430317,0.3618881839290322,0.4179594082781622
2018-09-03,0.7523904210557797,-0.26891750903707534,0.4070557556867443,-0.21518042720142236,0.5174682821223423,0.31303724732540067,0.3742155316163899,0.38371695473096434
2018-09-04,0.4255774464294755,0.3248566466874124,0.40332551405345135,0.259941393417347,0.5125432476531505,0.29706701433201843,0.36780829078674737,0.36432234097471516
2018-09-05,0.5944155047791091,0.22478075350132118,0.41067875331890963,0.17986340397941059,0.5229202716990188,0.31286902011760853,0.3813083165373854,0.3835126557880639
2018-09-06,0.5793963807661826,0.22226203646831644,0.41400938471950244,0.17784799557739858,0.5247497924703848,0.3271751610177891,0.38368843798796665,0.4008863583017628
2018-09-07,0.4675216968633134,0.49714009242188456,0.4206589728786486,0.3977978892090206,0.5266020020886406,0.3282479387096379,0.386098076573317,0.4021891639019284
2018-09-10,0.36819905992304525,-0.15725058595238134,0.3929391262465875,-0.12582761302553272,0.5267807051472877,0.2963663244203665,0.38633056094290025,0.36347140722784865
2018-09-12,0.5801739093021078,0.2363259968234372,0.36946377526801316,0.18910159155259232,0.5336364653567761,0.29845354782657046,0.3952495861816578,0.3660061787495355
2018-09-14,0.5022318575138465,0.008709411009679646,0.35635348813689693,0.006969032207856228,0.5314044254348623,0.26307833440332773,0.39234580603340946,0.32304571592015946
2018-09-17,0.36780630328739083,-0.5122111139663383,0.31770496322831876,-0.4098573079724523,0.5393088778339821,0.2400662425052706,0.4026291310465472,0.2950993087342986
2018-09-18,0.30948145757228906,-0.13703648262967347,0.29743439428506846,-0.10965284105159517,0.5372787567143243,0.22844830944749353,0.3999880378707821,0.2809902268946714
2018-09-19,0.39416938851579464,0.3026213900599261,0.28272227973744773,0.24214934991237713,0.5399292871699899,0.21771007477134965,0.4034362547435745,0.26794947075454045
2018-09-21,1.0609635761303686,-0.031805222565300606,0.28799318614302843,-0.02544966820250432,0.5753780443283093,0.20697269586572334,0.44955343943449466,0.2549097538815672
2018-09-25,0.4268459519918883,0.35300501426163117,0.3048664582621203,0.28246494638841074,0.5775064233620661,0.21086463136178568,0.4523223615874963,0.2596362087643259
2018-09-26,0.48924070046473417,0.6069192180284402,0.30946424043176707,0.4856401395347907,0.5717025300687438,0.20798548047345983,0.44477176629471543,0.256139702517474
2018-09-27,0.733874331342505,0.5677514325387121,0.30574057985451625,0.45429915008270033,0.5884487923010856,0.20289131560840695,0.46655787475550925,0.24995323297696723
2018-09-28,0.5218959623302445,0.648237216736877,0.321296880347596,0.518701670727107,0.5861578535315397,0.2083858516553097,0.463577469945296,0.2566259223762781
2018-10-01,0.38850432893386166,0.20654656081906703,0.29694481769079245,0.16527290228582409,0.5826663206401976,0.23384650954816052,0.4590351480104166,0.2875459237323297
2018-10-03,0.30087786048747384,0.14593140558021378,0.29875166502925354,0.11677031483481964,0.5695745688954856,0.21699917437558267,0.44200338775879194,0.2670861371638045
2018-10-04,0.44822669425060796,-0.40311420342497,0.27971890924586335,-0.3225609474613539,0.5592460797191207,0.1814679084510678,0.4285665036164996,0.22393616063170896
2018-10-05,0.3186186776464828,-0.25864191484550125,0.251616204024125,-0.2069581780968223,0.5177960491248821,0.13540715544952298,0.3746419412454837,0.1679989357861394
2018-10-08,0.16756599334060593,0.4820241527343809,0.2593506701135578,0.38570252817747264,0.4856179763298622,0.11652549166073542,0.3327797648239462,0.1450686143305515
2018-10-09,0.19869281237009853,0.7004139122579955,0.27433567563042405,0.560452033774851,0.459251423535306,0.1534603707548437,0.29847810568653765,0.1899231705828509
2018-10-11,-0.12652559965474747,0.4090727003637416,0.26522207814974286,0.32732877355551454,0.43296080229320005,0.15666929361856594,0.2642752299680392,0.19382015940832883
2018-10-12,-0.03817832085358609,-0.7150742306305153,0.21800479002882991,-0.5721828191060225,0.4028372867868813,0.12085756870973581,0.22508593704190716,0.15032958711426042
2018-10-15,0.1781659021464584,0.27290145875811156,0.21030027998816422,0.2183682746792293,0.38373107351927543,0.12278710580982297,0.2002296420222805,0.1526728608035078
2018-10-16,0.2254979290109374,0.23901222345567263,0.23365573844306584,0.19125103654914172,0.3722061321929718,0.11295154139744777,0.18523622926810646,0.14072832793840984
2018-10-17,0.020613257573909857,-0.8450194541647846,0.18588580494661192,-0.6761614288031451,0.35565442731920344,0.08674516921756148,0.16370323088387295,0.10890271421116979
2018-10-19,0.1439134220513236,-0.018866020564250296,0.16761092690938945,-0.015096073063975608,0.3348801184024994,0.07702147090248682,0.13667682099144532,0.09709403407598886
2018-10-22,0.07233579114792879,-0.022062104436501334,0.13520245614489604,-0.017653491863016096,0.31440887714697957,0.0758489697562548,0.11004468803353058,0.09567012204731949
2018-10-23,0.1272473612112623,0.0027081206490721516,0.10270736336462005,0.002166963989318383,0.3029536894290687,0.09546917318300578,0.09514202148032323,0.11949734281727034
2018-10-24,0.13430518684608858,0.12258249064859618,0.11575736335414243,0.09808715244920317,0.29461196225163055,0.10536155382590093,0.08428982231393019,0.1315108746034534
2018-10-26,0.24636724350298256,-0.30169444889584784,0.09487232683470044,-0.24140763697448936,0.2875737648700681,0.08233503064081205,0.07513345479765772,0.10354694173477368
2018-10-29,0.19738021114641163,-0.9712978129175874,0.05500304128740347,-0.7772059137086498,0.24645074748987963,0.04653711418813846,0.021634321411961845,0.06007313874355996
2018-10-30,0.28867973688999576,0.26375012029506323,0.0563859774149617,0.21104562422409637,0.239871403913599,0.04313619408507587,0.013074901359596386,0.05594298410886588
2018-10-31,0.4090824048687534,-0.8158987053037817,0.012618017490772819,-0.6528598029522524,0.23605434221855232,-0.011078088890497606,0.00810908158823121,-0.009896072767696187
2018-11-01,0.42482288568559395,0.7806590601784031,0.04388167236179897,0.6246620038589265,0.22133760671108038,-0.002965572044010648,-0.011036706976777043,-4.404801051967901e-05
2018-11-02,0.6352411555946351,0.07437188607029804,0.03848320200336099,0.05951034677394746,0.22673499686652754,-0.024831825565589674,-0.004014953363920292,-0.026598923041020597
2018-11-05,0.1238474079830707,0.6194339245511155,0.05884068578807553,0.4956540650151075,0.21413228634506132,-0.009099389245147612,-0.020410493724585928,-0.007493094966615098
2018-11-07,-2.0336719621577277,-4.164392768189386,-0.06289870268602607,-3.3322330632252184,0.10296324717148028,-0.17333764534324464,-0.16503624431389755,-0.2069477643094147
2018-11-09,0.1401720369814174,0.7331981996637177,-0.03389087994291303,0.5866851228537958,0.0882939777777093,-0.13004021342347563,-0.18412028167216163,-0.1543663793622205
2018-11-12,0.07524301596544593,-0.41499191555463644,-0.05781132346339845,-0.3320651674706385,0.07670466055480278,-0.13599768910794305,-0.19919744447432797,-0.1616012731743753
2018-11-13,0.23271586474244715,-0.3203781865555198,-0.06743042226307241,-0.2563578522495135,0.07980703538346189,-0.16657199293779956,-0.19516139908309607,-0.19873140232728087
2018-11-14,0.4898094773593583,0.8097361744647089,-0.05220605025630317,0.6479287145179533,0.09366973371628379,-0.1624064367119375,-0.17712667316946218,-0.1936726562141834
2018-11-16,0.18363927205170613,0.45684715643314144,-0.05720845230947978,0.36555658513661826,0.10843948951182919,-0.16058606473188497,-0.15791190767512098,-0.191461955126701
2018-11-19,0.30808097556226394,0.23070498197956626,-0.06844333399478465,0.1846038093897993,0.12492802743639347,-0.12454860623208393,-0.13646108655453018,-0.14769724683157945
2018-11-20,0.2464121146217453,0.1030988738829885,-0.08661461208991426,0.08249689581599058,0.1281778470780738,-0.13101867189223815,-0.1322332223177616,-0.1555546415551418
2018-11-21,0.3091664145489412,0.37775138668168606,-0.0809077845611603,0.3022663159909337,0.1321620606751216,-0.12573223001405756,-0.1270499456944793,-0.14913466644177564
2018-11-22,0.0016211342941629058,-0.12246821808890464,-0.08985443868346425,-0.09799571467596081,0.13125767385227652,-0.09820052934133452,-0.12822651089688986,-0.11569954368424332
2018-11-28,0.336890706891316,0.3598251357790401,-0.0644231273766639,0.2879222208772925,0.14044706836846663,-0.0837710867727027,-0.11627153593942764,-0.0981761008232306
2018-11-29,0.870793298494277,1.1266752912917475,-0.01824588717208895,0.9015347173397383,0.17846885443257846,-0.04000021966780964,-0.06680696028826735,-0.04501976543180027
2018-11-30,0.6627599597525509,1.0657612015153761,0.0012120144539442324,0.8527929306572716,0.203969454363116,0.0005057787449500372,-0.03363186556002046,0.004171639249161608
2018-12-03,0.4388124355595758,0.9865859173417306,0.010751081290068736,0.7894390362482235,0.21846979953994872,0.033427297021093864,-0.01476759075299388,0.04415227894926424
2018-12-04,0.2517702231603411,0.8992509970826712,0.02709035784736639,0.7195560244717174,0.21872708428553725,0.07918747137567514,-0.014432875262759038,0.09972447425746574
2018-12-05,0.27535526069133054,0.42875352208868706,0.06521794960467314,0.34307682819730045,0.22244018188291428,0.13253426860929182,-0.009602307948117337,0.16451003674159928
2018-12-06,0.08610039162715405,-0.30386934467733406,0.045992256156824944,-0.24314792902558915,0.21279354639420758,0.11090600416883059,-0.02215213214905593,0.138244181057804
2018-12-07,0.28728293788710346,0.28255480589957865,0.04744367557162182,0.22609261873277378,0.20699357177603378,0.1527608813919271,-0.0296976294276875,0.18907369480964245
2018-12-10,-0.060229027463961346,0.032069633002155734,0.0766799784771865,0.025661242193960418,0.18389586162605495,0.12423703559835728,-0.05974667628613074,0.15443368847796665
2018-12-11,0.22803527143913963,0.19899289715932006,0.08394194240130551,0.15922866746057837,0.16450510523769798,0.12898552705962543,-0.08497314867456057,0.16020036438396662
2018-12-12,0.341358467968067,-0.34500719573729177,0.0731771060246125,-0.2760653110024161,0.17486277476079307,0.09223698534450525,-0.07149830225806249,0.1155721004778918
2018-12-13,0.396410302256506,0.7375199225071216,0.09767083275321413,0.5901432471351775,0.2905809778281375,0.27901680964738124,0.07904569902029245,0.34240176234415654
2018-12-14,0.2923546430847716,0.9179467144835863,0.12418297354771382,0.7345158256076537,0.29782776859496396,0.2860563669213745,0.08847343683117241,0.3509507606211803
2018-12-17,0.3351051650156241,0.4660771706647949,0.14977536086640192,0.37294218978748017,0.3102021566449724,0.3196281458384278,0.10457194027349763,0.39172109161611607
2018-12-18,0.48872889649694085,0.6176929916565552,0.2027417210188733,0.4942610181833044,0.3223932533951864,0.3553719015733239,0.12043199025786071,0.43512912060124664
2018-12-19,0.583003274316179,0.6592682097587309,0.21592565733432892,0.5275283692912797,0.32683105325027306,0.34963855180062514,0.12620536151102862,0.42816641038799874
2018-12-20,0.5612038639882089,0.795716358858527,0.2696461594730726,0.6367104419620838,0.3448103195329637,0.3625506402208854,0.1495955509064694,0.44384714390023094
2018-12-21,0.5988212121978028,-0.41483752531654694,0.22979627328990754,-0.3319416286296505,0.3586550927060846,0.3379532384104354,0.16760695702085468,0.41397550034195446
2018-12-24,0.41963861864585555,-0.2931224538533238,0.21754646195912014,-0.23454856126081206,0.3669039738500898,0.3228558356924924,0.17833836781510476,0.3956408715010111
2018-12-26,0.6099088907342998,-0.23752430764085627,0.18898118755272106,-0.19006044705640546,0.3812250441446307,0.2994117041188096,0.1969694143365762,0.3671697855180653
2018-12-27,1.0443392721737226,1.01363895190097,0.3615822448890663,0.8110861337332349,0.4308782888055621,0.3427013159478189,0.2615659767577841,0.4197416735693854
2018-12-28,0.42068127424733126,0.1550647252728076,0.34231112907603595,0.12407854716322692,0.4348683158225153,0.3348992362471491,0.26675681637003845,0.41026665073454854
2018-12-31,0.3902534969301462,0.43883685622962104,0.37077208813551116,0.35114523607386505,0.4119854681289852,0.30869021332972657,0.23698729557630144,0.37843781789142544
2019-01-02,0.385026517180633,0.16276419642192697,0.3868768342347595,0.13023945314895102,0.3987600661017511,0.27428290487694945,0.21978166252187192,0.33665280084688626
2019-01-03,0.23483262586803066,-0.20438842582534808,0.3530726808917576,-0.16354602175814834,0.389046741830725,0.22890266401950315,0.20714507931617332,0.2815420054088712
2019-01-04,0.3163676998643589,0.3609190600167326,0.3498750776778773,0.28879754909833527,0.3921228121499641,0.2083903556683897,0.21114690376381304,0.2566313921520839
2019-01-07,0.3867541537621476,0.4397976064955031,0.3568448318284085,0.35191400212925,0.3974275213438124,0.208811173474673,0.21804808375530704,0.257142442856103
2019-01-08,0.24199608292732375,0.5611252303455585,0.3721123770438275,0.4489970445271665,0.40485112569143955,0.24177045792956614,0.2277058478129531,0.2971689466616445
2019-01-09,0.23655897488121597,0.492048909780755,0.3759222944804631,0.3937240642669351,0.40243569888163533,0.24975290771690717,0.22456348985107463,0.3068630150273525
2019-01-10,0.2267618341128356,0.5639727145434439,0.3988036589015414,0.4512755234121758,0.41610193038529236,0.27002025444158406,0.24234262155569947,0.3314761413199979
2019-01-11,0.26299284616265683,0.4222069569490021,0.40088305294054016,0.3378384460313213,0.417766576800698,0.2785254819925718,0.24450824913585636,0.3418050828782564
2019-01-14,0.07969576454001649,0.356558400735046,0.3752124899219834,0.2853082689452018,0.4053064480660289,0.3052575572281727,0.2282982010497412,0.37426912233919046
2019-01-15,0.36306210174083775,-0.08492068945925926,0.3368564268894956,-0.06795121039724966,0.4037184385176638,0.27391972591710473,0.2262322744699793,0.3362117480674119
2019-01-16,0.2689374065710013,0.8560506646732902,0.3325052518005475,0.6849883013941825,0.402603332017008,0.2715612723831299,0.22478157276523075,0.33334758851679935
2019-01-17,0.36372517139937993,0.6408175044017077,0.3238908020445154,0.5127646200839179,0.40396618946385354,0.27821948334962693,0.22655458693051925,0.34143347117463807
2019-01-18,0.17585608240928127,0.8980417282822523,0.33953374225096766,0.718588400689959,0.3890674840311079,0.28890173965946764,0.20717206395435633,0.3544062459150233
2019-01-21,0.18391581745956495,0.4203021254032942,0.3636727912536552,0.33631425198676146,0.37006331941888815,0.2797963055021096,0.18244852949011056,0.3433483998185953
2019-01-22,0.2751166552805576,0.6042647840654263,0.3743964571925168,0.4835161341616019,0.3564401190042381,0.27250133846399144,0.16472537923133232,0.3344892261216619
2019-01-23,0.21875543717904933,0.12676773985946563,0.3775530607544272,0.10143607426676748,0.33834174876524986,0.2931383719352494,0.1411802411270986,0.35955130839783705
2019-01-24,0.14432191958100465,0.9354197920971128,0.40210062391902024,0.7484973038641843,0.3252314297621617,0.3399500797983445,0.12412432573570656,0.4164005098873404
2019-01-25,0.1379011483489556,0.5450512192410638,0.43176923775163206,0.43613506098176363,0.3027548706009548,0.36976891351444785,0.09488336743004973,0.45261317897146025
2019-01-28,0.15207313988837798,0.23996143080572563,0.4151839546949188,0.1920105662793497,0.26026600715879555,0.3402891245880723,0.03960733182975844,0.41681225358234875
2019-01-29,0.18863622791085738,0.7933814458352949,0.4110317790733092,0.6348421084957495,0.2492162430475349,0.36461119893724003,0.025232102536549894,0.44634953321680076
2019-01-30,0.15618879747057962,0.9796037122520617,0.4281493304595514,0.7838520669230101,0.23807030497803172,0.38521628612053266,0.010731755395770037,0.4713728191951205
2019-01-31,0.813408466157718,0.5809965180318595,0.4269261146720615,0.4648975048158683,0.2584694454055119,0.4011523838189573,0.03727008852910353,0.49072597827369313
2019-02-01,0.5022542755019912,0.6577862289025597,0.4268767153101891,0.526342528789941,0.2712038096737958,0.4340042195593425,0.05383690429246173,0.5306219939193343
2019-02-04,0.10165671952192996,0.654930855748593,0.4221838652065247,0.5240577373782919,0.2609794772765373,0.4452070856679119,0.04053552327648246,0.5442270090264221
2019-02-05,0.3186398953425336,0.6519944544087389,0.45774493119736753,0.5217081094310185,0.2577359411613176,0.4532925193489485,0.03631583361545433,0.5540461433722048
2019-02-06,0.3604312074595978,0.05670949367197741,0.4694059961148776,0.045377384010463664,0.26337570899618773,0.43407253551481984,0.043652909318645156,0.5307049583676564
2019-02-07,0.35666718589205837,0.7248101373541228,0.5014838109480435,0.5799732250765411,0.26909514761575165,0.44294154317242,0.05109363300802021,0.5414756827516808
2019-02-08,0.03374815524561021,0.2649516244843901,0.47652756670082425,0.21200703497667034,0.2599040200506457,0.4315478056278722,0.039136403434505515,0.5276388690365553
2019-02-11,0.23774408771997446,0.5157632945906242,0.48855085234475143,0.4126996656417904,0.2587016982200418,0.43511262560932307,0.03757223864101928,0.5319680674070142
2019-02-12,0.11968873610928292,0.46121512622347877,0.48929679467788006,0.36905171495859695,0.2606061254376259,0.4391004087528181,0.04004980989497026,0.536810921850266
2019-02-14,0.25301042829332704,1.2053819220911224,0.5240507188668533,0.9645136081514154,0.255365569559173,0.48826540011227837,0.03323209038366772,0.5965180042792566
2019-02-15,0.4165090193018786,0.8478768317406324,0.5591262274523859,0.6784478240982997,0.2623927892130243,0.4879539488124744,0.04237417638665378,0.596139770745276
2019-02-18,0.22827433314708898,0.30992150304442284,0.5574263088866422,0.24799070043004126,0.25594274929624855,0.47534566692419455,0.03398297438266634,0.580827986787307
2019-02-19,0.3157692630161667,0.33993653669469603,0.5540976065599487,0.2720079084818994,0.2626052817061002,0.45407992920000123,0.04265061923921558,0.5550023917835688
2019-02-20,0.1392028507866693,-0.08051585088013091,0.5327095705190924,-0.06442657918002583,0.2604760928169147,0.4349970324777732,0.03988064350195962,0.5318276884820347
2019-02-21,0.21837065787642534,0.4218029552364339,0.5303680387009483,0.3375151749233454,0.257773902464337,0.4280446058473801,0.03636521950547682,0.5233845036380183
2019-02-22,0.35799046695036074,1.1779041128978547,0.5508324186460953,0.9425266176354823,0.2644041419772566,0.4680965364839856,0.04499085280474154,0.5720244780961826
2019-02-25,0.35054210623752746,0.583029330418515,0.5561931644284124,0.4665241056249684,0.27422415086566243,0.4546692413297372,0.05776622773680193,0.5557180658218147
2019-02-26,0.61022866259012,0.5929242916264145,0.5640720274581247,0.47444178263856795,0.2967159372580988,0.45649337093244213,0.08702699596222,0.5579333302516112
2019-02-27,0.5699441622072824,0.4646401853857419,0.5823907232862915,0.3717923535148775,0.31661455736852284,0.4650544084198482,0.11291417543732658,0.5683300486645368
2019-02-28,1.03348804533878,1.3866287754045512,0.6000766603106669,1.109542377250717,0.356845596293662,0.48765918312246576,0.16525288633012344,0.5957818005948918
2019-03-01,0.4792781254532298,0.57278842467638,0.5978090243198225,0.45832961326776633,0.372230802388074,0.47215811390078744,0.185268324044767,0.5769569499813841
2019-03-05,0.32356394202314337,0.11471486071068202,0.5716981287341035,0.09179169040522868,0.3489048726673799,0.45439117035742366,0.15492237413706444,0.5553803701158673
2019-03-06,0.6755929770685746,0.8129136129108996,0.5847851783176904,0.6504712137576115,0.3571590965515029,0.46030206011778896,0.1656607355877696,0.5625586889234612
2019-03-07,0.572699790494626,0.9441287490659116,0.5961139771510399,0.7554659727609595,0.3795897189787742,0.4713214998979159,0.1948419323386406,0.5759409469302398
2019-03-08,0.3583220256287702,0.9553243014698154,0.6237325292047182,0.7644243472366646,0.38147934423049973,0.4828794159838991,0.19730024692330303,0.589977142795865
2019-03-11,0.44997240016910817,0.24534534623006657,0.6007300476758167,0.19631862797891828,0.38574321055000016,0.4900670942681112,0.2028473387346064,0.5987060225926869
2019-03-12,0.8225894875001527,0.5339347962788386,0.6003595002437425,0.42724000371855825,0.4079299868170523,0.4827940837272549,0.23171130296991208,0.5898735133648323
2019-03-13,0.6742512238152875,0.9313453986876736,0.6234056325064742,0.7452370858234583,0.4384301329394179,0.5081859909104353,0.27139057481414597,0.6207100222971929
2019-03-14,0.47625323083171317,0.8896329056980388,0.6266140145018988,0.7118598911094148,0.449787711182834,0.5224317159327031,0.28616625597988954,0.6380103543962367
2019-03-15,1.1212014241539414,0.8291219481386638,0.6215979556981189,0.6634406797883761,0.49747879156591307,0.5364502380674545,0.34821013391651867,0.6550347661471232
2019-03-18,0.5847142574774186,0.6404309999364441,0.6235791050949384,0.5124553497941235,0.5132742120032506,0.5149236543361548,0.3687592414162854,0.6288923938264991
2019-03-19,0.5747368562572921,0.6044307500855532,0.6218005891343716,0.4836489356264069,0.5208088709058895,0.5056475167898743,0.37856148228594966,0.6176272416565526
2019-03-20,0.7365155751091422,1.1032327969576619,0.6367439871746738,0.8827766752786689,0.5450108348088444,0.5358754203540945,0.41004711192906435,0.654336694457406
2019-03-22,0.5237942282321283,0.6314153303742128,0.636058016373523,0.5052412578785229,0.554916785533414,0.5469817703253624,0.4229342931936666,0.6678244981747175
2019-03-25,0.5476998236019153,0.341546535463479,0.6455525844332397,0.27329618541150874,0.5743690223341399,0.5630638067344831,0.4482407487397409,0.6873548885389706
2019-03-26,0.565669549629865,-0.07328602552714292,0.6189493790038642,-0.05864147090047103,0.5909070647985895,0.5441992045523966,0.4697559729647546,0.6644452870861632
2019-03-27,0.6599729228237878,0.6482518690405854,0.6317260538224041,0.5187133950993235,0.6052871817449431,0.5240176225268652,0.48846383643455704,0.6399363153925482
2019-03-28,1.0572324496805432,0.7948289281158939,0.6410282416065798,0.6360003441815592,0.6389391028612772,0.5320879196009886,0.532243420987976,0.6497370674990246
2019-04-01,0.6617725423294731,0.6856335211890086,0.6485088547720974,0.5486251695598094,0.641393573325056,0.5356204618353335,0.5354365729281401,0.6540270670401176
2019-04-02,0.6968929158546509,0.9772509282595402,0.6409044883110445,0.7819694335963954,0.6474387520701687,0.5551527037439771,0.5433010693738937,0.6777474653441837
2019-04-03,0.6347434993675536,0.6050131687863218,0.6328090328792342,0.4841149711229063,0.6284509165477294,0.5253704463093195,0.5185987782961475,0.6415792153271855
2019-04-04,0.6121790826193813,0.7500770808991355,0.6474808854743913,0.6001911414389172,0.6347795335556413,0.5321257571746125,0.5268320147418849,0.6497830183080213
2019-04-05,0.5089205982600817,0.450120280466763,0.6511536769334602,0.3601739231844107,0.6436060409954956,0.5449058634974306,0.5383148904873328,0.6653034697627724
2019-04-08,0.37543022340891835,0.15774699107839152,0.6590957716654111,0.12622482281474554,0.629312576535512,0.5199417496430084,0.5197197578729453,0.6349864827673931
2019-04-09,0.2775063911347325,0.4639964811518559,0.6605022225292585,0.37127727901290497,0.6152557479945646,0.5016470499407201,0.5014324775856214,0.6127689838330019
2019-04-10,0.5579249748654387,0.5908097083053844,0.6409324090428428,0.47274975096684246,0.6247606503391678,0.4877577834516809,0.5137979135566919,0.5959015430746766
2019-04-11,0.44774396976637043,0.8658535290982011,0.6503598823321657,0.6928322850838394,0.6246545346057042,0.5114012909328677,0.5136598619218519,0.6246147556890838
2019-04-12,0.655075354116529,0.48303785868346505,0.6466970012340673,0.38651366792051733,0.6166776711112459,0.5094619416091514,0.5032823334408045,0.6222595658125486
2019-04-15,0.526450448765464,0.7412613178135763,0.6559177056483284,0.5931370092120876,0.6096395389660162,0.5022190808181337,0.49412605079396743,0.613463671125835
2019-04-16,0.5010476577055198,0.6766302694339439,0.6322510887826416,0.5414210140334778,0.610820225960007,0.49410294381451775,0.4956620696710428,0.603607249967599
2019-04-18,0.4637292847443566,0.7339787452920601,0.6376240994698308,0.5873096940926055,0.5795120288452649,0.4904776587813859,0.4549315610602087,0.5992046214647437
2019-04-22,0.034606440453254894,-0.2882561235984576,0.6241917333261928,-0.23065465704128071,0.553316418510781,0.4550914679796999,0.42085229011450637,0.5562308274576039
2019-04-23,0.4201725486665969,0.7215200103382287,0.6211452799071038,0.5773405555290576,0.5459562133874145,0.4595529736893499,0.41127700549955093,0.5616489813471444
2019-04-24,0.480221721776796,0.07274893161608342,0.5920992859921096,0.058211703059609744,0.5337517441811122,0.42028797501225185,0.3953995585716379,0.5139646749379947
2019-04-25,1.0382709042890919,0.9173775068120412,0.5908343928368505,0.734060361214993,0.5582506335171582,0.43118412279017904,0.42727147439613095,0.5271972043363748
2019-04-26,0.4952557939960894,0.44304284714025527,0.5974243095338567,0.3545107548316295,0.5557532987740237,0.43505148323875614,0.42402255802171984,0.5318938147231755
2019-04-30,0.5400082086370851,1.276560928722043,0.6221785139486301,1.021469100225763,0.5545313301553199,0.486485319959053,0.42243283367049395,0.5943562345016161
2019-05-02,0.42297530911444753,0.9778945572387331,0.6237301525669989,0.7824844478816231,0.5432457295024941,0.49904584628201976,0.40775079200314057,0.6096100230161661
2019-05-03,0.42152718271097134,0.897012079624589,0.6239761250312171,0.7177645040280544,0.5129740501229906,0.5029393777032813,0.36836874476763554,0.6143384160267427
2019-05-06,0.2747694970375901,0.4319336475535044,0.6107365150117119,0.3456214775156874,0.49454533368052,0.49327253522498987,0.3443938416138149,0.6025987829113927
2019-05-07,0.32121849012253767,0.2268716417086567,0.5969512030707856,0.18153647546998,0.4766560753123241,0.4646804895999225,0.3211207483297515,0.5678759531549938
2019-05-08,0.406490802174011,0.3247714554148121,0.587629226581761,0.25987322569372945,0.4657868992554888,0.45400231124615215,0.3069804556979811,0.5549081307771028
2019-05-09,0.4190736199868651,0.7360890099517914,0.5753911003482319,0.5889982700898138,0.4565914010348927,0.45346931737238527,0.29501754010490977,0.5542608509083344
2019-05-10,0.38603252732780363,0.9277911114537339,0.5852702930508826,0.74239304250276,0.4507395881333557,0.4716702278161162,0.28740460363010994,0.5763644500364449
2019-05-13,0.046356884565866285,0.08553827390784322,0.5767366843323615,0.06844538456223992,0.4350694291408294,0.46891882599456836,0.26701845544536834,0.5730230851584701
2019-05-14,0.32076860392586015,0.39503360194538184,0.5923473385814455,0.3160950714213445,0.43712953451183556,0.4662911018235417,0.269698556737866,0.5698319172289765
2019-05-15,0.11291179553667775,0.6041689917028081,0.590877909336853,0.4834394837360323,0.4159384307342754,0.4668001367173126,0.24212991611248252,0.5704501007681415
2019-05-16,0.2376585591943229,0.3332012380964484,0.575490319669538,0.2666185069702996,0.40593436356417795,0.44650424252142973,0.2291150899146766,0.5458023057779269
2019-05-17,0.39145059234800755,0.2861871716664539,0.5621754413521196,0.22899913835757174,0.3933808034799627,0.4390035506374799,0.21278349198737243,0.5366932951545929
2019-05-20,0.418236493140193,-0.6476363881468342,0.5080125308052404,-0.5182209041413107,0.38822775797399733,0.38608174523969907,0.2060796194014319,0.4724238524107919
2019-05-21,0.3302189112305951,0.19203670572083725,0.49424664870305773,0.15366251354673544,0.3800930557609057,0.36761705474033035,0.19549675008696452,0.44999991279060375
2019-05-22,0.32199727966354447,0.8511165207015894,0.4976146300298062,0.6810401344953232,0.37334391266181943,0.3720804090452217,0.18671642875112995,0.45542031165620145
2019-05-23,0.7038034614418565,-0.04614586710968671,0.4810724251105912,-0.03692465928975004,0.40521043747080043,0.38130564703338987,0.22817329572985476,0.46662365024644864
2019-05-24,0.503980340723468,-0.034000947598131104,0.47468082715470705,-0.027206627250180856,0.4092012847116038,0.3525176859486642,0.2333652024151977,0.43166289630506605
2019-05-27,0.7432763283387736,0.5174737794872166,0.47646340376588575,0.41406834881935023,0.42172769454788844,0.36946324050865187,0.24966147913243442,0.4522419627289933
2019-05-28,0.9134643674935263,1.4189088301449067,0.5040667078272032,1.1353719931577917,0.415784526129052,0.3885733182202137,0.24192969337767203,0.47544967524146764
2019-05-29,0.358477093685211,0.6290587109156645,0.4961735472211186,0.5033555555170166,0.4092712546856769,0.3956611658718988,0.23345623009785343,0.48405731845021316
2019-05-30,0.9588433833963589,0.8215276949059491,0.5074565417618682,0.65736396629827,0.42921578681707084,0.3783228261610658,0.25940313897732664,0.46300124481587185
2019-05-31,0.8159813386162964,0.69724168507308,0.5059892206705182,0.5579137044437699,0.44793035965049216,0.36762898123545373,0.2837499280034129,0.4500143965972257
2019-06-03,0.6452699234542136,-0.07390387287747124,0.48097141592680437,-0.05913585543223682,0.45858477587636093,0.3306337260230589,0.29761082808145733,0.40508651821526453
2019-06-04,0.5511068623172938,0.5638763984148774,0.475301337697565,0.45119845388343616,0.4717436980325372,0.3356612010881898,0.3147299739149637,0.41119199814769836
2019-06-06,0.5944900628499796,0.15304243389697586,0.4900112896140794,0.12246036497890052,0.48475663006717734,0.332848052969567,0.3316591933889122,0.4077756471638137
2019-06-07,0.34844143100506564,0.6346333765964295,0.4871150684893528,0.5078162503486304,0.4819923742972275,0.3446548636674194,0.32806302517047864,0.42211410630043905
2019-06-10,0.26907930425798965,0.6244801024347229,0.5055061075166407,0.49969187838254914,0.4748497878339478,0.34040217834802583,0.3187708523129986,0.41694954863677275
2019-06-11,0.2997271656786643,0.7856827027453596,0.501116280714418,0.6286817850830486,0.47074000870779836,0.3349873565661348,0.3134242207751693,0.41037366605182746
2019-06-12,0.24046658427309006,0.5435854336657177,0.5044677002652668,0.4349621795006802,0.4799833277414757,0.35244053727748914,0.3254493490223849,0.43156920520614045
2019-06-13,0.40551376653540844,1.0992766695983716,0.4985582249611443,0.8796110904928973,0.48401881167526367,0.37927463342375356,0.3306993259696886,0.46415714117867835
2019-06-14,0.1839141972790085,0.6912340786366533,0.4890028756744084,0.553106582274309,0.48739987842489835,0.3825921143065286,0.33509793659089726,0.468185965328697
2019-06-17,0.30183514143643203,-0.1858298608653755,0.45290814432474297,-0.14869596624993042,0.49045590615071316,0.3628152346293748,0.33907368655647535,0.4441684733609121
2019-06-18,0.197722809491564,0.9653359158576249,0.47068821993488025,0.7724353669306175,0.4812307736337396,0.38869315027571033,0.3270722181218158,0.4755952020119874
2019-06-19,0.40484422248031193,0.8663570004441152,0.4920043985593956,0.6932351490687299,0.48059304645945966,0.4463815337619027,0.32624256472247837,0.5456532854726802
2019-06-20,0.17895980726544267,0.33179751947003594,0.4922386006945697,0.2654952897622286,0.4733902319849286,0.4517069040578786,0.31687203802297104,0.5521205361409862
2019-06-21,0.7280922967736687,0.7818888457455111,0.49376526188769365,0.6256460445955969,0.4927280899425534,0.44906909025312963,0.3420296920128026,0.5489171151310857
2019-06-24,0.20383796740093305,0.71207399317483,0.48657469127839686,0.5697821112468303,0.4689202092739381,0.4779598888501097,0.3110567463326395,0.5840027572835954
2019-06-25,0.30406131300160366,0.17323344611090197,0.4894978636851655,0.1386166600798743,0.45940025557289693,0.48585623586582666,0.29867172924673335,0.5935922604873747
2019-06-26,0.5071388049741133,0.6610741809791438,0.4983658829862909,0.5289734580105432,0.4481556116031512,0.49132790773207397,0.28404297031957576,0.6002371831062729
2019-06-27,0.9761571370462272,1.2403480957786708,0.519571853122153,0.9924925828884174,0.4511409815818513,0.4845241262906751,0.2879267978417525,0.5919745163566678
2019-06-28,0.5144250779992686,0.6319319798233709,0.5295295445130505,0.5056546666207848,0.45856707607299685,0.4846336077718069,0.29758780146032393,0.5921074731545363
2019-07-01,0.4249945636581109,0.5790377000603196,0.539291228792846,0.46333011231162025,0.43314570370450883,0.47539390043910934,0.264515778106211,0.5808865626635804
2019-07-02,0.360728758432451,0.8347223105146246,0.5887031854148945,0.6679219364118557,0.41146700941004,0.48063238767568495,0.23631280489135503,0.5872483005707559
2019-07-03,0.4282208294036314,1.0800687560341238,0.6183042537586708,0.8642414440120764,0.4011313382647742,0.5246027352682713,0.2228665773414853,0.6406468895982053
2019-07-04,0.4930055227860946,1.0161181125836352,0.6238043068214056,0.8130698902268416,0.3983646078109076,0.5418347084274809,0.21926718967434913,0.6615737892758377
2019-07-05,0.4782091099325551,0.6511476487867782,0.6470474240179545,0.5210305187596541,0.39282741957674455,0.5608142395598978,0.21206356526171277,0.684622963056863
2019-07-08,0.24236419575226475,-0.10760761421750853,0.6445938684639752,-0.08610466637282756,0.3877761226599445,0.5325322911445903,0.205492062858953,0.6502767223967332
2019-07-09,0.2985615051066642,1.041990042012495,0.6620777438814845,0.8337718997276793,0.38918003698607184,0.5484408635895965,0.2073184901150366,0.6695964541822405
2019-07-10,0.1952988200186815,0.6010009581989347,0.6348141481499521,0.4809045100736892,0.3842072586213107,0.5414038504939127,0.20084913669735607,0.6610505456131538
2019-07-11,0.20105731611979205,0.5613374106090563,0.6325567714730652,0.44916682536407315,0.38233062680448704,0.5420802622016934,0.19840772596730447,0.6618719953576908
2019-07-12,0.5191716336935106,0.8380147915318323,0.6331063413605946,0.6705564895667329,0.3877429061929681,0.5321252812052093,0.20544884977998693,0.649782440279965
2019-07-15,0.19818155114119526,0.8996928987546381,0.6398547151499799,0.7199096220894231,0.3884223039959293,0.5400682831011672,0.20633271472954878,0.6594286022302066
2019-07-16,0.2134109293597622,1.0036378932801395,0.6757727740219003,0.8030835604749794,0.38421162723037366,0.5853911177071153,0.20085482005460606,0.7144696822122567
2019-07-17,0.3848320318742812,1.269137302117128,0.6992814708119752,1.0155289174911042,0.3931215902009792,0.5969670010671384,0.2124462675648678,0.7285276979436535
2019-07-18,0.1571588290430529,0.9900107268254263,0.7271804139095903,0.7921794750185511,0.38132704765634784,0.6016786356361775,0.19710211616214293,0.7342496140024218
2019-07-19,0.3503957722007563,0.04061137693527428,0.7073796805875519,0.0324961117982308,0.38949066503421986,0.5905834366855109,0.20772260276143048,0.7207753523378557
2019-07-22,0.2720003246636081,1.0444610378088075,0.7213790451000214,0.8357491229027986,0.3677719996956456,0.6005883451763301,0.17946762907685235,0.7329255404989465
2019-07-23,0.35163200431420877,1.1045835961865607,0.7320090748813947,0.8838575478338944,0.37480981097723015,0.6155443183471426,0.18862349429500724,0.7510884140848818
2019-07-24,0.27807544024154496,0.7189626980972122,0.7378549836957778,0.5752942642984131,0.3735723884648464,0.6363384899765969,0.18701366514671197,0.7763413285102091
2019-07-25,0.5419499135138722,1.142182248326285,0.7392851696533749,0.9139429597455009,0.375230060300073,0.6546703710115949,0.18917021912237483,0.7986039812997221
2019-07-26,0.2658928913306215,1.1502004429514203,0.7545840484638672,0.9203588995294103,0.34140795336123464,0.651235433708785,0.14516923072754195,0.7944325154048578
2019-07-29,0.1979598370688432,0.6405477736150028,0.782129969613213,0.512548788894196,0.3263381799835954,0.6515637252456141,0.12556415630975523,0.7948312001052554
2019-07-30,0.4543078506380777,0.4585572730095064,0.7652373481849425,0.3669249735944175,0.32773405079216517,0.6469730043543188,0.1273801193235211,0.789256124363636
2019-07-31,0.3398875004934437,0.9658493671522419,0.7685537604085467,0.7728462165971879,0.3267416099379267,0.6519693986488584,0.12608899992079228,0.7953238591021758
2019-08-01,0.12632962786834656,0.36365283860528674,0.7696156043797217,0.2909850438682578,0.31236583843624655,0.6246714748324861,0.10738678967244623,0.7621726402698995
2019-08-02,0.4972591102322664,0.6831195802990685,0.7663232955315069,0.5466135828966968,0.3125683902193976,0.6119830792453362,0.10765030012364013,0.746763564416013
2019-08-05,0.17851618173580697,0.6875824288530088,0.7655069100541129,0.5501846321073295,0.2982972984005048,0.6133713703571304,0.08908427327498089,0.7484495366811414
2019-08-06,0.16132267618840673,0.5112252344471143,0.7767733029986533,0.40906843417663663,0.29443817842127346,0.6369510418118667,0.08406373763160747,0.777085225374811
2019-08-07,0.25546831544007026,0.7937892829088578,0.7811971397296438,0.635168448554573,0.2923861217704833,0.6274937346131474,0.08139410734984422,0.7656000566631609
2019-08-08,0.3175145245040705,0.1055261359288317,0.7433697410679826,0.08443912444150686,0.2982059172221685,0.6086144305354244,0.08896539061120266,0.7426726008942973
2019-08-09,0.5616087840739334,0.9574497058037962,0.7542203319339966,0.7661250375866511,0.31537503474379425,0.6237076787364996,0.11130161414052615,0.7610021843955748
2019-08-13,0.1219913643616913,0.3050787559182358,0.7450883671292605,0.24411566678432306,0.29646168858513616,0.6034009728897182,0.08669623026129364,0.7363412594908916
2019-08-14,0.08016663826295009,0.6901585337848037,0.7402695745715998,0.5522459607345513,0.29084193082902926,0.5954169890156767,0.07938518674010239,0.7266453280954436
2019-08-16,0.13218805432440553,0.8968330133502305,0.7341617164821367,0.7176212200985259,0.2869741748749647,0.591347353759655,0.07435341609504492,0.7217030705872367
2019-08-19,0.12117490027481885,0.8738626897790502,0.7294198690553172,0.6992409961528995,0.27441907337022836,0.5762860241721215,0.0580198128513191,0.7034122497753661
2019-08-20,0.11906247320032524,0.9821397191904592,0.7404529380687733,0.7858813102338833,0.27260496118724137,0.5759861115633278,0.0556597372577175,0.7030480290898824
2019-08-21,0.15382904594487368,0.8649013112374844,0.7728699022506064,0.6920703464254324,0.2632446408893422,0.6073944084503373,0.04348239580632398,0.7411909783579096
2019-08-22,0.214525456154798,0.6020718386536266,0.7582059621386441,0.4817613992905623,0.26050774238892266,0.590537850183088,0.039921818123432554,0.7207199910536868
2019-08-23,0.13761314226611968,0.6588157045500502,0.760133120350348,0.5271662870138429,0.2503163680056803,0.5735525520487998,0.026663313951136133,0.7000926591302411
2019-08-26,0.38543416684262927,0.0945728307152951,0.7445743010205559,0.07567458953429325,0.25542868832001764,0.5497611389647942,0.033314204956495584,0.6711998265916759
2019-08-27,0.4593578319635285,1.3623824915962803,0.7620532243560375,1.0901411648618597,0.25149573205571557,0.5581515296846208,0.028197611739642484,0.6813893076933283
2019-08-28,0.1721752933529053,0.9187558569607571,0.7626886562962414,0.7351632792618538,0.24703298929487197,0.5493326906242609,0.022391790925933353,0.6706795091935145
2019-08-29,0.5187313936509852,1.1447845332630688,0.7673935442956723,0.916025236895851,0.26230782532259295,0.5685458548148159,0.04226364231603513,0.6940124122679795
2019-08-30,0.29982567061259807,0.897359313439812,0.7550009446730953,0.7180423510189997,0.25495153103566537,0.5852657299302723,0.03269344551743223,0.71431740844752
2019-09-03,-0.037708905940108936,-0.012116907217618933,0.7215966902049936,-0.00969561736899615,0.23697074977692478,0.5480018330747397,0.00930128520859706,0.6690632855511763
2019-09-04,0.24944549426964968,0.9583470106150537,0.7521878779943197,0.7668430363265162,0.24283341008174875,0.5706617374775139,0.016928333650667492,0.6965819882418289
2019-09-05,0.1240615881435933,1.2662252268561303,0.7595800176292306,1.0131987546060324,0.2250620995060976,0.5928800789874823,-0.006191315039883718,0.7235644469241059
2019-09-06,0.240855950022925,0.8824576907326982,0.7521758207807684,0.7061184805667076,0.22803065990072227,0.6003055003426907,-0.0023293560049411394,0.7325820473073532
2019-09-09,0.2546228574338096,0.6536981498532092,0.7500003358393016,0.5230713598748997,0.2324735256743129,0.6057342110902271,0.003450605772634496,0.7391747969677054
2019-09-11,0.23881622450912735,1.5697823403305773,0.7642536722394446,1.2560968447726226,0.23168056896331563,0.6353022299577532,0.002419005964222496,0.7750828708017432
2019-09-12,0.4562655410758477,1.0275712778179296,0.7601660334016617,0.8222343994354413,0.23828776022863835,0.6704353382907977,0.011014654565110377,0.8177493157094796
2019-09-13,0.4400209086887763,0.9675524502149565,0.7710661892883267,0.7742089770299565,0.23249786140077372,0.670820287788098,0.003482265421145419,0.8182168071242194
2019-09-16,0.3175772078367094,0.8512367179651918,0.784155504120183,0.6811363130544026,0.2418114729948222,0.6916307947533399,0.015598841020790281,0.8434895595524305
2019-09-17,0.047814286133079684,0.11104269634086045,0.7556619484264702,0.08885332502812299,0.24027088479816175,0.6695644787673195,0.013594607414496768,0.8166917241201265
2019-09-18,0.19823974620660276,1.1820907241332508,0.7829432112774023,0.9458766293077777,0.24341620345921877,0.6804337839677601,0.01768652073478428,0.8298916552826017
2019-09-19,-0.006025372379785752,0.6901570899386298,0.7831777949320544,0.5522448054083785,0.2373590476185233,0.6734339653608781,0.009806442644614027,0.8213909165456941
2019-09-20,0.9106180660345354,-0.17470740302185273,0.7544348005362257,-0.13979608003995855,0.27505217108681895,0.6293540896335523,0.0588434435414731,0.7678593140631753
2019-09-23,0.9133045992650367,0.7342278821315242,0.761868222125706,0.5875090465696513,0.3112176736258744,0.6243749801166104,0.10589308064397267,0.7618125703512226
2019-09-24,0.5118321404036,1.3523352898342904,0.7804864223565537,1.0821016691255454,0.3253751347805792,0.6529626120135144,0.12431127928236478,0.7965300399758695
2019-09-25,0.3090284134371676,0.8803468076742647,0.8063137780814015,0.7044294097437909,0.3335377667411053,0.6614037130958929,0.1349304838995073,0.8067811048938344
2019-09-26,0.6436872696334359,1.2422297986626734,0.8158064478433641,0.9939982700111923,0.34583553354066754,0.7051334121662213,0.1509293066579006,0.8598874448888408
2019-09-27,0.2938220723095332,1.317110302419229,0.8495408327267306,1.0539155987306545,0.33795287831904874,0.7034083852075925,0.14067433875911983,0.8577925329614078
2019-09-30,0.5281288874389921,1.412086962710533,0.8736051136909215,1.1299133216339616,0.35490304946600526,0.722206006272931,0.162725723236035,0.8806207910243705
2019-10-01,0.4540113746006889,0.9602971823105011,0.8757205859895972,0.7684035103173884,0.3518211437969435,0.7151764002453851,0.15871630726962055,0.8720838777671032
2019-10-03,0.20753033530137746,1.6541353334705917,0.9017296741126486,1.323593800119939,0.3474261278297425,0.744012183535906,0.15299859586513528,0.9071027080816204
2019-10-04,0.18019524408310275,0.9207234618689822,0.899682465535266,0.7367377028322324,0.357802515926086,0.7795566273550121,0.1664977942750133,0.9502686881482808
2019-10-07,0.3174658365374621,1.3100552745399803,0.9145209309786826,1.0482703586032616,0.3610415798436008,0.7929579284158097,0.17071166581478517,0.9665435326050326
2019-10-09,0.3202247798412832,0.6335414066025424,0.9155699165769797,0.5069424858599695,0.37038268421015746,0.7688504870469495,0.1828640082330455,0.9372669081378622
2019-10-10,0.3063991645889243,1.1210240392106583,0.9309768610656666,0.8970127401676827,0.3735037896656812,0.777940689885091,0.1869244212988516,0.9483062569742111
2019-10-11,0.5736533467268977,1.0864363803574169,0.9640389793870708,0.8693366426365566,0.3886957177272569,0.7944295128737414,0.20668841328023013,0.9683306582019547
2019-10-14,0.5075029822717241,1.1300397574310095,0.9562942215815617,0.9042268710181784,0.4014903252397615,0.7776737998378155,0.2233336027030004,0.9479821396376361
2019-10-15,0.4741478037847314,0.9410274190085576,0.9570366069831551,0.7529843733700398,0.4023418615592322,0.7743761795489869,0.22444141185807645,0.9439774346440957
2019-10-16,0.4409648406574193,1.2847258670411505,0.9617013181090911,1.0280024602954363,0.40238681070059606,0.7864615835140097,0.22449988860084966,0.9586542237734083
2019-10-17,0.40535179865064425,1.166852497558124,0.9706844242463682,0.9336834176572274,0.40656655312030726,0.7984876361141443,0.22993753913030007,0.973258935256866
2019-10-18,0.6906000594360863,1.4295931599413336,1.0187414264849999,1.1439213013013498,0.4371753994680695,0.8487289683176313,0.2697582249131996,1.0342731504589742
2019-10-22,0.6184514755617679,1.3944460914235617,1.0332780625119502,1.115797579474486,0.4571854818183154,0.8568204421350936,0.2957904115793051,1.0440996200836512
2019-10-23,0.4672483299920839,1.4319489998265236,1.03880218827763,1.1458063798696012,0.47972232478840454,0.8850852790141994,0.3251097963171124,1.0784250801054807
2019-10-24,0.5487639799165936,1.2883793477518453,1.0523329101782681,1.0309258755201067,0.46249117783040733,0.9408339435646786,0.30269287537544687,1.1461275248244325
2019-10-25,0.5502570016820407,1.4045585133771168,1.0773615889623984,1.1238892626222243,0.4452031969931217,0.9663758586148011,0.2802020161996103,1.1771462067182614
2019-10-29,0.5074973158103971,1.168708334710723,1.0639924554417368,0.9351684077299915,0.44499677677439775,0.9593790366435843,0.2799334730936188,1.1686491071637826
2019-10-30,0.5952615689874172,1.4532226471454215,1.0781808344193198,1.162828969936735,0.45862692703869545,0.9812075871289626,0.2976656647836198,1.1951581947705903
2019-10-31,0.8956462067312634,1.8748941510242694,1.10842555777963,1.5002389610831555,0.4706249716624014,1.005314286703818,0.3132745629283462,1.2244339183862691
2019-11-01,0.7888592593738973,1.7537824284492436,1.1385104147957652,1.4033286769736841,0.49419817104641883,1.0219530047153909,0.3439421991699593,1.2446403555351397
2019-11-04,0.6454687929859518,1.6349467800258242,1.189307217585264,1.308239645076605,0.499785785596274,1.0304447344031356,0.3512114258744805,1.2549529049816337
2019-11-05,0.49546649861889713,1.3350668476157757,1.1944064217013484,1.0682839345087531,0.5017598391209506,1.0447247546027245,0.35377957771632595,1.2722948859231284
2019-11-06,0.7811499622581188,1.120482218840801,1.208750592664754,0.8965791903439103,0.529075059452224,1.024390725565771,0.3893154092058336,1.2476007791155765
2019-11-07,0.8413408475798266,1.3482161105880173,1.259514709785083,1.0788056146845155,0.5605581834282585,1.0406796737492128,0.4302734895290861,1.2673824478391524
2019-11-08,0.7741597418659434,1.2832270425150534,1.2778146817978673,1.0268031419506383,0.5823055122534242,1.0396574253371833,0.4585657530768637,1.2661410061443152
2019-11-11,0.500383970182869,1.3976540036264953,1.2793253055909406,1.118364462979854,0.5908845213173093,1.0687727575809873,0.46972664494388405,1.3014993270584458
2019-11-13,0.5521646448093434,1.239444611334574,1.2912952323796176,0.9917696393755658,0.6025876394230435,1.073284990876601,0.4849518574028526,1.3069790856808015
2019-11-14,0.7028227124179789,1.293127471672744,1.2929918214799536,1.0347251942679367,0.6087385615988092,1.0811606361923807,0.4929539211348019,1.3165434482698792
2019-11-15,0.7813857431310542,1.343847640819747,1.293883066093304,1.0753100847938855,0.6217805978302059,1.0893074558959859,0.5099210038153815,1.3264371311960266
2019-11-18,0.5959824233413161,1.3282892727994111,1.2910898097629333,1.0628607047250285,0.6275822463805195,1.1040634716747948,0.5174686788018888,1.344357171982514
2019-11-19,0.6734231694857291,1.3860714943182182,1.305282286829857,1.1090964561849677,0.638651690610439,1.107925090526677,0.5318695110143444,1.3490468096438522
2019-11-20,0.9233704722174488,1.4519499799523303,1.298542775045915,1.1618106164971422,0.6633192464945726,1.118788290471435,0.5639608541748817,1.362239326445128
2019-11-21,0.5952646672097004,1.3804091642120395,1.3138656317906836,1.1045656146805753,0.6587794659123638,1.11691421015616,0.5580548107378457,1.3599634007352144
2019-11-22,0.7105453057000349,1.148252300034966,1.3084721993071833,0.9188000489119361,0.6631648863951384,1.1075333753674672,0.5637600388632835,1.348571101855588
2019-11-25,0.6209089702673286,0.7019215536915155,1.3107515375434822,0.5616584071675432,0.6704820597415786,1.0797168052387978,0.5732793411374415,1.3147900271591377
2019-11-26,1.2846470822129514,1.7386596346148115,1.3313393907236206,1.391227831441445,0.7055241122318814,1.096874041235052,0.6188674219670947,1.3356261643282104
2019-11-27,0.6887099773560564,1.4009987450865942,1.34182480288126,1.1210408335101312,0.7121171110735011,1.0967384017535238,0.6274446068846945,1.3354614406604075
2019-11-28,0.706064593746383,1.4958105127539976,1.3540171613920262,1.196906613850902,0.7215726957371196,1.1092021258545195,0.6397458828460829,1.3505976703574591
2019-11-29,0.6552409107164107,1.3900218966499918,1.368983643980074,1.1122574599604835,0.7244288548670715,1.1067939587127933,0.6434616130623604,1.347673137472208
2019-12-02,0.6701227561794437,1.5034900644108324,1.376275783892397,1.2030515808043376,0.7136896429360325,1.0926421786995162,0.6294903977149015,1.3304868943263095
2019-12-03,0.45963612074054533,1.261372032120808,1.3794264350444863,1.0093153610695618,0.6980123506201587,1.073879639846939,0.6090949694081851,1.307701240899516
2019-12-04,0.5245264372108527,1.4359960585819542,1.3796398649991737,1.1490447254686704,0.6922531908213444,1.0662989293894183,0.6016025703116457,1.2984950539025888
2019-12-05,0.3993855948431624,1.3672585798935506,1.3787336146148401,1.094042877199727,0.6876779096891665,1.067525545708036,0.5956503423098803,1.2999846846259826
2019-12-06,0.5095488865141464,0.9676165795168727,1.363255867271185,0.774260291541354,0.6747445251299298,1.0617008362412477,0.5788246104024631,1.2929110251247382
2019-12-09,0.3854523074009932,1.391764027640825,1.3667020232674842,1.113651465476118,0.6530355470261758,1.0633601624694191,0.5505822393599286,1.2949261485925256
2019-12-10,0.25024140474231704,1.266283057327413,1.3620928413991606,1.0132450289656323,0.6280870547821935,1.0627145380415617,0.518125411058807,1.2941420876201477
2019-12-11,0.24443130829032356,1.7661691333148264,1.3820082013526307,1.4132401790329516,0.6158988327873105,1.076756238805995,0.502269100997453,1.3111946480254884
2019-12-12,0.25700905154795983,1.5854618827468214,1.3864161758726776,1.2686431852750741,0.6018438045367683,1.0899406933726383,0.4839841628042325,1.3272061491734566
2019-12-13,0.688992146725537,1.259145886764335,1.3658912337306797,1.0075340605118794,0.6011852061704617,1.0886458774794927,0.48312735695458164,1.3256336953374095
2019-12-16,0.42348550576754207,1.109526137466173,1.3444160240312442,0.8878124340286084,0.5841423377245801,1.0797174179192415,0.46095537760220207,1.3147907712121873
2019-12-17,0.5171814126157678,0.95074513144766,1.3216093024119717,0.7607602207722941,0.5803899086424111,1.065331680588159,0.45607364185476545,1.2973204049845428
2019-12-18,0.6811410233617453,1.2742281220702851,1.319581344893789,1.0196024522202054,0.58075742549365,1.0610700613517416,0.4565517641886433,1.2921449977690835
2019-12-19,0.6574246417477594,1.4714753193931513,1.3312811149122006,1.1774342584726056,0.5680933383284268,1.0618140443029542,0.44007637566847224,1.2930485075667164
2019-12-20,0.9085377410494894,1.8569924978399277,1.3482403278205977,1.485914548390164,0.583011103749369,1.079973517336744,0.4594836948029869,1.315101784162826
2019-12-23,0.7553334261089638,1.5163105780880002,1.3560097790063625,1.213310204796033,0.5851438713878895,1.093997810474082,0.46225832632671526,1.3321332043503584
2019-12-24,0.510150644794791,1.1752492194742254,1.3485962862012868,0.9404022446144902,0.5798696654130067,1.1120332313048888,0.4553968296046915,1.3540358291329684
2019-12-26,0.6243925673237404,1.0898918758770129,1.343611195019368,0.8721016355325631,0.5484289742278062,1.0873129362616087,0.4144939523691835,1.324014941240875
2019-12-27,0.49526684070985494,0.6757985561051958,1.3230335645004498,0.5407554998018832,0.5392173962922728,1.0596803013231209,0.4025101178146877,1.2904572416179902
2019-12-30,0.5341004143572213,1.2025823250359142,1.3183247206409885,0.9622734472467253,0.5310286258451699,1.0485072933895887,0.39185690824195185,1.2768884869569808
2019-12-31,0.5913070590053605,0.9150042606391466,1.30454855356898,0.7321613546119413,0.5279841567160722,1.030407478849182,0.38789619547322646,1.254907660990547
2020-01-01,0.3378453461227703,0.9817395519658101,1.2910708221572331,0.7855611073781439,0.5121614229038498,1.010526980114601,0.36731155454281017,1.2307643316854222
2020-01-02,0.3994786075807189,0.8431831216747028,1.2707785935479785,0.6746920458272496,0.5092967794200485,0.9945925365316339,0.36358478657669824,1.211413181402239
2020-01-03,0.5430033648265872,1.090204251295195,1.2611050964507506,0.872351589788693,0.5101766331160358,0.9814166729278255,0.3647294353218606,1.1954121133147055
2020-01-06,0.2541730940443595,-0.03887131943662203,1.2215343091350308,-0.031103765434261573,0.5032617521256166,0.9278382613738262,0.3557334966962365,1.1303452731381238
2020-01-07,0.6336279563294487,0.8365487060016976,1.2260218808787038,0.6693833680700411,0.5091702792596786,0.9228441221609064,0.3634202157503318,1.1242802770219336
2020-01-08,0.5877885293216993,1.0448362399536368,1.2028944343899977,0.8360493493852629,0.5188053374463789,0.9096249737756276,0.37595497841970615,1.1082266429124459
2020-01-09,0.5666097184617005,0.7629556884399635,1.181626332501777,0.6104962505495805,0.53387049524254,0.8904464605177205,0.395554048180615,1.0849358207177826
2020-01-10,0.7259733052367928,1.4488706112675485,1.1800616691188954,1.159346589995206,0.5568010665257053,0.878356289611161,0.4253856551453139,1.0702532425063733
2020-01-13,0.6363736815287464,1.2865905303485068,1.1766139569088456,1.0294945128155584,0.5748660489057427,0.8669682575892792,0.4488873571975926,1.0564233577075908
2020-01-14,0.6963785267161304,1.5227941486703962,1.1772574263841646,1.2184981804421935,0.5752177812862472,0.8770141680621513,0.44934494466902525,1.0686233396071627
2020-01-15,0.7431202322165611,1.5966885609135737,1.1884346440105902,1.2776264657339216,0.5904384825457242,0.8955767410004997,0.46914636924291564,1.0911661498849248
2020-01-16,0.7147185145227256,1.1701730281522769,1.1795738763296009,0.9363404153155193,0.5998450112079603,0.9039377026454151,0.4813838256276163,1.1013198916494402
2020-01-17,0.6652488556740636,1.4211272650997426,1.1813694991698072,1.1371471240632114,0.5990882413180707,0.9095350679712725,0.48039930319077323,1.108117459261172
2020-01-20,0.6541896779523587,0.5573503703880546,1.1676939588655133,0.4459765049528197,0.5989341954230516,0.8747037463750923,0.48019889664450854,1.0658175110226245
2020-01-21,0.5595974945408956,-4.244896065623824,0.979805289090025,-3.3966495974817414,0.5823179932083568,0.6422006918097636,0.4585819902188648,0.7834605195929287
2020-01-22,0.6781549533105505,-4.491214012786611,0.7878887200862241,-3.5937464740951515,0.5786428278370037,0.41329323091018333,0.4538007709664266,0.5054700987950145
2020-01-23,0.8060855285978853,1.6292522114926902,0.7833248226921529,1.3036830072657193,0.5927349651609605,0.430592314845956,0.47213398633858256,0.5264784993243163
2020-01-24,0.6983989969147278,1.2087629782371547,0.7707681925418307,0.9672190366990038,0.5962590808557694,0.4351217149015009,0.47671869698566743,0.531979105649924
2020-01-27,0.5760394357937751,0.7667704066769165,0.7543556765389167,0.6135486836277384,0.6001053949073848,0.4385880569884463,0.4817225727126899,0.536188710228091
2020-01-28,0.5916861430944327,0.9371790711137222,0.7486107743271684,0.7499050307604955,0.6028475724662995,0.42847527525100687,0.4852900182052066,0.5239075183456582
2020-01-29,0.6778477638753835,1.2340566292526804,0.758054490920669,0.9874583236479773,0.6069685584124911,0.4406322737765324,0.4906512292947921,0.5386712535357184
2020-01-30,0.5344342739855281,0.9599175703952678,0.7475774725315019,0.7680997552573957,0.6163299359297653,0.43980078081840157,0.5028299461394317,0.5376614695976462
2020-01-31,0.7343808913805682,1.2848448486305215,0.7413564568394142,1.0280976661052834,0.6322776637297581,0.4566296198792602,0.5235771984356997,0.5580987940679079
2020-02-03,0.5550616452220849,0.8450154851302736,0.7076238897490924,0.6761582528904113,0.6328518675581152,0.44728708002696116,0.5243242109158358,0.546753001429016
2020-02-04,0.6726485061046431,0.29299193944022284,0.6668466017941664,0.23444412720121077,0.6527792681324144,0.45993221777150745,0.5502488324361484,0.5621095439761202
2020-02-05,0.7639171948165994,1.2850663389919303,0.6705071724447567,1.0282748966276083,0.6589835175841835,0.47702229055996304,0.5583202724744525,0.58286411661984
2020-02-06,0.8872648318391579,1.3557916524769478,0.679370498331421,1.0848673558696817,0.6732442938945387,0.48887076705922106,0.5768728793261768,0.597253175652249
2020-02-07,0.8570121386529537,1.1933327164761591,0.6966216370104532,0.9548721637510506,0.6870729805703126,0.5052696200688148,0.5948633576555381,0.6171683152935034
2020-02-10,0.5891769817333363,1.1014750368255377,0.6932513940701074,0.8813701637521324,0.6805588699272909,0.4920326473905733,0.5863888026160021,0.6010930349577124
2020-02-11,0.5469363119441812,1.1293189322793715,0.7003952164581148,0.9036500864695546,0.6762999475661211,0.4860400556598111,0.5808481426645922,0.5938154954211767
2020-02-12,0.617616914365514,0.8918506716482558,0.6973989204475297,0.7136344866956572,0.6725493945970441,0.46199892738616666,0.5759688476530487,0.5646194030833263
2020-02-13,0.6441635264607845,1.267516349985005,0.7115433613912064,1.0142318759800766,0.6678371705134357,0.44945632787407874,0.5698384632393382,0.5493873852951658
2020-02-14,0.6202768708933136,1.1353006998700883,0.7130465763437029,0.9084365331022006,0.6633399493882256,0.4481275715782064,0.5639877876768369,0.5477737134629949
2020-02-18,0.7055748600593487,1.200950708338783,0.7543739772695497,0.9609678722427961,0.6652602353113344,0.4397380833962819,0.5664859903692435,0.5375853284238745
2020-02-19,0.4643198773081094,0.9772320903050664,0.7590634234129954,0.7819543599810485,0.6562188162330368,0.4557370288738166,0.5547235245756014,0.5570148112731638
2020-02-20,0.8160330296599576,1.2286872676264537,0.7651917910020892,0.9831619074991459,0.6684300321910873,0.6642994814919541,0.5706097487138139,0.8102977918195939
2020-02-24,0.29163091743733466,0.21131376063356644,0.746803726741876,0.16908748504137497,0.6500241257209343,0.8434820509746459,0.5466645202733116,1.027901174839061
2020-02-25,0.7097573827967592,1.0872804539433165,0.7347507214977349,0.8700120472074739,0.6454370711589759,0.8228310528766342,0.5406969755868678,1.0028221336029097
2020-02-26,0.7096288610220134,0.8937014987801166,0.7216544204454554,0.7151154678870116,0.6459718265926561,0.810826121028444,0.541392667539885,0.988243071640431
2020-02-27,0.6195715389832898,1.1914106161962343,0.7106083026963166,0.9533341517382249,0.648044783887395,0.8270063814146577,0.5440894885875427,1.007892747433902
2020-02-28,0.6956535626898044,0.3971079946436594,0.6706222838206527,0.3177549436572477,0.6529956133919365,0.8064278058383125,0.5505302875587025,0.9829016577533455
2020-03-02,0.6633739717467185,0.1700798351213093,0.6372858440529539,0.1360932269185397,0.6523063851953333,0.7658866107559583,0.5496336337241272,0.933667509437236
2020-03-03,0.49772159101108365,0.7476785175823766,0.6148375524690415,0.5982718767505822,0.6505581621965503,0.7577995689223006,0.5473592768953188,0.9238464221143764
2020-03-04,0.7071002559383549,0.8037761126474168,0.623051743877687,0.6431596362508517,0.6492590843183496,0.73946918654828,0.5456692369830787,0.9015855893328005
2020-03-05,0.707136217032548,1.6606549975154903,0.8199034459823308,1.328810656766479,0.6565007305950383,0.7705478724471404,0.555090282051509,0.9393282515287721
2020-03-06,0.2785622010732346,1.1847234197964611,1.0091013604017667,0.9479832402887044,0.6377347160697332,0.8045259254513067,0.5306765697763276,0.9805919710047647
2020-03-09,0.2765951614755099,0.002333762696371533,0.9548707454418893,0.0018674130062797023,0.6145289049582527,0.7556493786121958,0.5004868885936802,0.9212351821541208
2020-03-11,0.5441375387607552,1.3522579273127067,0.9596539104110744,1.0820397657541234,0.5981895100497574,0.755514731463836,0.47923009560182445,0.9210716635982612
2020-03-12,0.16039439620360937,-0.6983902889460367,0.910815220556976,-0.5588327858117056,0.5650172365997886,0.683433543389419,0.43607451035866485,0.8335346312722977
2020-03-13,0.11318905181077854,-0.037520157362249895,0.8783252462744435,-0.030022602540023726,0.5423511446987144,0.6400338878516972,0.4065869787717389,0.7808291036411626
2020-03-16,-0.5913455314003239,-1.61514446428,0.7833518764900209,-1.2923943742460737,0.48814724739659515,0.535460342103334,0.33607022887031546,0.6538326140000041
2020-03-17,0.06542206501953932,-0.3337609190593718,0.7402292601748662,-0.26706634835158105,0.46185225457059637,0.48876030233917983,0.30186166592445174,0.5971190247867119
2020-03-18,-0.0644858851937432,-0.2509854644006866,0.6890349164071592,-0.20083169610068494,0.42810704449180936,0.43090013224009593,0.25796071676883114,0.526852319760704
2020-03-19,-0.06629157589184326,-0.4420988115028708,0.6461311065193878,-0.3537553633642849,0.3954133089306113,0.37079575621788236,0.21542768706688495,0.45386020007815214
2020-03-20,-0.04773371522591959,-0.945999885606938,0.6048313790178157,-0.7569632049854123,0.3595414720122653,0.2889895144451105,0.16876009528143684,0.3545128416087609
2020-03-23,-2.2769667917271437,-4.168868832754769,0.42303353995959253,-3.335814687526325,0.2290040115820151,0.09290527408761654,-0.0010630707285653842,0.1163836855095982
2020-03-24,-0.5744165129967077,-0.9766657177239624,0.34528496095289546,-0.7815011641501265,0.16279212859836437,0.008873699247174996,-0.08720165162868573,0.014333832008083938
2020-03-25,-0.7313514618252566,-2.068279101122381,0.23656456703294412,-1.6549803028628016,0.1140786819668124,-0.07798667160540484,-0.1505755805144078,-0.09115137563468644
2020-03-26,-0.325033207214666,-0.8455704009814976,0.17166305243937624,-0.67660228135979,0.06480293958531598,-0.15163497296575074,-0.2146810300239784,-0.18059154593649987
2020-03-27,-0.37322735305769966,-0.0069158852410682314,0.13378855852202826,-0.0055339019983399644,0.013238357962472495,-0.18595160962695795,-0.2817641529552039,-0.22226644909748994
2020-03-30,-0.6505571560335486,-1.9332918640870558,0.039617140664184536,-1.5469672120231255,-0.04724396084785314,-0.3050135793298794,-0.3604488372913455,-0.3668580099346594
2020-03-31,-0.5913290111219361,-1.168131762516074,-0.0415711297525181,-0.9347070504475979,-0.10852884531507888,-0.3646546266682054,-0.44017762222770146,-0.43928745273767456
2020-04-01,-0.7119429469158053,-2.2226528004302666,-0.15350291309586328,-1.7785059099706493,-0.17402012715615145,-0.45582601413911916,-0.5253787345493792,-0.5500080568987051
2020-04-03,-0.4739243342032425,-0.6568983960094678,-0.21543121657413827,-0.5256321092196296,-0.220288980737786,-0.5093452515662721,-0.5855723615510697,-0.6150030346713365
2020-04-07,-0.5992457924346863,-2.302199483071691,-0.3247456023533635,-1.8421569872639387,-0.2824959354222165,-0.6276936622098336,-0.6665007169636179,-0.7587280331763038
2020-04-08,0.21683883040684904,-0.024902045905755177,-0.36653191280443714,-0.019925935263110314,-0.30584343002344033,-0.6919192142112426,-0.6968747217781198,-0.8367250025921782
2020-04-09,-0.04059545207741853,-0.5103987408854064,-0.3905889961884029,-0.4084070966596979,-0.32104141350680476,-0.7565092302564046,-0.7166465915816675,-0.9151645854226195
2020-04-13,-0.03842279675936355,0.18444280953035663,-0.42068358433550157,0.14758608575204843,-0.3360422686608463,-0.7495702458399394,-0.7361620065952603,-0.9067377251085751
2020-04-15,0.3636541118953626,-0.03305405352529134,-0.4515754360790151,-0.02644894854105647,-0.34463671755919834,-0.8023554227111385,-0.7473429849689678,-0.9708412430657911
2020-04-16,0.31887602912664686,0.3626173528974818,-0.47920187818897364,0.29015647655866056,-0.33708997313429184,-0.7619273625982638,-0.7375250213968119,-0.9217444884267988
2020-04-17,0.2501852795464171,-0.2836798670695274,-0.5018948069127466,-0.22699286187441142,-0.33056634324211853,-0.7713068987570443,-0.729038082256776,-0.9331352102207577
2020-04-20,0.2574742320127669,0.9650158923733625,-0.47539693833767804,0.7721792929014305,-0.2901463545081619,-0.6729938669881155,-0.6764535564488995,-0.8137416309815354
2020-04-21,-0.30355599954352336,-0.004779955287286475,-0.5004788874333336,-0.0038247893356025287,-0.30771673853497433,-0.6604585546540213,-0.6993118090425235,-0.7985184629078794
2020-04-22,0.22936076018287457,-0.18902389666311337,-0.5335722210770178,-0.15125174623582607,-0.2937240411360878,-0.6580976046604565,-0.6811079603889141,-0.7956512716000268
2020-04-23,0.2914927397095087,0.4744203922063283,-0.5731133745873233,0.379618207209967,-0.2766866927741186,-0.6231750536807302,-0.6589431624090197,-0.7532405323255669
2020-04-24,-0.010232680454356219,0.34316472071935245,-0.6011653312232269,0.2745910129439246,-0.274900929213568,-0.5740534242555237,-0.656619967054993,-0.6935861096146232
2020-04-27,0.07595235526844275,0.2770580645597397,-0.5920078544944478,0.2216942768250358,-0.1628571603090163,-0.40464823547688755,-0.5108562337607406,-0.48785659984306323
2020-04-28,0.30193990777285795,0.6052618501194623,-0.6169077237342226,0.48431395911626457,-0.12112590217713223,-0.3443713248451546,-0.4565658074403669,-0.4146549502110986
2020-04-29,0.222210461310266,0.1956784737174665,-0.5871054316454393,0.15657655657832958,-0.07571819155163115,-0.258106712490815,-0.39749248738134085,-0.30989324522293327
2020-04-30,0.6308514768565263,0.6592684937425843,-0.5638791432752781,0.5275285965273832,-0.03019987326252675,-0.20076714687714012,-0.3382752718952384,-0.24025877411101187
2020-05-04,-0.34742291798901553,-1.2944809131555473,-0.5531903582377964,-1.0358081810823847,-0.02897109064020846,-0.24982782683352317,-0.3366766828421622,-0.29983917840237645
2020-05-05,0.3267767091554682,0.2812712585363295,-0.532689285651273,0.22506555927894278,0.017568617225935196,-0.16544531391437708,-0.2761306870110866,-0.19736313772553074
2020-05-06,0.3074406123907588,0.44897714359127955,-0.5093571987182074,0.3592592163581538,0.060367170726539715,-0.10382787263791274,-0.22045175904538805,-0.12253351722465301
2020-05-07,0.11626187925176029,0.9872624415073245,-0.4617118236178676,0.7899803723608695,0.09980549578213808,0.01848099794930245,-0.16914433203556048,0.026001153808954798
2020-05-08,0.17380932917326666,0.7146302990639386,-0.40635748412883843,0.5718275972222342,0.13064995594292422,0.07074098397034359,-0.12901712363799137,0.08946686806654099
2020-05-11,0.15364849318085502,0.6398311226076732,-0.246067485616757,0.5119753443815507,0.16650206478175952,0.18284252357250974,-0.08237519716662828,0.22560552446346477
2020-05-12,0.2007829732412027,0.7657064933816127,-0.18798841191323784,0.612697369341032,0.165737500154824,0.21296744283937366,-0.08336986019391174,0.2621899107940287
2020-05-13,0.38560839159506494,0.2957003904207652,-0.10918909552846628,0.2366113555127257,0.18603292128208512,0.24368260722853669,-0.056966461047201614,0.29949110421020275
2020-05-14,0.21362214560085807,-0.12240243270563572,-0.08508349658593754,-0.09794307501361194,0.1980350613944766,0.23199074243017193,-0.0413522348621361,0.2852922379852369
2020-05-15,0.34056313595853793,0.8832473203294604,-0.0554113897335866,0.7067503205483087,0.19693549111177067,0.26690499333918927,-0.04278272466976808,0.32769289746526825
2020-05-18,-0.054734093398696816,-0.9153713828921757,-0.021480707027090595,-0.7324551157862301,0.17914453289627813,0.2182092032275278,-0.06592793402613499,0.2685556236908401
2020-05-19,0.29170045063510314,0.6820470851942964,0.040191921229921754,0.545755401681042,0.18112144580526318,0.25500673958731135,-0.06335606225826594,0.3132433878064463
2020-05-20,0.27747325400438794,-0.1421807571704602,0.10954098933858196,-0.11376914867801781,0.18207378018581655,0.21281871855971854,-0.062117119512844876,0.2620092966501222
2020-05-21,0.3670992592480268,0.8848929829841794,0.16093403530503686,0.7080671347428914,0.2140097448901761,0.24671833399202783,-0.020569914459197192,0.30317775975691996
2020-05-22,0.2995101546241751,0.5565584096703491,0.25622596506310485,0.4453427996720709,0.2173501922445237,0.27512759808288,-0.016224147782449544,0.3376786154657675
2020-05-26,0.3014657577155524,0.802014130699934,0.28378983761662785,0.6417497465432676,0.21782509786385915,0.2876100523368467,-0.015606317654870349,0.35283759148609556
2020-05-27,0.4099677155099347,-0.5902965633939119,0.28112657686634435,-0.4723391464596735,0.2378346405288254,0.25204194950810394,0.010425166905781696,0.30964287938065094
2020-05-28,0.5845918566783912,0.6567205362057666,0.2968691677555247,0.5254897906748869,0.26205556916739436,0.266508402548573,0.041935468788067476,0.32721126859946054
2020-05-29,1.193807796803384,0.8111732741366107,0.325010078677588,0.6490786423245812,0.30452546864503843,0.2743543398442072,0.09718683315235147,0.33673955309397174
2020-06-01,0.6874478037167449,0.2654865993709742,0.3217723868933711,0.2124351072321713,0.32667962780725174,0.2770142708277235,0.12600836405096166,0.33996983370822176
2020-06-02,0.7496421465719592,0.7459416977052593,0.3560931057191974,0.5968821210427139,0.33233632636512944,0.28031681961416777,0.13336746583750442,0.3439805239812314
2020-06-03,0.7849986350671907,1.076282613319758,0.35980199641741056,0.8612118762846345,0.3862611622249488,0.3706511080602163,0.20352116977889087,0.4536845360693898
2020-06-04,0.7607876152553111,0.9881177995650344,0.39289858824582125,0.7906648064571367,0.4069283482297033,0.3975844055448922,0.23040821774410228,0.486392944400934
2020-06-05,0.7465529323941907,1.2387789982210242,0.4404920180752925,0.9912370339879978,0.4278384587060571,0.42767858733678954,0.2576112991508432,0.5229400024436097
2020-06-08,0.8741949814975637,1.075188556746874,0.4605176235599774,0.8603364421725951,0.46393051119395257,0.4310288763754431,0.3045653811522211,0.5270086695634574
2020-06-09,0.8431704112510936,0.3703552797909132,0.46142397552902936,0.29634815377798357,0.49580484843575384,0.41791080764000266,0.3460324117427659,0.511077788877044
2020-06-10,0.5538551874537145,0.9906036382753973,0.485208827986218,0.7926539065256486,0.5148623100677948,0.4312764534563882,0.37082528315148033,0.5273093327949719
2020-06-11,0.5526027668913409,0.20054748542009615,0.4717183491629058,0.1604726064189375,0.5316156335749442,0.40974194093628846,0.3926205780024486,0.501157331573104
2020-06-12,0.7921728618596351,-0.03757919472102267,0.4639430935482895,-0.030069842617945975,0.5509758464446856,0.3970428362633995,0.4178073146934373,0.48573525036220877
2020-06-15,0.6606649020308676,0.3680423028951712,0.4542355538533757,0.2944973730002092,0.5722635967508767,0.4157304766450099,0.4455016879584929,0.5084299453843294
2020-06-16,0.8367605802788954,0.3457346265626444,0.5089094051773154,0.27664738123027055,0.5958920464804175,0.39524938429653195,0.4762412023304832,0.4835572415503026
2020-06-17,0.6655851495789699,0.8944365488097914,0.5293482481864308,0.7157036347935332,0.6301929628126872,0.46420932480033017,0.5208650994814681,0.5673037599185257
2020-06-18,0.5168366735205648,-0.10817456965293337,0.5107765244116237,-0.08655832858781583,0.6409137353310426,0.43409914716847975,0.5348123260104609,0.5307372761644201
2020-06-19,1.0958144437360062,0.8516554601697842,0.5062562917003723,0.6814713791004704,0.6798823634135006,0.47196774372936023,0.5855086990992063,0.5767257601204052
2020-06-22,0.7617500090458774,1.1113370252903927,0.5194798492412542,0.8892614568796112,0.6986752562610172,0.4805960447834898,0.6099573788217393,0.5872041649368424
2020-06-23,0.8886734553509621,0.5969610154144629,0.5180508456681472,0.47767185847973104,0.7267306515337214,0.4821355237743307,0.6464561434918122,0.5890737431969462
2020-06-24,0.8654118302741721,0.4453154043526807,0.5073711427005161,0.35632919288559034,0.7535852264174652,0.4685440688382508,0.68139269667416,0.5725679715541675
2020-06-25,0.9966289955656017,1.3305926519350386,0.5418675514176585,1.0647038056379663,0.7815214778486874,0.5417365903667098,0.7177364607466701,0.6614546324738075
2020-06-26,0.7982028932116387,1.0893664631081488,0.5822598479447847,0.8716812146218307,0.7916934319693183,0.5582218962689453,0.7309697000603538,0.6814747624719082
2020-06-29,0.44562202484468294,0.9180856305895405,0.583421124953454,0.7346269824718215,0.756065538066523,0.5622956267521472,0.6846194667947536,0.6864219933170373
2020-06-30,0.6677353254929639,1.0040188146685218,0.6474007982054772,0.8033883633395298,0.7551268486272954,0.5904362579953547,0.6833982754835057,0.720596615192949
2020-07-01,0.676653006001804,0.6260241510944092,0.6455333670688145,0.5009273838407129,0.7516511752668118,0.5858669847952594,0.6788765860608029,0.715047586014768
2020-07-02,0.7590144565918802,0.8739752374740034,0.6794052335569633,0.6993310537366071,0.7504138334346541,0.5781583741977343,0.67726686187373,0.7056860741822054
2020-07-03,0.8153617597436129,1.1163096014130829,0.6871191208379267,0.8932403761333388,0.7530126022198113,0.5830429251346962,0.6806477392201158,0.7116179838064643
2020-07-06,0.7486381905360623,0.7376312905959312,0.6931548835354461,0.5902323608303492,0.7531119002265672,0.5639474645081416,0.6807769213095343,0.6884280226140912
2020-07-07,0.7105255118124799,1.1571557231766223,0.7049929366180023,0.9259243243153369,0.7453181159558488,0.5670706969911293,0.6706375703853638,0.6922209470945054
2020-07-08,0.9638946980534745,0.9909132472166107,0.7576999303050197,0.7929016471226601,0.751066891517867,0.5907161014361139,0.6781164600726999,0.7209364634248435
2020-07-09,0.7900920998351217,1.0070348335625472,0.7693770735502458,0.8058016990735539,0.762316268297934,0.591342186795538,0.6927513761660091,0.7216967957086308
2020-07-10,0.6615739719789456,1.120334383049228,0.779682443847333,0.8964608961915502,0.7675053733021057,0.6263892482132815,0.6995021604823445,0.7642587432876261
2020-07-13,0.6548518217343406,0.9760804288089738,0.8033689048285997,0.7810328319868022,0.7609662761532822,0.6650131850992219,0.6909950991606363,0.8111645296940593
2020-07-14,0.4536877510609245,0.19069514359240602,0.7848606863581711,0.15258903226637266,0.7511102213451896,0.6582556450642771,0.6781728301632036,0.8029580195589565
2020-07-15,0.6984935461876339,0.7871573611335757,0.775223177951965,0.6298617663460342,0.7445260768646533,0.6750753776888375,0.6696071643576443,0.8233842849660992
2020-07-16,0.6530371715657237,0.8732332008009497,0.7713936913264957,0.6987372963093627,0.7439285541021178,0.6742674568086388,0.6688298150284757,0.8224031274949741
2020-07-17,0.6919342935346072,0.7041924139411916,0.7535741385171679,0.5634754873583785,0.7522665360075484,0.7052214480441719,0.6796771417701427,0.8599943576590084
2020-07-20,0.658239714739,0.9851603066307519,0.7505731968466305,0.7882983015935342,0.7314296441505481,0.7103084443533654,0.6525693143825049,0.8661721215424255
2020-07-21,0.7721366479786078,1.393382212148222,0.7846740945918741,1.1149462924096234,0.7319242460044877,0.721055341283366,0.6532127683954264,0.8792233973204279
2020-07-22,0.8458075422031948,1.1471397591866554,0.789891965288916,0.9179098241888389,0.7298830120450701,0.7420190539361806,0.6505572179318823,0.9046822062161285
2020-07-23,0.8940728575541811,1.0207417074976037,0.8172317726914996,0.8167695642731936,0.7312478228679277,0.763944785907019,0.6523327733485301,0.9313093132266315
2020-07-24,0.7597548702454531,1.2499478353197864,0.8601493403595266,1.00017403160805,0.7199681026145873,0.7608719395246419,0.6376583818074679,0.9275775787714619
2020-07-27,0.6038633058360406,1.0095205806974272,0.8815319496196018,0.8077907258658721,0.7107138365490826,0.7578295352981678,0.6256190119808833,0.9238828139620006
2020-07-28,0.8466068488271128,0.8183893690977735,0.897287107704106,0.6548527639205647,0.7298083519768174,0.7540307629862031,0.6504600886547889,0.9192694985664758
2020-07-29,1.012773074117066,0.7309738038657284,0.8918383495393041,0.5849052222449054,0.7462387209589174,0.7436268038864591,0.6718352346860974,0.9066346942803415
2020-07-30,0.8429076319597062,0.7640097652925374,0.9209111607041529,0.6113396939841569,0.7541556079092938,0.7488845329409088,0.6821347364722118,0.9130197998882759
2020-07-31,0.8017866359046955,1.218096022926524,0.9331258461293775,0.974687083500938,0.7561923783527611,0.7619967248344485,0.6847844801090587,0.9289435436043757
2020-08-03,0.840274364148746,0.6913822702648601,0.9191273542951932,0.5532251611574,0.7573786928482437,0.7458055241213084,0.6863278201038954,0.9092805816293449
2020-08-04,0.8365712921996555,0.4142821756952064,0.9130380596378848,0.3314972530693023,0.7615659834036529,0.7334848047041157,0.6917752904068996,0.8943180200690602
2020-08-05,1.0095908856442841,1.1601727946340097,0.936866639313929,0.9283385022817419,0.7758071916813579,0.7335997655596588,0.7103024401580622,0.8944576311436933
2020-08-06,1.0069904639499725,0.9733123541993237,0.9249572960560718,0.7788178944798964,0.7778593710097625,0.7329291106719081,0.7129722300376974,0.8936431726121832
2020-08-07,0.9813962564552718,1.1050182197618985,0.9254790212778635,0.8842053217179672,0.7869690927535791,0.7366626165121183,0.7248235544230963,0.8981772269216964
2020-08-10,0.9301023735758002,1.0160144358736112,0.9287433147873325,0.8129869309623681,0.7997561594962865,0.732687665786919,0.7414589336550074,0.8933499564587478
2020-08-11,1.0040868359595565,1.2934408763197731,0.9383907168423742,1.0349759720848075,0.8163863982689159,0.7447801962677766,0.763094100989822,0.908035400190789
2020-08-12,0.9494566226549284,1.4008110825710256,0.9642169478915947,1.1208906711037698,0.8399944397733922,0.7908897981171764,0.7938070652099887,0.9640319481869336
2020-08-13,0.9901842055928632,1.3122603827172739,0.9788264527330371,1.050034825786207,0.8538844711736414,0.810898039042899,0.8118773501733543,0.9883304105110067
2020-08-14,0.9475947960269943,0.5198919379631772,0.9589458639513737,0.4160032930175215,0.8679110247194162,0.7974345150766208,0.8301252440997501,0.9719800011442696
2020-08-17,0.8717354276235648,1.126920239868343,0.9719221622604539,0.9017307184835202,0.8764729834855568,0.8135419070349609,0.841263954322246,0.9915411838635181
2020-08-18,1.0243011282906909,0.7992396344146161,0.9599916259683872,0.6395296705873315,0.8939044793689707,0.8064576865108558,0.8639415198996262,0.9829379455209062
2020-08-19,1.163777828199332,1.4637408579731956,0.97575254632694,1.1712453542302659,0.9125540593794815,0.8091385942166008,0.8882037562852811,0.9861937007431765
2020-08-20,1.0994919707148059,1.4911540963667331,0.9918898550870794,1.19318067696034,0.9246342702609867,0.8222467300628628,0.9039195489106621,1.0021125187033177
2020-08-21,1.1201088562777721,1.4646565330994905,1.0033672600887549,1.1719780523932057,0.9353978892478244,0.8391614199733395,0.9179225167027838,1.022654102395701
2020-08-24,0.9949137274995357,1.062564284120984,1.006250055265822,0.8502348448966374,0.9465959300694473,0.8320214587013676,0.9324906471012863,1.0139831712225706
2020-08-25,1.0865451591430555,1.389141380555903,1.0461982631646052,1.1115528950923863,0.9695807802269243,0.8464863239026301,0.9623928683574897,1.0315496321333755
2020-08-26,1.0894875502535872,1.3917223152117044,1.0663504283005427,1.1136180883325102,0.9811465279138991,0.8683322917317704,0.9774393682893956,1.058079871758132
2020-08-27,1.221506225139661,1.582122188204971,1.0899800612140103,1.265970853150584,0.9910862017721181,0.9007639884415646,0.9903704217827455,1.097465661020375
2020-08-28,1.297489947667918,1.4734950987859867,1.11562348404217,1.1790504306369216,1.0127329787106043,0.9277978330440773,1.0185318720016294,1.1302961760560328
2020-08-31,1.3031031363005727,0.24105625588403035,1.0908200156839458,0.1928866153283834,1.03660519301517,0.8905692393215746,1.0495885127506412,1.0850849260864515
2020-09-01,1.1575720537730154,1.0832140791846068,1.0804810779184921,0.8667582454714939,1.0517146068068017,0.9054993861936742,1.0692451575037474,1.1032164356285121
2020-09-02,0.9431697937939442,1.1185001304357742,1.079526423626796,0.8949931774759797,1.0567907259303393,0.9323325254511352,1.0758489524432366,1.1358032095335486
2020-09-03,0.9285134400569506,1.4423048416859996,1.0935785280997428,1.1540928409607056,1.0529298951880852,0.9430827320548952,1.0708261911767214,1.148858504654553
2020-09-04,0.8113030536704914,0.856434314977517,1.0804614107550001,0.6852952878624683,1.0436114470795386,0.9386292745969226,1.058703323496613,1.1434501247446882
2020-09-07,0.8385392485313874,1.1269372028269422,1.0843752981593175,0.9017442917785095,1.0368087324164965,0.9394644636474245,1.049853308047157,1.1444643973013031
2020-09-08,0.669393397612567,1.0357248616190646,1.0916198145766935,0.8287586739307438,1.02439401927539,0.9402154990268711,1.0337023435364354,1.1453764717279993
2020-09-09,0.7750360106351724,1.3689271298512788,1.1128849254428785,1.095378005187475,1.0134868371170862,0.9430917863174741,1.0195126067339435,1.148869500356722
2020-09-10,0.734917800317874,0.9466302450294091,1.118972274767441,0.7574676013347011,1.0032707027200836,0.9257859258522805,1.0062218909350888,1.1278528702561432
2020-09-11,0.8334763713482087,1.3592950761661888,1.12367890987543,1.0876706995746637,0.9958084248989094,0.9275781103183975,0.9965138144866801,1.130029339786343
2020-09-14,0.9925371978052726,1.0420055067072365,1.135366351090176,0.8337842741529554,0.9979485392693037,0.9474724427534181,0.9992980037669522,1.1541894690515535
2020-09-15,0.9238922286555095,1.0221659063255961,1.1556291421111888,0.8179091691777777,1.0004321964613012,0.9434809404055258,1.002529126283342,1.1493420979219895
2020-09-16,0.9182302475455288,1.0518130227491098,1.1520171497150256,0.8416319799391344,0.9953812021401031,0.9531048598984687,0.9959580175433896,1.1610296043888149
2020-09-18,1.1716666547344932,1.2256345006915788,1.160427887931434,0.9807191669890729,0.9957568605465392,0.9440321843155547,0.9964467316619958,1.1500115410493956
2020-09-21,0.6442421441074218,-0.07023242927956974,1.1212528662967185,-0.056198066797085305,0.974078297374759,0.8845379584223438,0.9682439290316606,1.0777604015447935
2020-09-22,0.9175267634688533,0.7762089162987378,1.1132593489775562,0.6211011205807678,0.9644315310505247,0.8583057235741326,0.9556939346197844,1.0459033796055957
2020-09-23,0.9295170772736905,0.907541221614886,1.1003960271540596,0.7261896351385176,0.961317404849294,0.8523988088237461,0.9516426012392772,1.0387298881404237
2020-09-24,0.5825681894981615,0.20802631246655412,1.060636534817244,0.16645695903541408,0.9373185015328706,0.8073942404400806,0.920421143976895,0.9840753178890325
2020-09-25,0.6311648467997312,0.07121284763524743,1.019268283647843,0.05698257071937235,0.9154936108922107,0.7570782634108836,0.8920279761137946,0.9229704523148134
2020-09-28,0.7214700769154181,0.46454468257162973,1.0174233751347916,0.37171593477809395,0.8916823657386753,0.7144946958693364,0.8610506533951995,0.8712560004859836
2020-09-29,0.8973855887482103,1.0807699676756857,1.0158850327283697,0.8648025343669966,0.8726297772186892,0.6995305103326734,0.8362641216786679,0.8530831536163923
2020-09-30,0.7823889642452893,1.076656567511706,1.025132263831606,0.8615111041893746,0.8478338642636758,0.7313697717070062,0.8040057919375373,0.8917494759484041
2020-10-01,0.7773884451155559,0.6368061984257749,0.9975677751800253,0.5095548828800163,0.8297298828990349,0.7143600877740787,0.7804533540197477,0.8710925293570984
2020-10-05,0.8322921121067433,0.9501254241253843,0.9795334861053137,0.760264347941906,0.8244499932948824,0.707944429224837,0.7735844631603336,0.8633012078650398
2020-10-06,0.7843294229646491,0.8808976474853774,0.9600748565848432,0.7048701766774844,0.8175840877190585,0.686552873782779,0.7646522392717345,0.8373228169664209
2020-10-07,0.795012331675659,0.9470219194209845,0.9562234444281766,0.7577810084579667,0.8168083390526378,0.6900045747635171,0.7636430263291402,0.8415146410525957
2020-10-08,0.8843086836035374,1.1486006263174848,0.9482054192868961,0.9190787700652975,0.8189878359608356,0.6908300261105069,0.7664784504598012,0.8425170879208459
2020-10-09,0.9014813706398745,1.1324027153745946,0.9395614326256589,0.90611764526185,0.8300396442002312,0.6945137866500835,0.7808563390686613,0.8469907304071643
2020-10-12,0.8014496424086145,1.061597809241503,0.9222106199935435,0.8494614981622026,0.8312974361894427,0.6828034767917371,0.782492667959126,0.8327694640823251
2020-10-13,0.7540497334986052,1.1862678587673936,0.9126363786595902,0.9492190580632397,0.8322084806266203,0.6919344985407151,0.7836778944082031,0.843858384331311
2020-10-14,0.9447697999125247,1.0190163017396867,0.9385683801881122,0.8153889418309666,0.8375081677011115,0.6789687005529201,0.7905725408559428,0.8281124247000996
2020-10-15,0.7487284037784153,-0.21868053649764507,0.8951718929987037,-0.1749821773699084,0.825898225128404,0.6309322028613551,0.775468545432767,0.7697758106183317
2020-10-16,0.7311687379816215,1.0288380161327662,0.8921831558552701,0.8232480087489998,0.8167209160486951,0.6311864333171275,0.7635292930661923,0.7700845538593868
2020-10-19,0.6856506225093942,1.1287819633005072,0.8817323932424205,0.9032204185960134,0.8056456958088792,0.6341192161103123,0.7491209465334469,0.7736461919099
2020-10-20,0.7284707536629694,1.0712396252435925,0.8888925702512896,0.8571766153137641,0.7845411290911877,0.6282362374591071,0.7216648865989673,0.7665017689873499
2020-10-21,1.0451342763201719,0.845540168198905,0.8795126690970217,0.6765780899149982,0.8036312306251281,0.6631303401596825,0.7465002210022931,0.8088779600253259
2020-10-22,0.9673245177631753,1.1680931380543365,0.8839249449781974,0.9346761442109364,0.8060025522581911,0.6780624841420715,0.7495852001801279,0.827011894903492
2020-10-23,0.9290315523880217,1.2963583499150748,0.8815059856469906,1.0373104545691716,0.8059794320255401,0.6928777612578169,0.749555121832543,0.8450039040038442
2020-10-26,0.7975484127446477,0.37887800986176234,0.8625809111414023,0.3031678090103057,0.816216585513468,0.6993878017328118,0.7628731824913006,0.8529098450506902
2020-10-27,0.7851159911016704,0.8708317691170091,0.8462988009064297,0.696815736432151,0.8235475923849891,0.7298560477191345,0.772410481538328,0.889911175149004
2020-10-28,0.7156703914392731,0.6690482081783183,0.8338668909554658,0.5353540562295963,0.8232714168861248,0.7376483392168252,0.772051190056504,0.8993743109677762
2020-10-29,0.6773299266077238,1.0439615254869399,0.8345934115941773,0.8353494268205437,0.8127925758318161,0.7362458102860417,0.7584187051123897,0.8976710479718149
2020-10-30,0.9349685853481414,0.8326954975830153,0.8272894940886407,0.6663001362024059,0.820058272074809,0.7269500499057098,0.7678710380686551,0.8863820653864081
2020-11-02,0.8202961545450825,1.025135973414766,0.8206062098460803,0.8202857355358141,0.8221014963333578,0.7417467571750335,0.7705291778188198,0.904351522843399
2020-11-03,0.9140730534714583,1.150812868038016,0.8613077197566665,0.9208489453142104,0.8259958268745348,0.7493936427641908,0.7755955207659885,0.9136380744235414
2020-11-04,1.0318643283171873,1.0481425114880696,0.8703721729296443,0.83869493733441,0.8377832033198936,0.7557662504145207,0.7909303494067845,0.9213771139259382
2020-11-05,1.00091681088578,1.030284414548897,0.8744636126941112,0.8244053771561406,0.8475881785203757,0.758938839400148,0.8036861662099246,0.9252299780644306
2020-11-06,1.1391337468998093,0.9458312676682049,0.899057111200833,0.7568282815279552,0.8597227053440077,0.7512126256602746,0.8194726213503138,0.9158470885758951
2020-11-09,1.1176544574924525,0.947535802539355,0.9282678763643033,0.7581922036580804,0.8700166618607971,0.744168557012476,0.8328645801082717,0.9072926115840335
2020-11-10,1.1151196946314503,1.2984572300899888,0.9560649612815819,1.0389899210133604,0.8849533310142655,0.7531937200053883,0.8522964921197769,0.9182529745547717
2020-11-11,1.2776353244560232,1.3157090553967432,0.9638962642056171,1.0527943592323679,0.909885978202714,0.7581258772039182,0.8847327067404459,0.9242426983045898
2020-11-12,1.2073961697137332,1.337206400568201,0.9725812586408337,1.0699959461957997,0.9223919958122955,0.7702500202689102,0.9010024541189832,0.9389665330769733
2020-11-13,1.1137986349795244,1.195559108339241,0.9912063556379491,0.9566536615565716,0.9397762925361577,0.8241374411701712,0.923618615784554,1.0044086412248923
2020-11-17,1.1430446711133226,1.2537598192517216,1.0013275021421604,1.003224276770204,0.9593894322090959,0.8327077396473713,0.9491343984853708,1.0148166063942134
2020-11-18,1.203242248642015,1.4667607112535483,1.0208562709344329,1.1736617581352355,0.9840366525011254,0.8455858986730486,0.9811992859861886,1.0304561352788617
2020-11-19,1.434516584420804,1.0372184264722994,1.0238628211694767,0.8299537836293382,1.017657882537213,0.8442895733547425,1.024938942871346,1.0288818483626088
2020-11-20,1.2496931766071666,1.2065958893198405,1.0257959966028884,0.965484991486846,1.0273987825508792,0.858047044858164,1.0376114008359438,1.0455892342963036
2020-11-23,1.2761596729754596,1.2820904783102502,1.0307855887007435,1.025893694395486,1.042105218513369,0.8623907377240949,1.0567437901718606,1.050864313591979
2020-11-24,1.2754003453171021,1.2203792404707179,1.0360783030750509,0.9765140516604776,1.0585989705576107,0.859495670918919,1.0782013946196944,1.0473484786941294
2020-11-25,1.2762314913599082,0.5481805602548776,1.014808726457967,0.43863907397304325,1.0813934028726233,0.8659466835361921,1.1078558911173073,1.055182734969573
2020-11-26,1.2548382290197682,0.7361345495348415,1.0053793347178055,0.5890347096172004,1.1037611284877709,0.8608142536878612,1.1369552620403158,1.0489497955640759
2020-11-27,2.16673662445582,1.8116759947653298,1.0730578857599047,1.4496535234915502,1.1728595205361778,0.904352323557478,1.2268490570106179,1.101823416704338
2020-12-01,1.3108653378947261,1.0106082191843675,1.0724502258616246,0.8086610244012801,1.2030278734546063,0.903081447251799,1.2660966813249588,1.1002800356471658
2020-12-02,1.5482070314057788,1.5048098618530286,1.0849844891467089,1.2041076465787384,1.2322297042192558,0.928691328698291,1.3040869052606459,1.131381257476795
2020-12-03,1.4996389337878424,1.594851297190627,1.1024382115449431,1.2761563376109852,1.2645793603736728,0.9503994526066324,1.3461723036541093,1.157744096312618
2020-12-04,1.6136349614944387,1.281165545980758,1.1169590574710049,1.0251535888720293,1.2978918321842912,0.9553663403950998,1.3895102804452308,1.16377599767986
2020-12-07,1.5018255244732834,1.2770138752975173,1.1205897487124443,1.0218315356728225,1.3202709367631527,0.9640871307921672,1.4186244548709077,1.1743667236555184
2020-12-08,1.431510646540189,1.3114816280672428,1.1210938579841832,1.0494116876392012,1.3407754051276486,0.9748017170056462,1.4452998147525353,1.1873787605653472
2020-12-09,1.4814190551253699,1.1300038125889298,1.1461313847417556,0.904198108939792,1.3570747055193417,0.9818193278347813,1.4665044466424322,1.1959011065811596
2020-12-10,1.3425953844985348,1.3677485418760393,1.1626952771670565,1.0944349313619193,1.3677861782339171,0.997830886296869,1.480439574559149,1.2153459069254295
2020-12-11,1.435797088742912,1.476249625371448,1.1896019910734943,1.1812545273858452,1.383056530334463,1.0046053913622255,1.5003055925684996,1.223573019778873
2020-12-14,1.2875873162846816,1.3350671725646102,1.1993055126427496,1.0682841945239128,1.3835304347072561,1.0053430025665846,1.5009221201208853,1.2244687915823749
2020-12-15,1.3952957348872599,1.251104387865785,1.2132524756521756,1.001099473286504,1.3924780330488526,1.0020622181423324,1.5125625294987561,1.2204845324452505
2020-12-16,1.477219560911321,1.144685132036016,1.217237447606217,0.9159456987557792,1.4097837914265572,1.000123743723247,1.5350765164280196,1.2181304050727753
2020-12-17,1.279627118135949,1.1396952801124391,1.216866861342031,0.9119529558792301,1.4162877174752537,0.9957774903474863,1.5435378217839237,1.212852216235793
2020-12-18,1.5506610375394334,1.3718873339557651,1.227658355424288,1.097746679455237,1.432831469327512,0.99216248660082,1.5650604736569893,1.2084620735607903
2020-12-21,1.1863996445698655,-0.39240477903478144,1.180235382304832,-0.31399155931101075,1.4210163769536575,0.9376888988417557,1.5496895878820147,1.142308111064314
2020-12-22,1.2997922259473735,0.791189273212939,1.175080649156323,0.6330879919896621,1.423402045969858,0.9218604702942708,1.5527932323381561,1.1230857078486525
2020-12-23,1.1195284867163282,0.7771338399850409,1.169400583737846,0.6218412191881812,1.4159434180527564,0.90261987623678,1.5430899042452246,1.0997194933206336
2020-12-24,1.3146435875412084,0.9303257775320788,1.1571295353192488,0.7444212128941345,1.4178121438729518,0.8915678362955255,1.545521029641293,1.0862976449375765
2020-12-28,1.0897904423520575,1.0472791886627424,1.1481818730947821,0.8380041300491877,1.408933998682102,0.9105852199181991,1.5339709755829625,1.109392787642696
2020-12-29,1.2503036238723275,1.1827938834805525,1.1430347891918606,0.9464392781634987,1.4087180651036522,0.9276044850870704,1.53369005603834,1.130061369904597
2020-12-30,1.2980146630797338,1.002724585170597,1.1366069717529057,0.8023527563340308,1.367350352657172,0.8967806390319504,1.4798725857497526,1.0926281910042728
2020-12-31,1.386410737109344,1.3925644911093176,1.1412337941481592,1.1142919744252233,1.3709477526197729,0.9113344937949954,1.4845526358215062,1.1103027228605564
2021-01-01,1.0715586436972608,1.2045629055187037,1.1324938672903309,0.9638582535165716,1.3482502103479388,0.8998940465063208,1.4550241887646682,1.0964091837710193
2021-01-04,1.4828451780987273,0.9433172746645276,1.1293638288967385,0.7548166531648571,1.347450507696076,0.8750683472469812,1.4539838128008775,1.066260290604388
2021-01-05,1.4734647176836657,1.1208846101308123,1.1265067862571039,0.896901172835853,1.3407757341812774,0.8689610893404967,1.4453002428360053,1.0588434978590882
2021-01-06,1.6302514546708935,1.24644150334323,1.125318487091537,0.9973683607711935,1.3468912546668779,0.8677961762499431,1.4532562506152333,1.0574288009376187
2021-01-07,1.5484413094570337,1.4275639442876173,1.1322246438854333,1.1422975784994618,1.352459381472442,0.8722193139099554,1.4605001246706146,1.0628003597960405
2021-01-08,1.7013173771510182,1.1753078787817688,1.15312888783633,0.9404491821861705,1.3629307301403297,0.8739455554931161,1.4741228623683922,1.0648967467910988
2021-01-11,1.3723887222756073,1.499690741711615,1.178580760908889,1.2000114668139135,1.3643494605106667,0.878973009562259,1.4759685646090441,1.0710022012255276
2021-01-12,1.532898586826564,1.696478766395584,1.1747408532965642,1.3574758556937858,1.3689733413717928,0.8873645013864465,1.4819840185982776,1.0811930195333306
2021-01-13,1.7403093842827124,1.58282222761308,1.1938146535775211,1.2665310055163936,1.3905315350859848,0.8968048257194219,1.5100302261614866,1.0926575638670073
2021-01-14,1.4782783209119739,1.4800203801239133,1.1929883375198842,1.1842717820875293,1.3944830868014475,0.9055273166147086,1.5151710111956085,1.1032503549663348
2021-01-15,1.446569707929737,1.1827729832072225,1.179252393720437,0.9464225543370738,1.3930235699928009,0.9069785954519132,1.5132722476952902,1.1050128209561463
2021-01-18,1.395267690239576,1.2228094597622916,1.1773071908464883,0.9784586465930517,1.3985302639024972,0.9101455331049524,1.5204362004097858,1.1088588219879578
2021-01-19,1.2365900739674667,0.8530588173184558,1.1631753555805195,0.6825943070639512,1.3835745037324034,0.8903763725148912,1.5009794518733863,1.0848507042548992
2021-01-20,1.367147331808544,1.363121187663166,1.164896674233717,1.0907322492275213,1.392181536458055,0.9572679824452974,1.5121768012212606,1.1660853949868064
2021-01-21,1.3503323300706436,1.2920741963418871,1.1702990203588155,1.0338823921890907,1.3945882080829726,0.9763534300738416,1.515307769094719,1.189263196166922
2021-01-22,1.3498795719191556,1.0944030689480602,1.1611875045945497,0.8757113687020096,1.4055573073783452,0.9884424848125954,1.5295780572133821,1.2039444188787911
2021-01-25,1.3416883425576163,0.9325631339838362,1.1430646215482958,0.7462114842632801,1.4068451528553172,0.9885277358301737,1.531253484293932,1.2040479496512566
2021-01-27,1.2707615505486534,0.655723057242573,1.120419817704228,0.5246916353216226,1.4154628246742025,0.9736080932240992,1.5424646746073838,1.1859291967284908
2021-01-28,1.369245977683575,1.1518168106757316,1.1171102317978927,0.9216522727228379,1.4211267462842618,0.9724277596316868,1.5498331732489423,1.1844957727992438
2021-01-29,1.4857856754716035,0.6706560529702966,1.1013092624957024,0.536640609605947,1.4300682230648272,0.9597748002636828,1.5614656187605653,1.169129731494922
2021-02-01,1.2417156588579297,-0.2640871058387211,1.0545165162973302,-0.21131527082875312,1.4231779812433314,0.8966506457277793,1.5525017345479855,1.0924703241825213
2021-02-02,1.6879504929308715,1.1426480451273675,1.046875206669717,0.9143156775912258,1.4525299740639794,0.8942914754456197,1.5906873123359704,1.0896052941966303
2021-02-03,1.670053784586958,1.2662984832103286,1.1021653154112205,1.013257372334748,1.4614446696110381,0.9065981763584718,1.6022849167081326,1.1045508313667738
2021-02-04,1.6182317447690127,1.564920802112077,1.1279563663745253,1.2522067750093753,1.4683383375674832,0.9235174907476872,1.6112532581629653,1.1250980311311953
2021-02-05,1.6531086334283007,1.7758714544001482,1.1612476201883621,1.4210037106953584,1.469426774651169,0.9436906026488378,1.6126692641963676,1.1495967165133394
2021-02-08,1.3718892787818042,1.4687085624101464,1.179193713017631,1.1752203752944617,1.4610195350952058,0.945258354877171,1.6017318364718474,1.1515006304353606
2021-02-09,1.5937674117516185,1.5387346824739225,1.1955755628113371,1.2312533591062522,1.455898108171425,0.9591061728257464,1.5950690981910607,1.1683177351445257
2021-02-10,1.4608197347207064,1.4425728599319663,1.2042348620263843,1.1543073018222219,1.4601091087640488,0.9569297840166183,1.6005474141499614,1.165674679131883
2021-02-11,1.3283479548854125,1.3543945976545793,1.2159571957758504,1.0837494708551378,1.4503686024811366,0.9438951942623969,1.5878754684107659,1.1498451772167235
2021-02-12,1.4003404532860753,1.446004770597862,1.2177385384254684,1.1570534227641005,1.4341796057670113,0.9386819760360974,1.5668143364762492,1.1435141265696847
2021-02-15,1.2604880652485555,1.203010825185192,1.2176868024143512,0.9626163213329372,1.4238086412116102,0.9281269540954024,1.5533221938409416,1.130695868137679
2021-02-16,1.4970510550353877,1.4941950387855476,1.2360493945517184,1.1956139558164414,1.4262125148833078,0.9399932113087056,1.5564495217073662,1.1451065204731639
2021-02-17,1.5737469280921619,1.2495278850199067,1.2403375037146884,0.9998379988772136,1.4347115262096215,0.9410112757031894,1.5675063402377118,1.146342881002042
2021-02-18,1.6668025134006703,1.5733571977400083,1.2512346935279146,1.2589573477844942,1.455197832849298,0.9684571347851202,1.5941580725598716,1.1796737557815813
2021-02-19,1.6346722323253462,1.2288942574775983,1.2446123706342471,0.9833275351102119,1.4679371138262884,0.9633426245890578,1.6107312847326294,1.1734625784088948
2021-02-22,1.3998283908815077,0.4449546939551304,1.2202672644733594,0.35604056230248404,1.4702940691029962,0.931064442213505,1.6137975739488837,1.1342632204416674
2021-02-23,1.5026677153428112,1.4731758588108155,1.2193834350433326,1.1787949835502551,1.477569694980313,0.9454969953015168,1.6232628248976753,1.1517904407880792
2021-02-24,1.0885048338377186,-0.3764332755179448,1.150286366979548,-0.30121159953037735,1.465513337422223,0.895619705597057,1.6075780643368744,1.0912183270670464
2021-02-25,1.6551670901711693,1.7648234686262683,1.156353075013321,1.412163414996312,1.483818363118533,0.9378802665339468,1.6313920515815772,1.1425405123371704
2021-02-26,1.5959099944272126,0.4325924011648924,1.1214388090480205,0.34614859411745325,1.4946118877253731,0.9104753294575,1.645433925194706,1.1092593341707502
2021-03-01,1.1349556486267438,0.8644833166276513,1.110829153495368,0.6917358785842204,1.4779056959708559,0.9178608184564654,1.6236999465622792,1.1182284397933993
2021-03-02,1.4585931882288863,1.205454503113233,1.1102506549403997,0.9645716854978866,1.488233197369473,0.9738554354244006,1.6371355456516534,1.1862295747156155
2021-03-03,1.5069077787523308,0.634104176731263,1.1029521669208264,0.5073927991071354,1.4796121157419233,0.9544781554965868,1.6259199193356857,1.1626973657614696
2021-03-04,1.6101889814235086,0.9532532887697582,1.0892899036243795,0.762767179582786,1.476761410829378,0.9425500510798267,1.6222112848026324,1.1482116047770723
2021-03-05,1.462470540202384,1.1639188483157163,1.0850180586901739,0.9313359918629724,1.4693442106119197,0.9272704899776171,1.6125618522205432,1.1296557586560318
2021-03-09,1.2420075662921046,1.2674696006597028,1.090786943080562,1.014194468450065,1.4497679693197199,0.9078986212992697,1.587094072597287,1.1061301212461696
2021-03-10,1.1796666558835818,1.1618563371947968,1.0984300498542605,0.9296856269399284,1.4406145110864712,0.8962064904252443,1.5751858490728896,1.0919309318928767
2021-03-12,1.3107464875761967,0.464490604591118,1.0920556347658785,0.37167266305885793,1.4271373242209748,0.8552740763277494,1.5576526556519104,1.0422216783171323
2021-03-15,1.1896932300906833,0.7079150850067398,1.0772589105769124,0.5664542668104245,1.4142265382862118,0.827281074660521,1.540856323504094,1.0082263411521137
2021-03-16,1.2338328961270426,-4.47021277430844,0.9058966163342878,-3.576941858123237,1.4097258212024801,0.6053433923282173,1.5350010998621186,0.7387001777845654
2021-03-17,1.0764226284155178,-4.76141015753335,0.7559858479444669,-3.8099500305796976,1.3943011628753104,0.3688194183594651,1.5149343366271917,0.4514600904847768
2021-03-18,1.2948510205454047,0.4351964385754344,0.7324041277260691,0.3482322735493182,1.3959374940799223,0.3395630351316737,1.517063127434767,0.4159304740513193
2021-03-19,1.7304940482813422,0.7733327726940956,0.7159719373755279,0.6187997092232269,1.4070538270916346,0.3120956900558063,1.5315249597720002,0.38257350619262814
2021-03-22,1.188407860793104,1.225193130726441,0.7046476816626736,0.9803659948286126,1.3887043476964414,0.3111684517677777,1.507653140332154,0.3814474469508016
2021-03-23,1.2185852057852635,1.1131109962626988,0.6825556663914251,0.8906809398765743,1.367360666381422,0.29363147996263866,1.4798860034254124,0.3601501499886444
2021-03-24,1.0739714499816144,0.5478331021756973,0.6518598177169435,0.43836104753222005,1.3406606291269585,0.2676806948398771,1.4451504965127375,0.3286349269899607
2021-03-25,1.3052857505109174,0.6900832527538816,0.6235714367262754,0.5521857229149613,1.336158598633121,0.27702094058332843,1.439293564185288,0.3399779336109508
2021-03-26,1.1669392103877665,0.9112084708725305,0.6058592904242943,0.7291240675774454,1.320171526968595,0.2556080398227184,1.4184951273507576,0.3139736204725629
2021-03-30,1.3569528657287586,0.7222838077555543,0.5847889307609934,0.5779517253080132,1.332954766582454,0.29747296005311796,1.4351255276659984,0.36481533068062555
2021-03-31,1.1926706683832926,0.9935743045873355,0.5697079152273093,0.7950309523653363,1.3109311274496978,0.26808569992783343,1.406473797256513,0.3291267743696128
2021-04-01,1.1194282822374555,0.7979461528353504,0.5562057594823144,0.6384946620458638,1.2882415221073285,0.28200694125775777,1.3769556757758403,0.3460330461011083
2021-04-05,1.044892304508447,0.25333649137649333,0.5148438079020127,0.20271292351063697,1.2839527914350288,0.2587201338733014,1.3713762365977407,0.31775301818762375
2021-04-06,1.2578409086555,1.0604733334099408,0.5085419895150138,0.8485617233923126,1.2743931590743913,0.25319584996351213,1.358939599420763,0.3110442023078165
2021-04-08,1.2620437252907124,1.0347599791619506,0.4905887488957452,0.8279866014090831,1.2627329660524094,0.2684622215017002,1.3437702304997337,0.32958403072267084
2021-04-09,1.3598674802568915,1.347855211754696,0.49455411403831523,1.0785168333202653,1.2508128945682848,0.2834979192987229,1.3282627717838413,0.3478437237058465
2021-04-12,0.9606301634148816,0.0655056275991357,0.4819058118264487,0.05241580952222869,1.2269157337688799,0.24164457728249708,1.297173676805059,0.2970160743441083
2021-04-13,1.0695469655870786,0.8440617151645838,0.4609353403715743,0.6753950722801049,1.2187033242114977,0.2255112727029752,1.2864897138490718,0.2774234227490181
2021-04-15,1.2575781907918497,1.0554585426282357,0.5086650676431136,0.8445490251243679,1.2224133973023676,0.22145714880699607,1.2913163464213877,0.27250000258883156
2021-04-16,1.3423375515740983,1.4363805839682267,0.49771697148784555,1.1493524121536474,1.22391773368322,0.25848951781150986,1.2932734181010295,0.3174729528030869
2021-04-19,0.8667728437335258,0.7601561118620681,0.508635761844418,0.6082561060302751,1.2085405724281173,0.2604800815838837,1.2732684463482409,0.319890338669553
2021-04-20,1.338880160231884,0.6451104077363085,0.50132333154804,0.5161996837834945,1.2135428230997765,0.4553915835794423,1.2797761418667295,0.5565952946599072
2021-04-22,1.201275846445804,0.8057380777489647,0.4879994507025644,0.6447295470023572,1.219488214434552,0.6675191825119212,1.2875108195317628,0.8142078698828721
2021-04-23,1.2653315934349194,1.0828963974139998,0.502959191391989,0.8665040452174528,1.2180825274292908,0.6921987906865942,1.2856820861025557,0.8441793467174113
2021-04-26,1.1359315149085387,0.9997161585706346,0.5045079537186848,0.7999454957458226,1.1897700258401098,0.7008247805210035,1.2488488380702254,0.8546549447361144
2021-04-27,1.1492956757419868,0.8524744054687606,0.494126472290453,0.6821266767042573,1.1879075408376754,0.6866229082293676,1.2464258316878654,0.837407868389389
2021-04-28,1.287918489905714,0.7794653407130661,0.47785966362556503,0.6237068222293269,1.1912091257957922,0.6739098550080701,1.2507210401942235,0.8219688477444256
2021-04-29,1.417309258832,1.1206714884089992,0.47648683533270514,0.8967306386697815,1.2075585452648583,0.6957369783955729,1.2719908746732382,0.8484762022511525
2021-04-30,1.5222963296317136,0.8300098895782108,0.4886708114989416,0.6641511862145874,1.2178923823658483,0.7010686671241266,1.2854347162167885,0.8549511261675222
2021-05-03,1.2260758420653173,0.9427167419732163,0.49649753339782415,0.7543361233491247,1.220708412445732,0.7022692412084923,1.2890982404049336,0.8564091306100174
2021-05-04,1.3832023565608047,0.7679885806274191,0.6711042452290195,0.614523433066752,1.2219583881996388,0.7040107511017656,1.290724400736723,0.8585240597877394
2021-05-05,1.2323742280407601,1.0782105682502563,0.8657582694218064,0.8627545730285364,1.2238490338976133,0.7072356854190609,1.2931840428745045,0.862440493286182
2021-05-06,1.2984558619928241,1.1561609341433174,0.8897904192740691,0.9251283213703136,1.2323741567431072,0.7208849072916537,1.3042748312771146,0.8790164184090014
2021-05-07,1.3274180102681525,1.3220094200777335,0.9080796408535237,1.0578357385327888,1.2458277617792837,0.7616050413403276,1.3217773458347069,0.9284678742709151
2021-05-10,1.3649897874082528,1.4296886131307884,0.9148961569336685,1.1439976803298415,1.2509300893389386,0.7756734202421146,1.328415236730889,0.9455528332123274
2021-05-11,1.4010620995739138,1.5033662050827235,0.9279046638943361,1.2029524719615152,1.257550011923853,0.7935289378874686,1.3370274481865576,0.9672369794795129
2021-05-12,1.4594393843739706,1.2800431166325987,0.9523116643762327,1.0242554516421214,1.2622915311675234,0.7909450625694618,1.3431959442412797,0.9640990625932776
2021-05-14,1.3794059840360149,1.4736691597188813,0.9784311946083994,1.1791897094292676,1.282233236911387,0.8446009625650349,1.3691391761220033,1.0292600064936759
2021-05-17,1.2864188893285113,0.8709407000735323,0.9770889355817662,0.6969029000008009,1.2925604713752645,0.8456251448374491,1.3825744279416936,1.0305037967124975
2021-05-18,1.458746162501921,1.4218079025193244,1.0004064054072253,1.137691751489069,1.3021398985995536,0.8595843222833872,1.3950368173158185,1.0474561389251065
2021-05-19,1.4795785992449029,1.431306916296269,1.0149974924641898,1.1452926022102963,1.3086751865838777,0.8593909980003706,1.4035389230916393,1.0472213615239023
2021-05-20,1.3404433643587623,1.0230461764004972,1.0225008265830278,0.8186135371880574,1.3312309256612698,0.8694080185316935,1.4328828907863764,1.05938625882214
2021-05-21,1.352195458055472,0.936320028626164,1.0452669444913503,0.7492176484843514,1.3318649874623933,0.8805041120888771,1.4337077757056778,1.0728616069171841
2021-05-24,1.4152149949446582,1.5896629329701673,1.0629065978100243,1.272004750630157,1.3420525659623386,0.9103743598806773,1.4469613416103135,1.1091367144228466
2021-05-25,1.375076953668538,1.3285249034322288,1.072698761952367,1.0630492499053443,1.3472785354972727,0.9197336553420054,1.4537600849669654,1.1205028554539944
2021-05-26,1.3530292212635668,1.0627914155288165,1.0631966354115043,0.8504165892298468,1.3576165215141789,0.9221370407460063,1.4672093240571975,1.1234215812883215
2021-05-28,1.396397229573314,1.339607806310783,1.105666708035226,1.0719174853154467,1.3693832621728137,0.9406985078227298,1.482517306499032,1.1459630485826033
2021-05-31,1.3629207515748303,0.8324661565214705,1.105280189413789,0.666116623764801,1.3729547984427715,0.9427180221815619,1.4871637091093224,1.1484155926989588
2021-06-01,1.1115625313183537,1.2951758842780152,1.1132707674687814,1.0363642779448061,1.3583954304659311,0.9493672430994202,1.4682226483840541,1.1564905576374962
2021-06-02,1.3823071133990816,1.3290988579781777,1.10969470993578,1.0635085126169235,1.3517292773119964,0.9683842586423885,1.4595502931078181,1.1795852533382598
2021-06-03,1.3115194221847541,1.2078579209039455,1.1246181035705092,0.9664948346033533,1.3557980192224457,0.9784870544163995,1.4648435371362578,1.1918543180398458
2021-06-04,1.4241382511005898,1.3455395174866294,1.1479657405621864,1.076663878175564,1.357747347533864,1.000493742278724,1.4673795226253799,1.2185797397241116
2021-06-07,1.3925981348742407,1.2330810037035116,1.1622105047606714,0.9866776547982229,1.3653770573830772,1.0063948414106136,1.4773054203566556,1.225746168570063
2021-06-08,1.4711901157270546,1.326412394021814,1.1703277046475984,1.061358877720105,1.3736024980370884,1.0128820107606036,1.488006336163409,1.2336243344031206
2021-06-09,1.579068984358215,0.9542310137311149,1.1688115331529478,0.7635495283246866,1.3855858777556627,0.9988683817030751,1.5035961559484792,1.2166058649163738
2021-06-10,1.3347146935659293,0.8814441011309202,1.16977718967502,0.7053074339215915,1.384144206620314,0.977978369969349,1.5017206088392958,1.1912365600911392
2021-06-11,1.3217377117888576,1.2298048996863005,1.184788508307461,0.9840562060703061,1.3803668548210257,0.9675547382602436,1.4968064497957967,1.1785778649412777
2021-06-14,1.2056376210985766,1.0463257049273966,1.182310315524741,0.8372411784725649,1.3682810565698165,0.9586492966807411,1.4810833882622438,1.1677628943747953
2021-06-15,1.1661426899571754,1.2059544540287628,1.1948418010064261,0.9649717325307802,1.3581256616136812,0.948448440637956,1.4678716916515657,1.1553747430550934
2021-06-16,1.2520324795086988,0.9327606322166713,1.1945099306812077,0.7463695169412755,1.3564882135270235,0.9508039938255977,1.465741447832384,1.1582353803592291
2021-06-17,1.221921264539127,0.9973557666681587,1.2021555035492324,0.798056774777983,1.345210837433557,0.9346308996964984,1.4510701059343136,1.1385944074312
2021-06-18,1.5901040249111298,1.1839466945974715,1.2056800410941397,0.9473617260528513,1.3504739529414727,0.925205619879477,1.4579171744745216,1.1271481334994764
2021-06-21,1.0719644397112018,0.7223321561938716,1.1912190818291581,0.5779904124044722,1.33768924224397,0.9137473758421635,1.4412848603478652,1.1132329816340887
2021-06-22,1.2726490962936474,1.0433618719672597,1.1819308302254756,0.834869600493877,1.3339013202553116,0.9178260402235694,1.436356949979511,1.1181862043172843
2021-06-23,1.1552523798226955,0.6557017026877728,1.1561312665440415,0.5246745479916043,1.3215221481066466,0.8822388877169717,1.4202522226472951,1.074968357850285
2021-06-24,1.1411708017330002,0.9049946373362501,1.1361855476191594,0.7241519281296157,1.31038375991924,0.8661009200133656,1.4057616975520524,1.055370043251371
2021-06-25,1.1862177295824412,1.047690827745952,1.128440471322938,0.8383335123720235,1.3024403555534723,0.8655255354010882,1.3954276978415772,1.05467128310673
2021-06-28,1.069661799067114,0.8397910830733065,1.1073112021014186,0.6719778294196019,1.2868815255293673,0.8464807898822384,1.3751863834679394,1.0315429114932908
2021-06-29,1.1854128591372344,1.1383658971415604,1.1162253753370197,0.9108892200272497,1.2784287687466247,0.858136627799498,1.3641897399479375,1.0456980258553898
2021-06-30,1.1350339525627589,0.8959698686327995,1.0986974408741355,0.7169305553303652,1.2795464554725486,0.8429254981511912,1.3656437984057788,1.0272252844465835
2021-07-01,1.0834214682335674,0.8198469329714257,1.078315441429974,0.6560190666210802,1.2653138057027624,0.8235212388180558,1.3471277828754467,1.0036603110897013
2021-07-02,1.0168952644796536,0.8975654933127541,1.0741327519937158,0.7182073305076871,1.2512840839072812,0.81169802433731,1.3288757672035065,0.9893019308264717
2021-07-05,0.9550335195442117,0.5069265936440838,1.0598196374943132,0.40562877951192655,1.2289457633569776,0.7797439720199938,1.2998146509025208,0.9504962037654994
2021-07-06,1.073976558273011,1.312188178138411,1.0505704789999213,1.049977049659315,1.2137733073283477,0.7827582289181411,1.2800759911305526,0.9541567858199942
2021-07-07,1.0126692315741306,1.0681989910079135,1.0418929485857773,0.8547435830573689,1.1919389795115418,0.7729194053627727,1.251670545940116,0.9422082949776046
2021-07-08,0.9885732894732348,0.5274945891542144,1.0240497210399573,0.4220867263239234,1.1638201368979713,0.7566592719341648,1.215089239229886,0.9224616195469078
2021-07-09,0.7297163480652995,0.8803029381166408,1.0087395587668193,0.7043943065250216,1.1350106918741316,0.7566157896771853,1.177609490897002,0.9224088137062092
2021-07-12,0.9210960890742973,0.770475598546809,1.0066732068343307,0.6165134767060381,1.1159325193639145,0.7391137549455534,1.1527896755988392,0.9011539451198136
2021-07-13,0.9221252924050404,0.7051912959558732,0.9870070538902592,0.5642747653950249,1.1024319322832699,0.7261153543228135,1.1352260395860652,0.885368392108064
2021-07-15,0.9091342776431638,0.8514023204269208,0.971083835971884,0.6812688236097325,1.0901934364587933,0.7126056919932398,1.1193043256101498,0.8689619512647772
2021-07-16,0.9698127471583922,1.1603050243616244,0.9694987394204732,0.9284443088890496,1.076754401584969,0.7212759201812291,1.1018207661562631,0.8794912733450673
2021-07-19,0.9399465021717949,0.3802186770738886,0.9373213780733819,0.304240574203146,1.0633270319484296,0.6977608630109987,1.0843523826336487,0.8509340537063983
2021-07-20,0.8328824542483227,0.6204612469880781,0.9169007195162008,0.4964761002989044,1.0272688619168673,0.6762901189274775,1.0374423801324215,0.8248594943225921
2021-07-22,0.8774043731345491,0.4831689608066922,0.8887926050756967,0.38661857224967033,1.0180040968417887,0.6671771741582011,1.0253893515825867,0.8137925271684257
2021-07-23,0.9732572704269337,0.9917691064564509,0.8900438748332079,0.7935864822511445,1.0037473432290878,0.6652113113847378,1.0068419780734545,0.8114051387561897
2021-07-26,0.8176232150667455,0.9964540657100909,0.8938775403191802,0.7973352583618161,0.9876697639549951,0.6781951547357001,0.9859257950474939,0.827173013086383
2021-07-27,0.9945649701707456,0.7856621748183943,0.8790727828235834,0.628665359197989,0.980688533880602,0.6736481752627655,0.9768435393488611,0.821651057916931
2021-07-28,1.0466513105867703,0.7058729504417174,0.8677243576740606,0.5648202066494562,0.9740425139284271,0.6606237321331194,0.9681973764319178,0.8058338782931651
2021-07-29,1.1435303289931404,1.3192192712203763,0.8714998515804478,1.0556031378173072,0.9775600629725237,0.6788916039615817,0.9727735441717762,0.8280187968481107
2021-07-30,1.3379052463364534,1.3149633208561302,0.8842399412017631,1.0521976428727582,0.9848216052201056,0.6856205764780344,0.9822204729731732,0.8361906139397647
2021-08-02,1.0386233917587309,0.7436944163707588,0.8757845628585166,0.5950839080541616,0.9802306261341994,0.6798183551791676,0.9762478226635642,0.8291442645805264
2021-08-03,1.218350665987094,0.4235978784756308,0.8504396023211218,0.33895142335055695,0.9866558260272245,0.6647198959758094,0.9846067089517165,0.8108083527196939
2021-08-04,1.1821875945497675,1.2380395728301679,0.8676298495423317,0.9906453660372653,0.9945268893638965,0.6776931357629321,0.9948465963472058,0.8265633498410704
2021-08-05,1.085248576142849,1.3022823702787472,0.8762605328193813,1.0420506934519778,1.0007276063447843,0.7079989411886489,1.0029134408051537,0.8633674084322868
2021-08-06,1.203175555120172,1.085277648222462,0.8905797310038709,0.8684094569107018,1.0068799395279822,0.6993528653434767,1.01091734019216,0.8528674175058026
2021-08-09,0.8639116762547999,0.8530492583400717,0.888848218370665,0.6825866582311932,0.9997962464175378,0.6911549165422303,1.00170178484817,0.8429116422419374
2021-08-10,0.9629463342843901,0.9640586052793745,0.8860604776217791,0.7714132979813662,0.9985759152180691,0.7077895151925847,1.0001141907032287,0.8631130767449615
2021-08-11,1.0182220768082588,0.9347093928317707,0.8892244212803945,0.7479288618242916,1.0123142832534482,0.7098625892544548,1.0179871686812654,0.8656306649814469
2021-08-12,0.996582943352479,0.9707252877702822,0.8836364009680187,0.7767477947627267,1.0159088953619329,0.7174927948762019,1.0226635918844496,0.8748969600302334
2021-08-13,1.0899540602516538,0.7448070668506575,0.8785976409086139,0.5959742205014535,1.0239007414498669,0.7190022927384128,1.0330606120229162,0.8767301285266227
2021-08-16,0.7589005816991897,0.972330985511088,0.8836804426599358,0.77803263012752,1.0167467559287253,0.7236100930487835,1.0237536095212156,0.8823259459027748
2021-08-17,0.9085364668158991,1.0099869847295713,0.8874278257071632,0.8081639296012652,1.0138288378171783,0.7178824559398415,1.019957533741684,0.8753701732781723
2021-08-18,0.9772421453931834,0.7835230210403119,0.8966477066203707,0.6269536669193214,1.0156048208277204,0.7332497460691831,1.0222680050549464,0.8940325595227753
2021-08-20,0.7790662388817658,1.0148955500149568,0.886737952349589,0.8120916291357335,1.0130421439055033,0.748279056966175,1.0189340815439691,0.9122844961094569
2021-08-23,0.9432910876041477,0.7782738914955897,0.8770737823658448,0.6227534571899013,1.0161796064992938,0.7595235752966621,1.0230157744860513,0.92594009462109
2021-08-24,0.7965406738984749,0.7013033895051418,0.8828674090442091,0.5611637691122495,1.0077645304741292,0.7484558270519529,1.0120681518794974,0.9124991697174589
2021-08-25,0.8737600873381918,1.1131460671543891,0.8906288466788007,0.8907090026437896,1.0104377148680075,0.7529021958272849,1.0155458404724933,0.9178989409700853
2021-08-26,0.9574564624262188,1.1320112530006412,0.9026800351605951,0.9058044077892802,1.0086706430706491,0.7660992933792512,1.0132469622332103,0.9339257960466512
2021-08-27,0.9049814636884603,0.6127825268890621,0.8995997428583682,0.49033179873526533,1.0019244598850152,0.7625522263357183,1.0044704916071407,0.9296181572473081
2021-08-30,0.9741064460401279,0.449728534061625,0.8862106166461916,0.35986045843786424,0.9938566559348717,0.7294216225557448,0.9939746538219906,0.8893835993613852
2021-08-31,1.5371445552170722,0.993043120582933,0.8806352198535684,0.7946059134699547,1.003344242072044,0.7171553497270399,1.0063175622123994,0.8744871589750686
2021-09-01,1.086045767777375,0.9541530310768652,0.899766364987001,0.7634871287400861,1.0056024504538843,0.7251745507120839,1.0092553863101754,0.8842258588301747
2021-09-02,1.034630095363013,0.4549882575567562,0.8942505986726237,0.36406914515631683,0.9968538518527377,0.7263706327028344,0.9978738663411143,0.8856784079721329
2021-09-03,1.0887084847457575,0.8739700992625321,0.9072773032878183,0.6993269422804829,0.9924024656715942,0.7124983268096543,0.9920828199095125,0.8688315645467267
2021-09-06,0.8984715923884434,0.9400609938780656,0.9055536995352055,0.7522110664433838,0.9835083235880511,0.6986964398092451,0.9805119546376456,0.8520702394244661
2021-09-07,0.8376038558636206,0.9386495358391751,0.9036268818728417,0.7510816563693693,0.9661001474329771,0.6931094016882292,0.9578647269424652,0.8452852134049056
2021-09-08,0.9724949228367229,1.0368383435673267,0.9119994208311393,0.8296496516962528,0.9712707782225927,0.7001124013770416,0.9645914771647165,0.8537898153199766
2021-09-09,0.8024657954266936,1.1094273467546063,0.9254512340415689,0.8877333844063114,0.9636288478007975,0.7056514531115627,0.9546496810367702,0.8605165655816313
2021-09-13,0.6975583505695349,1.0333063015573098,0.9159208017194668,0.8268234083946163,0.9483591465513345,0.7094083362815782,0.9347845097544141,0.8650790098515424
2021-09-14,0.9376620781137539,1.0594914517876002,0.9074050727505157,0.8477760486041107,0.9455533910637761,0.7127906340835489,0.9311343523331144,0.8691865491407321
2021-09-15,1.1917163516840665,1.1466100208891312,0.9208355929011282,0.9174859421085149,0.9503992144653197,0.7281007160648376,0.937438543247072,0.8877794605106945
2021-09-16,1.1798284532331074,1.481644575524745,0.9561038161360986,1.1855714187733701,0.9704433988240776,0.7475073250479732,0.9635150950405035,0.911347287335916
2021-09-17,1.6223067184591171,1.2689101147025124,0.9571328341985103,1.0153471283428006,1.0044324584261357,0.7573731916547131,1.0077332810868636,0.9233286198742505
2021-09-20,0.8766991120332156,0.632298334712101,0.9348000330129552,0.5059478137711751,0.9996446949328037,0.751611008171468,1.0015046234136955,0.9163308933478758
2021-09-21,0.9865175233221605,0.7704065518107538,0.9243043297992316,0.6164582273984923,1.0095233275252036,0.742295131898266,1.014356265058642,0.905017481565178
2021-09-22,1.0178274829327059,1.264004227331254,0.9380028287656044,1.0114215716018897,1.0130726796837064,0.7608031373464559,1.0189738071714936,0.9274940238432363
2021-09-23,1.0126329241282053,0.5895919818961723,0.9255206079861644,0.47177535963811507,1.023362786837503,0.7565465464191162,1.0323607580871939,0.9223247231205534
2021-09-24,1.042719787014365,1.3256929764956398,0.9385533941082933,1.0607832195148335,1.0314084868220827,0.7646453186510707,1.042827839640983,0.9321600561055937
2021-09-27,0.9631428181215955,1.1835294820523283,0.9456468672510282,0.9470278839983894,1.0316792656647196,0.766608341327695,1.0431801103240002,0.9345439954397076
2021-09-28,1.1905463005990917,0.7883547963592079,0.9470984582346466,0.6308199212252765,1.0452775912318928,0.7732982519224573,1.060870899562895,0.9426683748462584
2021-09-29,1.4189079501603876,1.5705957553626235,0.9670406172296977,1.2567477172082424,1.0664586152376192,0.8160071690067612,1.0884264268738335,0.9945350540074821
2021-09-30,1.4143246032123629,1.1809998664227828,0.9727410466194715,0.945003754837852,1.060610046094538,0.8231689709766609,1.0808177103779495,1.003232509020349
2021-10-01,1.117484934920025,1.1108711526321813,0.9836526510058671,0.888888678335089,1.062107149291807,0.8291404733383277,1.082765372022093,1.0104844371479507
2021-10-04,1.051919615467523,0.7736728104001375,0.9756118930187064,0.6190717980846502,1.062930459772974,0.8412834568111055,1.0838364606740416,1.0252311521395625
2021-10-05,1.1661910900848498,1.1760772293379826,0.9888720042801196,0.9410647954348077,1.0666201076462642,0.8527947831517877,1.0886365209880617,1.039210768360076
2021-10-06,1.1075569588693315,0.8147410537234372,0.9926532597540627,0.6519334818566104,1.0765765536691636,0.8480196600762271,1.1015893942877526,1.0334117504166667
2021-10-07,1.028157800356987,1.3562384386763147,1.0007563388047935,1.0852248619524643,1.0856505510259906,0.8639312412944697,1.1133942429068673,1.0527351361247452
2021-10-08,1.0491025281894226,1.167461736936088,1.0019380216026417,0.9341709143252117,1.089298532233262,0.868908444276801,1.1181400968259025,1.0587795644977542
2021-10-11,1.1590087708382317,1.158526592683641,1.0201294904624612,0.9270212565575473,1.106276769157621,0.8707792953316219,1.1402279935741557,1.0610515685204105
2021-10-12,1.1805802599511521,1.259791048498317,1.0471315742770175,1.0080503012655193,1.1292778124615075,0.8794091473730935,1.1701512813608546,1.071531856891111
2021-10-13,1.3536685997588935,1.426803548901058,1.061590255220955,1.1416891309323705,1.1490876468255617,0.893405008436344,1.1959229547084833,1.0885287485219564
2021-10-14,1.3605373814846353,1.6052438810137715,1.0832932835521851,1.2844721986153445,1.1571267434827317,0.9108805444604785,1.206381445640368,1.109751436475974
2021-10-18,1.4579491601169532,1.5341050900519542,1.1192638446353584,1.2275488860182233,1.1703705866676768,0.9128794714721382,1.2236110697834632,1.1121789788502234
2021-10-19,1.2694856039213487,1.1073917469473584,1.1270445662248527,0.8861045531795789,1.1535695812134972,0.9067250631310324,1.2017537429366256,1.1047049255459638
2021-10-20,1.2336082972566336,0.9142196115118985,1.126183186812647,0.7315334998656696,1.1705652567003266,0.9174672386593417,1.2238643264437574,1.117750467546492
2021-10-21,1.4179524696956003,0.787312009226687,1.1211386025922307,0.62998551151555,1.1911097779562048,0.9181113950458681,1.2505917932746082,1.118532745696127
2021-10-22,1.1539679231866136,0.8420766642989199,1.114646546616617,0.6738066889322908,1.1975926560635337,0.9020344958711255,1.2590257162375251,1.0990085941060093
2021-10-25,1.1229678381960086,1.1566982252175315,1.1162222425653814,0.925558246975734,1.202846699590572,0.9236432047919646,1.2658609825524598,1.1252507011225164
2021-10-26,1.124879164726739,0.9240164920148884,1.1125792489139672,0.7393726953848578,1.2067590509102089,0.908337941738156,1.2709507696944362,1.1066636419675615
2021-10-27,1.1802312648852933,1.1305650376450715,1.1149483684425496,0.9046471858621878,1.2170965959941944,0.9063198132554798,1.2843994351514418,1.1042127808906939
2021-10-28,1.0566632696845208,0.23516636082347747,1.0845669131070281,0.1881736825787104,1.210721213569691,0.8852414209389766,1.2761053590733171,1.078614702406136
2021-10-29,1.2126627519132434,0.5801922883077404,1.054518503533128,0.46425398221213865,1.2009000136531605,0.8475036240344003,1.2633284346690494,1.0327850645242516
2021-11-01,0.8634990727978481,0.3110408696703342,1.0225895286987219,0.2488863869534703,1.1746702264905644,0.8143551779446677,1.2292047012592004,0.9925288385320187
2021-11-02,1.0546609123203001,1.0495936539531157,1.0364993726734224,0.8398561017995906,1.171678606366768,0.8120202933477394,1.225312742588886,0.9896933016339907
2021-11-03,1.1359149590277418,0.9545227746358521,1.0426365801009256,0.7637829874116269,1.1756783846315404,0.8189113023633096,1.2305162681211188,0.998061899531291
2021-11-04,-1.283444616998192,-1.1345969692509574,0.9626832068815186,-0.9078734271304031,1.0590290652466336,0.7308666250982997,1.0787609278106514,0.8911384432763902
2021-11-08,1.1067380149899018,0.790677614750132,0.969386061309984,0.6326785768980147,1.0589900679190418,0.729949724862176,1.0787101941008355,0.8900249387996553
2021-11-09,1.18505636832283,1.0999705648659324,0.9618619809223271,0.8801663264856798,1.0664614282983675,0.7201850326970911,1.0884300865350593,0.8781664748017305
2021-11-10,1.0491498447340475,1.0262255756176337,0.9566185173745038,0.8211576053829364,1.0664636814671593,0.7148034465569827,1.088433017802885,0.8716309543352078
2021-11-11,0.7950863656439672,0.555803687950357,0.9488668137608756,0.4447388920176098,1.0491340431245753,0.6918376196741286,1.0658879641497347,0.8437407324348504
2021-11-12,0.992594700861459,0.3369504550324453,0.9077453037498695,0.26961852770099654,1.04018234983459,0.6566742018853418,1.0542422274344254,0.8010374790354954
2021-11-15,0.7872419846696979,1.151902715353431,0.9067753987142245,0.9217210112936812,1.0132096538779616,0.6461995295215947,1.0191520042289008,0.7883167989551036
2021-11-16,0.8429015276870376,0.7980018702140681,0.8963464226336207,0.6385392455666541,0.9885603275066472,0.615440817471657,0.9870843768168664,0.7509627202703765
2021-11-17,0.7488013617059979,0.9868080408659279,0.9034509303158137,0.7896167734100744,0.9547913847251731,0.5945869073474594,0.9431525525186238,0.7256372580599038
2021-11-18,0.7426324861186716,0.5737761445820101,0.8833742274906147,0.45911995969039193,0.929703141020284,0.5742543076574982,0.9105139140653247,0.7009448870838111
2021-11-22,0.8291986279616783,-0.20970378174164084,0.8492260663084453,-0.16779922401668107,0.9104455377205241,0.5314289398535768,0.8854606676535228,0.648936787523176
2021-11-23,0.9145477339686048,0.5372848993104625,0.8219276149962503,0.4299206644315587,0.886473883638286,0.5219020423733866,0.8542746603777227,0.6373671067927672
2021-11-24,0.8281590672329323,0.720755530348353,0.8070374081099925,0.5767288395742378,0.8709591762119204,0.5172792876420508,0.834090747452037,0.6317531284280632
2021-11-25,0.9285092191040606,0.5801373610778584,0.7877577670564665,0.4642100309468108,0.8616992419694466,0.49531032497400684,0.8220440035907866,0.605073521076766
2021-11-26,0.7503104028409732,-0.22001910477494835,0.7384307619473576,-0.17605326305257654,0.8438626342606006,0.4517186126674624,0.7988394063662745,0.552134755342459
2021-11-29,0.7617157552086297,0.6201187182908885,0.7115412675936852,0.49620201821457327,0.8239333242759976,0.4322688427794807,0.7729123007919445,0.5285145129338703
2021-11-30,1.3851947016763297,0.8208195676021083,0.6853937904799631,0.6567973422197595,0.8395776781803695,0.45458425514334017,0.7932648777569373,0.5556148566663521
2021-12-01,0.8532563216066783,0.7123017111631338,0.6580003445170025,0.569964324945671,0.8224630862610093,0.45961808098779405,0.7709995895007132,0.5617280491294717
2021-12-02,0.8053404746130912,0.2805585917101492,0.6304392393424288,0.224495302798958,0.8196936292045921,0.45845660078996014,0.7673966546504463,0.560317521190909
2021-12-03,0.9601339742179809,0.25959921942912056,0.6086185596063363,0.20772418701161216,0.8151923464378152,0.4283550810381517,0.7615406950811334,0.5237615517630148
2021-12-06,0.6167165187770437,-0.3095535720566299,0.5720563735635589,-0.24769629212833633,0.790468611187782,0.38018940106005816,0.7293762651779089,0.46526805577774505
2021-12-07,0.7503229888826384,0.010885189229995873,0.5443499910612616,0.008710030362344747,0.8873146876582977,0.4238362323692367,0.8553685073102559,0.5182737592810351
2021-12-08,0.8446189728724643,0.2788004781519491,0.5150867328257421,0.22308850847055314,0.8748328285098481,0.40433194339650036,0.8391301889662796,0.49458730765736486
2021-12-09,0.9880242867790261,0.816971500831303,0.5115185664529559,0.6537182245579664,0.8654503484363337,0.3935487004475617,0.8269240186772433,0.48149189244826146
2021-12-10,0.9279321382364092,0.8836676980456366,0.5032886551329747,0.707086695285962,0.8596780766983511,0.3881167523477057,0.8194145615575527,0.4748952112737067
2021-12-13,0.91980283159337,0.34750465775658046,0.5070332650307449,0.27806371172446126,0.8656169560292749,0.3801798390004129,0.8271407674083839,0.46525644339528255
2021-12-14,0.8831103388404057,0.9614008382401111,0.5197402166951572,0.7692866255718293,0.8604034149806535,0.403973557946643,0.820358192934499,0.4941520762253173
2021-12-15,0.636849868920367,0.5435785230369341,0.5274914718073772,0.43495664980475524,0.8532418856592566,0.38079430263764663,0.8110413762994539,0.46600266199562146
2021-12-16,0.7028095490083371,0.7001113077986455,0.5158420602688948,0.560209897972429,0.846570839055509,0.37706433370458825,0.8023626548725572,0.4614729029865041
2021-12-17,0.826713824276362,0.31504381533937653,0.49452609495901234,0.252089434468721,0.8502809563207644,0.351467793755,0.8071893449136944,0.43038788337380474
2021-12-20,0.6336632997304837,-0.26166549624445334,0.5236238107258958,-0.20937756514021144,0.8450919474451365,0.319634578286876,0.8004386856561245,0.3917289033276429
2021-12-21,0.5858745772245987,0.21697945467280635,0.5045005387233182,0.1736210182728914,0.8335050878862279,0.33589268506257,0.7853647201605378,0.4114731175449999
2021-12-22,0.5960196749369213,0.24032541563846208,0.47584570041573593,0.192301816975831,0.8183370850751953,0.32457750185039247,0.7656318538175885,0.3977317019956892
2021-12-23,0.6631936690399004,0.5254250940149237,0.4591523510289789,0.42043077298061593,0.8104815899231463,0.3171347367745057,0.7554122199063711,0.38869303900403845
2021-12-24,0.5066191569385325,0.23742366758419725,0.44853968368344027,0.18997991763880598,0.790391586962883,0.304076159950315,0.7292760602429522,0.372834406646174
2021-12-27,0.480479022113255,-0.14604437953003574,0.4324398558646909,-0.11686071349600002,0.7775424735948965,0.30689485278634243,0.7125599612367297,0.3762574912608388
2021-12-28,0.6205366950765941,0.32788537821148084,0.4049726112932926,0.262364901449833,0.7708196612076567,0.29575975198802146,0.7038138949326257,0.3627347718859977
2021-12-29,0.6756628217714609,0.6650219095967034,0.4005399459393804,0.5321323223531571,0.7370324288312342,0.28982332247056425,0.659858276721824,0.35552543701718337
2021-12-30,0.8371163910023414,1.247054498560832,0.40921482786254393,0.9978588627592134,0.7362638607072183,0.31019925284263766,0.658858405331002,0.3802704297580123
2021-12-31,0.49834989196723156,0.0766786498651171,0.3926449113719808,0.06135615599849114,0.7216452615336059,0.30243072204261545,0.639840287572992,0.3708361494702801
2022-01-03,0.5381495864644698,-0.25638708010279054,0.3910888014266091,-0.20515392107784844,0.7015507668786767,0.28276985975264113,0.6136982844236774,0.3469595516531496
2022-01-04,0.8063954354516065,0.39892394224688504,0.38647676952448984,0.3192080152048635,0.7105830962441322,0.30976530295898397,0.6254489249235848,0.37974343116090226
2022-01-05,0.8919937516497821,0.6565277844349515,0.3843358446607098,0.5253355559858316,0.7173293230425676,0.3343665184648643,0.6342254522878811,0.4096197061575483
2022-01-06,0.9374208259685155,0.5388527326997041,0.382959690381438,0.4311752017790363,0.7217484589042843,0.34427540862241107,0.6399745425535529,0.42165328747338465
2022-01-07,0.8813136822433093,0.7027940629792797,0.413720129306579,0.5623565652084629,0.7166670015454406,0.3399248534152919,0.6333638028181591,0.41636987439467255
2022-01-10,0.8123402003241428,0.5297219566040207,0.4107069039170167,0.42386900476722766,0.7111626235496183,0.3264382967239236,0.6262028629999234,0.3999914935633325
2022-01-11,0.7388156454398246,0.8859390758279805,0.41287755419121247,0.708904189592267,0.7025441861137354,0.34695450995572386,0.6149906766543586,0.4249068489959363
2022-01-12,0.8044677382812239,0.7903697392941693,0.4154798217955803,0.6324322233884344,0.6987993003728219,0.3404376336612765,0.6101187544431289,0.41699260637465224
2022-01-13,0.8626423458837174,1.2250398647174139,0.44696253089582244,0.9802433555649366,0.7095513230853624,0.3664036672689042,0.6241066360216183,0.44852634747976994
2022-01-14,0.8542313690955378,0.9441796748598213,0.4697818794101792,0.7555067221867902,0.7167618859466577,0.3757035160410166,0.6334872430120048,0.45982029510103434
2022-01-17,0.8600984447765471,1.1325319867035728,0.5178513980355193,0.9062210846395761,0.7183516297799999,0.40685264223962875,0.6355554258158774,0.4976485015972753
2022-01-18,0.6315224827398999,0.21044687105234078,0.5245034540962641,0.16839382373574804,0.7182496861137816,0.42484175599562685,0.6354228018465219,0.5194948900162412
2022-01-19,0.7963526527382241,0.5376587412519088,0.5331320628662627,0.43021980251652114,0.7282724516144303,0.437060745721514,0.6484619537029,0.5343339087283262
2022-01-20,0.7094472052771421,0.2963921389464603,0.5157794174701013,0.23716487374144954,0.7336737625830123,0.43919708175797195,0.6554888081113269,0.5369283237439261
2022-01-21,0.6730665011274806,0.6301055959007651,0.5073273473986055,0.5041932442161695,0.7341438974443256,0.4431857708644269,0.6561004317045602,0.5417722784091779
2022-01-24,0.6510580453403252,-0.8093602522027095,0.46876518373329584,-0.6476279118174464,0.7410219397491729,0.40329968374746256,0.6650484449132591,0.49333370808887106
2022-01-25,0.6893446449914796,0.14160764717362112,0.4414387440310796,0.1133105617515123,0.7509679217909931,0.4142602206640107,0.6779877050601428,0.5066444331199742
2022-01-27,0.9635059080635207,0.6564518565525405,0.4452011884815998,0.5252748005733923,0.7672997890760849,0.4267797396698946,0.699234704963986,0.5218484214170612
2022-01-28,1.0314204261767872,0.8842546856181434,0.45133930107558307,0.7075563866685209,0.7842406273811003,0.43513326654205464,0.7212739478475143,0.5319931342246407
2022-01-31,0.7871877890421659,0.7340661598815235,0.46530671256032125,0.5873796408534978,0.7818630749068063,0.41558663692749687,0.7181808626349728,0.5082552631636549
2022-02-01,1.0000023086355185,0.44941570296327404,0.48900941920057883,0.3596101395589408,0.8057512852243439,0.42978920757323247,0.7492583134530442,0.525503187607464
2022-02-02,0.8536412233520844,0.72562687872501,0.5059643333356524,0.5806267591574193,0.8207746965047062,0.4672073352034834,0.7688030729381174,0.5709446118604146
2022-02-03,0.7274290084511335,0.04000713661490557,0.49928705736820045,0.03201261523924945,0.8170143904570649,0.4535313637765493,0.7639110896248813,0.5543362014711111
2022-02-04,0.7328004890167998,0.932212008385076,0.5128466211805388,0.7459305231737136,0.8094337589031133,0.46403588602359125,0.7540490404735938,0.5670931319279008
2022-02-07,0.67573321680233,-0.33601495211085236,0.49373200052403715,-0.26886996387918455,0.796972444180914,0.43070040194462844,0.7378374494728503,0.5266097627524488
2022-02-08,0.8699582070229979,0.6411023208558895,0.5199702238702346,0.5129925224116774,0.796431707265661,0.4283497332400196,0.7371339758904467,0.5237550572754728
2022-02-09,0.6552902699285043,0.4696158889270974,0.5246945742274219,0.3757737752433857,0.7889531391515829,0.4260594842150747,0.7274047065284707,0.5209737268300849
2022-02-10,0.7999795480148099,0.6270464319429199,0.5234287249722959,0.5017453849834798,0.791865705940868,0.4161947792337039,0.7311938204865768,0.508993804995988
2022-02-11,0.6610580645773588,0.4274831888976768,0.49610968131685734,0.342060342362263,0.7850366738597316,0.40236754680388626,0.7223095672999436,0.4922016998084606
2022-02-14,0.37533415437677276,-0.31854110353109033,0.4829356895369837,-0.2548878687165829,0.7618315218832105,0.343551774219052,0.6921207436212283,0.4207744894145398
2022-02-15,0.4874415127760095,-0.9546334076168557,0.45966081195318154,-0.7638715128936595,0.7443653382489471,0.27120042969141156,0.6693980508929782,0.33290937295441264
2022-02-16,0.7593468398299019,0.6928131658708838,0.46945711940731477,0.5543701246403927,0.7395676427752974,0.2544456220724028,0.6631564721752552,0.3125619539489673
2022-02-17,0.6434919920991298,0.7494151890134118,0.4725533662265968,0.5996615136759604,0.7401376194114513,0.2749821787362224,0.6638979852749,0.3375020149075741
2022-02-18,0.6213538551510549,0.6513308146093435,0.47630263562358477,0.5211770830354033,0.7318043433358716,0.27931347780855015,0.6530567805990474,0.3427620428987378
2022-02-21,0.5124068776734586,0.3435895887410293,0.4643291531489765,0.27493098070108557,0.7224214705928391,0.2811118638542471,0.6408500994652272,0.344946043768066
2022-02-22,0.6720753028619723,0.4998865198192508,0.46333463858948415,0.39999550520940336,0.722374270675434,0.2761500667586868,0.6407886945674858,0.3389203246539399
2022-02-23,0.47343332204138483,0.6039211703036891,0.4539340417386744,0.48324118383833115,0.7139159505183417,0.3300009760756286,0.6297848133561521,0.4043180923043976
2022-02-24,0.5375204848165601,-0.7248117600000293,0.4034279917622011,-0.5799745234733626,0.7066862286052503,0.2969874005887298,0.6203792813302774,0.3642256562362137
2022-02-25,0.4069032108119023,-0.05363840171458245,0.3608053828811346,-0.04291998031914658,0.6801813382599351,0.2699305062605136,0.5858976514720464,0.3313671490900218
2022-02-28,1.1301506199337286,0.3568694719877579,0.3412283761187325,0.28555717964383315,0.6848827760578847,0.24983530592600472,0.5920140034296786,0.3069630812843893
2022-03-02,0.8466173009834288,1.1410857046714393,0.3415135000509947,0.9130655355385774,0.6877127528169924,0.26534415805386563,0.5956956715989715,0.32579738363597593
2022-03-03,0.8229872007685871,0.7796718270988171,0.3604876652525439,0.623872046981171,0.6792834619661863,0.27792805840730517,0.5847295561652496,0.3410795581041393
2022-03-04,0.6884311443816007,0.5686076294848457,0.3615192948603084,0.45498425543451354,0.6714163153485441,0.27194508203954776,0.5744947642390901,0.3338136956828769
2022-03-07,0.6338858331899193,0.9050411228710561,0.38180759432446165,0.7241891245816953,0.6669618784313434,0.3049058681987119,0.5686997489417375,0.3738420231922006
2022-03-08,0.6935389756766135,0.7421971658956853,0.38554397999095896,0.5938858492218918,0.6650922825580012,0.2976656456295775,0.5662674916469831,0.3650493324220767
2022-03-09,0.8604115990225127,0.19729545750038924,0.41909917031439564,0.15787042272498916,0.6738864912351528,0.3179866164202524,0.5777083482040517,0.3897275809986927
2022-03-10,1.0333118073105827,0.7439280853304479,0.43917651825295656,0.5952708835573545,0.6816652341059901,0.3219046336176656,0.5878281309664043,0.3944857100920916
2022-03-11,0.8686708749681317,0.9473082365468739,0.4488717309194343,0.758010111582135,0.6918262152983533,0.3401063639195108,0.6010470950106545,0.41659030487452137
2022-03-14,0.7813588892413637,0.3045688687971053,0.429548870358733,0.24370766907178204,0.6909395172615225,0.3278188536380014,0.5998935420963174,0.40166807324305
2022-03-15,0.8383402191823123,0.33332165562013805,0.4161907202166868,0.2667148617754696,0.6993815246236632,0.32423097361005887,0.6108762011199662,0.3973108702282574
2022-03-16,0.6594060788620805,0.1726203989577466,0.40696421008316924,0.13812611653444676,0.7129087591229636,0.3429459252886793,0.6284745041853028,0.4200387327099204
2022-03-17,1.4266385022191428,0.9995468833225168,0.41609487690308616,0.799810046327393,0.7576324252869222,0.4174069519182532,0.686657914208023,0.5104658950420413
2022-03-21,0.7373543166229312,0.42355973767227106,0.4288799636049984,0.3389209041240843,0.7565851622770666,0.4071474652270005,0.685295473730074,0.49800654133087896
2022-03-22,0.9806083127267785,0.41410266561282677,0.4116096521792567,0.33135361401674773,0.7726383204021926,0.3943708985765618,0.7061798859768158,0.482490388534679
2022-03-23,0.9980151764180873,0.7304098916976944,0.4471571469728749,0.5844539951691522,0.7905745737958608,0.39738408486864507,0.7295141176037436,0.48614967042084783
2022-03-24,0.8519070863858509,0.9346499075212338,0.45694206652838637,0.7478812633076336,0.8067412504012129,0.41990552689752825,0.7505462121146347,0.513500221259082
2022-03-25,0.7913672012822207,0.5863407308880877,0.46083289459375276,0.46917379760757333,0.8124218169926534,0.42319973129744115,0.7579363651029758,0.5175007779195215
2022-03-28,0.8398061543252168,0.6238002547079764,0.4607246886859213,0.499147882847275,0.8298681423395025,0.4239571931550099,0.7806332231227131,0.518420656807245
2022-03-29,0.8288180457657969,0.7740579216028755,0.47227717977609457,0.619379953523922,0.8437394547656567,0.48106931110726153,0.7986791555712158,0.587778910312016
2022-03-30,1.1251934727748119,1.3941514629936325,0.5293669319935854,1.115561825872406,0.8779437529543666,0.5362351114020975,0.8431773570101861,0.654773511437502
2022-03-31,0.9231611557843955,1.0848447164685575,0.5973495361297657,0.8680630367758143,0.8680871118043983,0.5639734855512393,0.8303543252092384,0.6884596231599708
2022-04-01,0.8035962291062121,0.3927033014945804,0.587345873983889,0.31423042880916713,0.8660384893340547,0.5354575280879341,0.8276891626365461,0.6538291965957741
2022-04-04,0.8279711886929864,0.26334939461687046,0.5711436808373377,0.21072497450912295,0.8662758220923595,0.5157838579702175,0.827997921519095,0.6299370446616673
2022-04-05,1.0081026422079673,0.8709938211723631,0.5784657810561049,0.6969454060495173,0.8814982743698054,0.527305817523313,0.8478016240859405,0.6439295740968991
2022-04-06,1.0039347091716022,1.049211405170591,0.6019865082704237,0.8395502367905943,0.8991196494165523,0.5327992038189747,0.8707262136254098,0.6506008672121831
2022-04-07,1.0783688184417513,0.8319552680439999,0.6130554665445819,0.6657078247943358,0.9174448800244159,0.5362192978938531,0.8945664865205122,0.6547543071538414
2022-04-08,1.0059892718749606,0.5539720655043654,0.6113904963846045,0.4432732778900231,0.9243771501602469,0.549809910044569,0.9035850476157194,0.6712590552989277
2022-04-11,0.7113790164448008,0.809943145507477,0.6625489932348547,0.6480943270790716,0.9090470172618762,0.5523253121170317,0.8836412575682144,0.6743138167202105
2022-04-12,0.6780087895525557,0.7250817366312658,0.6885063311797164,0.5801905513811485,0.8999678703373251,0.5438577140122228,0.8718297096009464,0.6640305732162511
2022-04-13,0.6194078175052421,0.7197892629627094,0.7006036575455481,0.57595565887069,0.8922559145403668,0.5596790468597899,0.8617968137161024,0.6832443592527336
2022-04-18,0.5302451246975369,0.7598004130167069,0.6878941478237236,0.6079714855540036,0.8775847195649012,0.5759293622778153,0.8427102712655935,0.7029791114683354
2022-04-19,0.6972079289768053,0.27143734567803435,0.6709529984430309,0.21719673148306365,0.8793848076656025,0.5796946296563208,0.845052102180263,0.7075517377115078
2022-04-20,0.6662792070449322,0.527685528440427,0.6695889284082169,0.4222395107124293,0.8431772221811163,0.5617150803413227,0.7979477171226209,0.6857169645669757
2022-04-21,0.6895016957606379,0.43159184148451213,0.6538072856953322,0.3453479736586528,0.8408985259495785,0.5620211312715402,0.7949832392850763,0.6860886397694458
2022-04-22,0.5790093721728589,0.4317125462557697,0.6434577983740015,0.3454445583114612,0.8217747668755823,0.5626921286189075,0.7701041179872182,0.6869035141916943
2022-04-25,0.47783709265508734,0.512472396276273,0.6539636963331977,0.4100663789224012,0.7970043819344871,0.5543879564166811,0.7378789990051391,0.6768187388165136
2022-04-26,0.4965012801338709,0.3642946259835028,0.6413092476882996,0.29149858455481076,0.780080295922488,0.532655447904642,0.7158615500758411,0.6504262867639946
2022-04-27,0.5543756785261821,0.6067189942586506,0.6299562729453587,0.48547992595675526,0.7687949853150575,0.533431930206984,0.70117988574406,0.651369264511954
2022-04-28,0.8696740354141053,0.48157010971510694,0.6358563143092921,0.3853392153861076,0.7702172653669095,0.5280124698516903,0.7030302059553025,0.6447877487380901
2022-04-29,0.8759146575444732,0.5018178163489184,0.6414728530002516,0.4015408758094605,0.772459961165894,0.517639180436716,0.7059478489041202,0.6321901904138889
2022-05-02,0.37933808680855724,0.9261801481170997,0.6665915113055634,0.7411039937523679,0.7369430380246439,0.49980785509766656,0.6597419834391347,0.6105354238330766
2022-05-04,0.42673873706113324,-0.6216120056439539,0.6125528816733478,-0.49739690586512936,0.713303875228298,0.4347859530671454,0.6289885318653899,0.5315713488505014
2022-05-05,0.6190007371064509,0.6230270544807646,0.6192017922336306,0.4985291891973173,0.7045136137044999,0.4435620845142002,0.6175528103712911,0.5422292822544932
2022-05-06,0.5073076288367401,0.47004651177476225,0.6210665871056952,0.3761183478547229,0.689243920378012,0.4514379594354193,0.5976876493963571,0.5517939236816327
2022-05-09,0.4381402058222754,0.4921027236259787,0.613123014836638,0.39376712463234625,0.6621028519786933,0.4370008984155539,0.5623783814722341,0.5342612288003672
2022-05-10,0.3220820765934987,0.7169779427188903,0.6058672826765599,0.573706117391479,0.6296336789987835,0.42434165463464374,0.5201374972463532,0.5188875555622441
2022-05-11,0.49445856568412894,0.37321267436576244,0.5987630141258158,0.2986345626752723,0.6018284288674682,0.40686197548611686,0.4839641597734438,0.49765983610384157
2022-05-12,0.29752036888726985,-0.18213196332053477,0.5718986068581987,-0.14573700989080315,0.5680918144394829,0.37881386654417276,0.4400743931598172,0.4635975754124904
2022-05-13,0.40830032731891225,0.6302882927630251,0.5671062858968704,0.5043394332427236,0.5536594959096788,0.3719683954091086,0.42129861785732653,0.4552842797517986
2022-05-16,0.2646402686682688,0.3351856094957427,0.5318074241136074,0.26820634662772985,0.5339752806294746,0.35711200470656485,0.3956903690964821,0.4372423413776268
2022-05-17,0.30411649868408913,-0.580253440059908,0.4763041522293252,-0.46430291416975744,0.5189614083046578,0.3075758821808292,0.3761580193490107,0.37708454882901554
2022-05-18,0.7160778772305505,0.8891990581601332,0.4928540107848436,0.7115127381892458,0.5278105869967061,0.3125064180206027,0.38767038933934683,0.3830723035639262
2022-05-19,0.17907214377784025,-0.10128536605111621,0.4806995187625774,-0.08104577650660412,0.5031374543681839,0.29830439383061846,0.35557179109367926,0.36582504274839583
2022-05-20,0.2480879068623526,-0.7871200125468012,0.4254290576386053,-0.6298318810295791,0.48322358293091827,0.2482057561286181,0.3296647703515405,0.30498411899060285
2022-05-23,0.5875742732982054,0.7054611759149645,0.4139707166634177,0.5644907159484058,0.47836989614699293,0.2586411248090825,0.32335034954275255,0.31765706778512165
2022-05-24,0.6390289857882164,0.5640536858085268,0.40504066392223526,0.45134031440133066,0.48122797298581943,0.263683779860981,0.32706857460910216,0.3237809826383424
2022-05-25,0.2941270718512511,0.41231145166103234,0.4003186434607908,0.3299203336597475,0.4724798767570653,0.2598673015151404,0.3156877082031635,0.31914616463303597
2022-05-26,0.6995062052010739,0.36072242563146595,0.3853446194649238,0.2886402076475102,0.4821467779507416,0.2597311883290785,0.32826389714390947,0.3189808656876857
2022-05-27,0.49104798001981376,0.5394705996869651,0.3791575815667805,0.4316696020237379,0.4791311732599622,0.25716879195131576,0.32434073566723576,0.3158690333144377
2022-05-30,0.4381510531768192,0.02278601561842203,0.35592413998863753,0.01823274576857161,0.4585824598200915,0.23968753149333782,0.29760781499994776,0.29463939347791396
2022-05-31,1.642581064572079,1.5676245704554006,0.38285161190326067,1.2543702564028083,0.4950903839642632,0.28029845437873535,0.34510292668805215,0.3439582208221039
2022-06-01,0.5937486415639789,0.6161484434710278,0.39434198182969377,0.49302511301824076,0.505300410381188,0.2684851743437769,0.3583856962888473,0.32961190517552763
2022-06-02,0.607704639945874,0.45682269113124924,0.3919798872527212,0.3655370086719558,0.5139178343280805,0.30957726551220954,0.36959656413236297,0.3795150742137361
2022-06-03,0.660224480162525,0.6134522899832848,0.39804190220268026,0.49086772482373253,0.515880869711703,0.3092124338753722,0.3721503818850422,0.3790720143857766
2022-06-06,0.4677210621096866,0.8059053468157368,0.41051499555467924,0.6448633911294075,0.5139957951056529,0.32200981688845237,0.36969798747879784,0.39461344704567103
2022-06-07,0.468117012191406,0.44975827544039015,0.4084245248601498,0.3598842566747703,0.5154232620756114,0.3203963469857107,0.3715550556293047,0.39265401254124177
2022-06-08,0.4813493169537114,0.5544160777283632,0.4147619065849784,0.44362856431367254,0.5230074163784787,0.3142021777915294,0.38142168771312324,0.38513167275372684
2022-06-09,0.34459865703673087,0.1051538529016975,0.39804306853974664,0.08414123375709058,0.5158712302524121,0.30398820974780644,0.37213784139674094,0.3727275979222096
2022-06-10,0.14561802258388426,-0.3556002632904294,0.3701373894395621,-0.2845415935978473,0.5086377851903461,0.29737846766651865,0.3627274657271772,0.3647005769796771
2022-06-13,-0.13068746251096697,-0.7039121274414947,0.329946391313215,-0.5632512097761566,0.48297169996035183,0.24654081799895294,0.32933708231942616,0.30296218030215116
2022-06-14,0.3357620777002457,0.534796887688176,0.31690028263225084,0.42792982565842436,0.4863584527713984,0.25414669795279554,0.33374309024212906,0.3121989337072081
2022-06-15,0.1893617290519378,0.58769372533837,0.357210473664995,0.4702564267188402,0.48089393993177215,0.2986495237093954,0.3266340131383693,0.36624417631378553
2022-06-16,0.0763555951517331,-1.1222493122095245,0.29903459477531874,-0.8979931700708084,0.4504309741184952,0.22200638522082142,0.2870031111473703,0.2731670077672422
2022-06-17,0.6910693189886984,0.7658912463144997,0.3088960859266433,0.6128452035790022,0.4748117919856788,0.25504881284394554,0.31872142148121274,0.31329448252511605
2022-06-20,0.14819194717695186,0.592902702580732,0.3122560852251351,0.47442450767536654,0.4700548415244693,0.30763245040132386,0.31253285013002585,0.37715324656109167
2022-06-21,-0.03587809391641179,-0.3170133126119146,0.2777897100474416,-0.25366537225720454,0.44036663356186845,0.2686726366772472,0.2739098720764105,0.329839563692032
2022-06-22,0.06428236079004843,-0.15396538304229454,0.2602171081338397,-0.12319888361268377,0.4129977466571938,0.24131362724800842,0.23830422287041092,0.2966141611037577
2022-06-23,0.216270348339825,0.14427199744549968,0.27109724015937414,0.11544250188352509,0.40929028363284015,0.2311003971634264,0.2334809858732642,0.28421098246658605
2022-06-24,0.28253090234300443,0.33695576205138056,0.26131948913565267,0.26962277423223113,0.389434316830075,0.23019480509603218,0.20764929636803722,0.2831112108868532
2022-06-27,0.33546145235634206,0.38517839241958546,0.2629859152331141,0.3082092026152787,0.3820254345603858,0.22431573845753414,0.19801068504920982,0.2759715388014072
2022-06-28,0.3832424952964059,0.7596459652906975,0.307649228744801,0.6078479007127563,0.37941074132798525,0.25239265059773336,0.19460909073744942,0.3100687787510657
2022-06-29,0.3721125243065709,1.1947018003882115,0.31783265348573686,0.9559676672090623,0.31891223941058006,0.2381830034932693,0.11590335293151399,0.2928122604950149
2022-06-30,0.39014261790918753,0.9711146515663449,0.3535793207396523,0.777059353010732,0.3092167144746376,0.2517084434929117,0.10328992583308767,0.30923786209926757
2022-07-01,0.1757473599040478,0.767375555806248,0.4053958396847539,0.6140329073907667,0.28864732018693157,0.26354158152714086,0.07653010034442813,0.3236082937512889
2022-07-04,0.11034661790393853,0.7294805815667491,0.4061964865398134,0.5837103866488462,0.2624626600793799,0.26796266066167,0.04246507513477761,0.3289773526895985
2022-07-05,0.3134522762738732,0.5869814747170597,0.4069607461700978,0.4696865032745958,0.2551165274205316,0.2596209040971552,0.03290809814178874,0.3188469340110193
2022-07-06,0.21411070152984157,0.3883125649811057,0.40616078328076693,0.310717081678735,0.24302098881759998,0.25727961004972494,0.01717236486357309,0.3160036133306929
2022-07-07,0.5362292792817844,0.6906719255203867,0.417159099943731,0.5526567627436135,0.24563432035703203,0.2624714290225793,0.02057218767610039,0.3223086762382035
2022-07-08,0.41242042560300446,0.8763757022853036,0.4283892700303423,0.701251839948807,0.24886392838399746,0.29185764836504197,0.024773757541967697,0.35799596859891303
2022-07-11,0.42238660826674973,0.9691350589815357,0.45993423814244605,0.7754753372297987,0.26204338484508627,0.3423346450711203,0.0419196175513173,0.41929638012675496
2022-07-12,0.19658350995969776,0.27233067356991314,0.4167577749129298,0.21791154800093834,0.2776277168674989,0.3795328716319344,0.062194108838906824,0.4644707515253056
2022-07-13,0.32418977187932796,0.4557829329884989,0.4114122578968455,0.36470502267690363,0.2770766546855504,0.37652216672805244,0.061477202564658676,0.4608144830933402
2022-07-14,0.3532415756164242,0.5713934620367068,0.4152312835936941,0.4572134023605267,0.2848804569029069,0.3759010703300375,0.07162958637156966,0.46006020951762666
2022-07-15,0.33635916451374603,0.3800847143954218,0.407452364407432,0.3041333809360182,0.29726157925347896,0.43314519180655314,0.0877368508257822,0.5295787711010979
2022-07-18,0.3730065597081517,0.13990643985918172,0.38525240084221346,0.11194930224115149,0.28211573357345293,0.40929300602856017,0.06803280987996276,0.5006121348223306
2022-07-19,0.5269118211368912,0.5852966563098226,0.38977034687119455,0.4683383577190154,0.300150013285831,0.409003189363972,0.09149456918929491,0.5002601748808482
2022-07-20,0.5934922177088684,0.7381471598655212,0.3958947162757665,0.5906451452942836,0.33012002812513,0.44920845210451904,0.13048416488543627,0.5490863593294122
2022-07-21,0.6030261096164098,0.7110125511700434,0.41609000621804465,0.5689327744191266,0.3557744923549568,0.4821671024869862,0.16385942991234748,0.5891120931029948
2022-07-22,0.503345827559863,0.3581382100307333,0.4398812886620835,0.2865723890850916,0.3694447532701967,0.4903161447346798,0.18164380369407349,0.5990084751371747
2022-07-25,0.4377629429715436,0.5474400671609143,0.48159302848216373,0.43804655167552053,0.376836755204889,0.49833632461293176,0.1912604544820078,0.6087483637824308
2022-07-26,0.37679722601588667,0.2507478793425806,0.4721247282039772,0.2006415870427713,0.37880512537915306,0.4932140572047171,0.19382121254924314,0.6025277658750795
2022-07-27,0.4088210476855612,-0.05209550433496363,0.45079842054819946,-0.04168539608376843,0.3800231516833985,0.46228390021440646,0.19540580813267683,0.5649654805599058
2022-07-28,0.676866288319886,0.6688872042535321,0.5105029710969681,0.5352252252976102,0.39453523568403265,0.44224854583767065,0.21428535460361214,0.5406340910449634
2022-07-29,0.9059211018216891,1.098718085680249,0.5215971990758264,0.8791641269368246,0.4190961158703422,0.4471106779293893,0.24623791764171496,0.5465387747142513
2022-08-01,0.6854884970438742,0.9194414689148596,0.5324818246202973,0.7357118871740214,0.4433695033531911,0.4529049150619252,0.27781646604106547,0.5535754279205143
2022-08-02,0.8445595345259918,1.1582470788801964,0.5816571710033677,0.9267975972657099,0.4783320231923364,0.4692424012817759,0.32330107858984203,0.5734160423381842
2022-08-03,0.6314243139085269,0.9352625365126228,0.6179647683218649,0.7483714722514658,0.4934735487939866,0.4825131140901983,0.3429994993145787,0.5895322974545695
2022-08-04,0.856409693633469,0.7602531699879357,0.6384974740732794,0.6083337692849377,0.5240592150846355,0.4966853373095413,0.38279002892104963,0.6067433672943396
2022-08-05,0.8193123362719105,1.3126687706580675,0.6710212410268356,1.0503616066339048,0.5375393606555939,0.5203855679709837,0.4003270714802549,0.6355254658274769
2022-08-08,0.48493248740219724,0.6295106997783732,0.6791656512721286,0.5037172246285453,0.540992315979365,0.5109791577176379,0.4048192057935866,0.6241021075225568
2022-08-10,0.4939918746473236,1.2344172557958086,0.6949913609556322,0.9877468871330711,0.5444020905689162,0.5210873267606508,0.40925516397960815,0.6363776976440877
2022-08-11,0.6635320128790388,1.0986553646051145,0.6917898130961956,0.8791139392499375,0.5666377335650752,0.5525731549153652,0.43818270155717226,0.674614802644958
2022-08-12,0.7244692518767537,1.1555732423735536,0.6979384327897692,0.924658066508392,0.5856986611840003,0.5792375855740074,0.46298008205365404,0.7069966929948952
2022-08-17,0.8801098969211123,0.5617161214930414,0.6910831183126623,0.4494698594435332,0.6107876288651759,0.578868845435103,0.49561966236643695,0.7065488865932328
2022-08-18,0.7929527267577217,1.1341907912542524,0.7045734586355791,0.9075484146194536,0.6325301794482223,0.6076028946581237,0.5239057096434062,0.7414441687450002
2022-08-19,0.7595069242762751,0.44559003848440226,0.6998604107611573,0.3565489475977307,0.650934958713371,0.6192504968179607,0.5478494716426131,0.7555892814161868
2022-08-22,0.4052399812968956,0.3924415735740995,0.6999980443809238,0.31402100129386223,0.6451410615781332,0.6119020512739058,0.5403118808866775,0.746665162206728
2022-08-23,0.6426083890341038,0.6097918788715133,0.6973020428259613,0.48793876408188946,0.647479926879335,0.6070112712161728,0.5433546358859848,0.7407256877966926
2022-08-24,0.6309243454766784,1.0509323255952638,0.7031205969362931,0.8409272701919773,0.6488084143012524,0.619963390062499,0.5450829362470526,0.7564550351677437
2022-08-25,0.8393098117636614,0.5082774692190364,0.6877586772775433,0.40670971315717386,0.6648066992633381,0.6256842150183125,0.5658959610602886,0.7634025349588295
2022-08-26,0.7208805459367789,0.9384184550558794,0.7099616033270755,0.7508967518540566,0.6782884898807302,0.6405818435982428,0.5834351437484092,0.7814945535481346
2022-08-29,0.4939931518323383,0.19299883530434297,0.7012021334042704,0.15443238329431422,0.6838692482529423,0.6383814053245067,0.5906954508846299,0.7788222913193203
2022-08-30,1.0029856732825206,-0.1942017740053883,0.675682292202867,-0.1553949419038838,0.7121628018527973,0.6329666650473583,0.6275040484639315,0.7722465077155861
2022-09-01,0.8213416473702708,0.5302486728599736,0.680687757485019,0.42429046869263626,0.7190425808551967,0.6276840575899786,0.636454321035389,0.7658311892099503
2022-09-02,0.697543904614431,0.9812849356305642,0.7087337073440649,0.7851973358350367,0.7091198571786606,0.6232094484898936,0.6235453189402228,0.7603971222653848
2022-09-05,0.718690650963952,0.6353545315801614,0.7104023031864096,0.5083932988198643,0.7107009121272357,0.6123847538063623,0.6256021979090479,0.7472513671280986
2022-09-06,0.8350066917330513,0.9328599571367868,0.7168927297621185,0.7464489940226257,0.7102460148513814,0.6037967250805012,0.6250103977059469,0.7368218699420107
2022-09-07,0.740972762141313,1.200016843849913,0.7331928728514474,0.9602206194499868,0.7154626076243712,0.6138847797090021,0.6317969423313297,0.7490730326616023
2022-09-08,0.7911680057372236,0.8200645250544333,0.7485904166855708,0.6561931778477715,0.712355860581693,0.6161637991643751,0.6277552088929674,0.7518407256625906
2022-09-09,0.6183418246414711,1.041811628768579,0.7650694687391596,0.8336291383352297,0.7027858362183387,0.6058432054358668,0.6153050522036846,0.7393071621771656
2022-09-12,0.6574540736254372,0.8362261533133439,0.7845854112048517,0.6691252702409951,0.7110011498480168,0.6137197790364597,0.625992793222689,0.7488726520964091
2022-09-13,0.9085794460741942,0.9604088304706024,0.8183355556983706,0.7684928481179387,0.7307434151540582,0.6032791105119296,0.6516765623678136,0.7361932670508561
2022-09-14,0.9845622232394802,0.834411861273172,0.8238530442656918,0.6676735234296021,0.746030568028365,0.5932105192823898,0.6715644374025884,0.723965741125129
2022-09-15,0.7507229783839098,0.6950560512185752,0.8103976431169694,0.5561648200806717,0.7472807454810867,0.5756632218334508,0.6731908601351569,0.7026559044665648
2022-09-16,1.2655134904849012,0.658775893686615,0.8017087906093613,0.5271344314510277,0.7656332975555529,0.5793615347861886,0.6970666769878574,0.7071472197340256
2022-09-19,0.6317113011300208,0.604041928206188,0.7832352855868943,0.48333781100530404,0.7579551344304242,0.5591610298521814,0.6870777437976998,0.6826152676304701
2022-09-20,0.6036656936478253,0.5710834571011247,0.7710959829398444,0.45696534489966456,0.750534123448117,0.5639427630570355,0.6774233535877432,0.6884223130650612
2022-09-21,0.5297930557161166,0.7021990861067025,0.7691608468104699,0.5618804810067514,0.7564652222299847,0.5757455954243158,0.685139437306049,0.7027559408266608
2022-09-22,0.6936974997226808,0.8355363153783727,0.7532564316344801,0.6685732808146525,0.7588980370246788,0.5843472390782569,0.6883044162277256,0.7132019722907108
2022-09-23,0.39757090012833973,0.3904065371184175,0.7452862928791483,0.3123926208456269,0.7477859681985675,0.5591789224427164,0.6738481313976741,0.6826369967988967
2022-09-26,0.3669605341782506,0.9705783269407695,0.7364916619173135,0.7766302007310489,0.7252931454564051,0.5767941837557581,0.6445860149294529,0.7040293703180189
2022-09-27,0.48815232703684114,1.0402659858161312,0.7345453492910142,0.8323923571676533,0.7142108493183128,0.5806749268659294,0.6301684629820801,0.7087422329130847
2022-09-28,0.5051484451379732,0.6983931831416137,0.7193060139832829,0.5588351016677584,0.7147420537614383,0.5999321991694267,0.6308595352615071,0.7321287018819477
2022-09-29,0.7446065402384743,0.9089776963937239,0.7308813998133057,0.7273390629228268,0.7024382855212455,0.6419671517802225,0.6148529049079213,0.7831769032755307
2022-09-30,0.7837937599440361,0.09976861088223743,0.6964006604675717,0.07983211055243264,0.7006502908819011,0.6255643728211652,0.6125268070241293,0.7632569958720588
2022-10-03,0.37473260056853414,0.268496564046747,0.6904975446529832,0.21484359854652707,0.6852783240225727,0.5984046710455219,0.5925285929387032,0.7302736370261488
2022-10-04,0.24307847544251737,-0.28018685093003065,0.6680765971695123,-0.22419784600575426,0.6626301251882186,0.5635193784347781,0.5630643393995501,0.6879081451614106
2022-10-06,0.5148329288912045,1.0062253533244936,0.6812910463179449,0.8051539751523441,0.647383755529083,0.5663148537266695,0.5432295214312879,0.6913030338630244
2022-10-07,0.5059221027502838,0.903300442185431,0.6763699835376171,0.722796279560576,0.6361908669866531,0.5550089327795547,0.5286680939084337,0.6775728666188244
2022-10-10,0.21149544120791455,0.5785753531540945,0.6787132463354524,0.4629601549772948,0.6085874115328765,0.5458073602619129,0.4927572819275222,0.6663982679136127
2022-10-11,0.29842523661332415,0.08497744033719268,0.6502652125114962,0.06799662089581444,0.5933532882934409,0.509348668955274,0.47293839598182946,0.6221220049283707
2022-10-12,0.45456966083896067,0.5518606744508903,0.6622272738163811,0.441583800583384,0.5836921257797991,0.49851336087634013,0.46036967279695895,0.6089633606425942
2022-10-13,0.27375871259007195,0.7400065022976017,0.6933675496931474,0.592132940195707,0.55346256704246,0.49011527002290056,0.4210424225582941,0.5987645283237518
2022-10-14,0.47169855678207695,0.34300359171225175,0.6871260469882234,0.27446208192449556,0.5290404876873456,0.4713909156655146,0.38927043294731856,0.5760252470153875
2022-10-17,0.4108390464298084,0.2993645601488701,0.6643953678055002,0.2395433237964399,0.5128555385466742,0.4563137015567416,0.36821456671765246,0.5577151356800616
2022-10-18,0.6171799483190094,0.6593387984589405,0.6651948433681263,0.5275848524363196,0.48198251272925063,0.4563351501750888,0.32805019572910493,0.5577411833694486
2022-10-19,0.4557157764818143,0.8369844243961588,0.661998992276772,0.6697320179983979,0.4736017734602885,0.4652110647938077,0.31714724364570673,0.5685202957239667
2022-10-20,0.6103122835245276,0.8525884998414159,0.6504180474764887,0.6822179718971109,0.4739182777401314,0.4759373803651146,0.31755900099629014,0.5815465770324074
2022-10-21,0.6143329020424257,1.0714562765674034,0.658797772526921,0.8573499737707062,0.47794398470805083,0.4900073562110172,0.322796258565629,0.5986334753390328
2022-10-24,-1.443128174944902,-2.2369732203353205,0.5495049442234577,-1.7899647178552949,0.3761903811524518,0.3729341181791149,0.19041955189626875,0.4564570754228229
2022-10-25,0.7615584208911184,0.7811827116250167,0.5476701628338468,0.6250810154078228,0.3935231202363935,0.3878240417296957,0.21296863946974032,0.47453973684944445
2022-10-27,0.9528839253614367,1.1279728711584052,0.5532556308567735,0.9025730052185572,0.42142423410225954,0.3938213181338628,0.24926669120362344,0.4818229655597886
2022-10-28,0.7158553250930619,0.9916480975220976,0.5584968387317378,0.7934896542153554,0.4322672340096986,0.3919688084694676,0.26337292988222377,0.47957323573834193
2022-10-31,0.5907446813586352,0.4456184978430049,0.5501822536192188,0.3565717199972071,0.4363432452583016,0.382337218866108,0.2686756309815761,0.46787641451517814
2022-11-01,0.888119499634402,1.1863324098913102,0.5677674708260418,0.9492707101050515,0.4431771957057267,0.39290539254145207,0.27756628273404627,0.4807106447125204
2022-11-02,0.8185659933658062,1.0202963701405021,0.5816426188905192,0.8164132175143194,0.44483301634485867,0.42798068334916095,0.27972042838967087,0.5233068747040003
2022-11-03,0.5889628598613177,0.8424887503323263,0.5906894619982257,0.6741364288924356,0.45503445726356256,0.44985177050848996,0.2929920286565075,0.5498676198139946
2022-11-04,0.7471868426437664,1.0380019444520796,0.6018828906097384,0.8305807332623792,0.4790396176064793,0.5000793219022105,0.3242216260194049,0.6108650992876522
2022-11-07,0.8416878690145065,0.9873319452262349,0.6069427449380005,0.7900359873335828,0.4946041385647317,0.4993594177203648,0.34447034403373916,0.6099908312945558
2022-11-09,0.8389844291880216,1.0602962064685815,0.6292724005830058,0.8484199912639471,0.5104642493474811,0.5053414992300491,0.3651036106647769,0.617255606979845
2022-11-10,0.6782375310304408,0.8122456104856756,0.6239946433678362,0.6499366965082662,0.5326900631485538,0.5142451440648573,0.39401836091659265,0.6280683955387524
2022-11-11,0.8891443260544318,0.9994140643624941,0.6226329126527149,0.7997037682324469,0.5608195435981304,0.5490883415570779,0.4306135069568058,0.670382766135246
2022-11-14,0.885009252769108,1.3126035067519342,0.6431065901063922,1.0503093842432807,0.5813166670233755,0.5780752741123111,0.4572793114140087,0.7055851555506136
2022-11-15,0.7384733257877029,0.9115599304762882,0.643192664575811,0.7294052959286652,0.6034459343185008,0.5846120529567377,0.4860684591510126,0.7135235682807353
2022-11-16,0.7094230280311319,1.0665930256383473,0.6754201450676814,0.8534585335433698,0.6147661472351225,0.6121833125576365,0.5007955297640894,0.7470067322993373
2022-11-17,0.6001694640289408,0.8077831582135385,0.6933963648732411,0.6463659643914815,0.6237818814065097,0.6315558192526384,0.5125245806881928,0.7705331445311191
2022-11-18,0.6877942698560515,0.6959164702254804,0.7259331422450915,0.5568533038099055,0.6271444681463689,0.6329495550323331,0.5168991496760067,0.772225728924637
2022-11-21,0.5877956097036052,0.5833817718665488,0.7118383561964933,0.4668061196210929,0.6334339840140731,0.623286417014366,0.5250815173565423,0.7604905945900623
2022-11-22,0.6921533445528658,0.5698186305680413,0.7007222958092469,0.45595326534151626,0.637331177396375,0.6125119071783854,0.5301515847268921,0.7474057850717326
2022-11-23,0.6456341645817995,0.8827456918838305,0.7108613071002381,0.7063489312017631,0.6388217137077737,0.605321381341769,0.5320907031578795,0.7386734471425807
2022-11-24,0.7711667583666559,0.11832445370516356,0.7119728742125039,0.09467998788112386,0.7442643295797526,0.6950663673292176,0.6692666433112731,0.8476617969373403
2022-11-25,0.8288370757631901,0.9816056230543901,0.7262977058326207,0.7854539411304825,0.7474680750498512,0.7027031733160108,0.6734345671932691,0.856936107619385
2022-11-28,0.795270598321114,0.5663625674018455,0.7205095746694286,0.453187818230244,0.7399626785241217,0.6813038786975197,0.6636703953152593,0.8309483180890884
2022-11-29,0.6962740441957473,0.7836720642756967,0.7351985237548768,0.6270729272351574,0.7390302365766305,0.6733792726508437,0.6624573317002512,0.8213244964761286
2022-11-30,1.412935049522353,1.0152075635554885,0.7590599572017641,0.8123412938272765,0.7781821588701409,0.6950825856903707,0.71339216203437,0.8476814928835709
2022-12-01,0.9278639503531404,1.3036754109590476,0.7805378442851011,1.0431653664599547,0.7800747517615094,0.6995537598025091,0.7158543373802123,0.8531113883007384
2022-12-02,0.929008957826281,0.8656854903755834,0.7814945464844152,0.6926978250992563,0.7853339405453416,0.693662550639887,0.7226962974349805,0.8459569700581443
2022-12-05,0.7986774595580143,1.2174375901264878,0.7936561828272508,0.9741602236036314,0.795320350054708,0.7079493980070868,0.7356881518372591,0.863307242067084
2022-12-06,0.6824548796361171,0.9915570019523288,0.7909928736734151,0.7934167620348157,0.7922378756257723,0.7061796850914885,0.731677995940696,0.861158062498339
2022-12-07,0.7242671251911089,0.7004545223742811,0.8889071317637351,0.5604845288779119,0.7866464116341819,0.695248663260266,0.7244037612914769,0.8478831812573742
2022-12-08,0.6143891584506923,0.9202550665707399,0.8935428769285925,0.7363629057402326,0.7759513987419282,0.6899126115686607,0.7104900468382161,0.8414029588595575
2022-12-09,0.7354830690742594,0.42621762492951487,0.8701510353876295,0.3410476727287574,0.7786773767440148,0.6752036104363031,0.7140364174605811,0.8235400137277914
2022-12-12,0.5723186003765208,0.8075564389797101,0.8640146467695501,0.6461845498686241,0.7635904374260191,0.6678931714665972,0.6944090109526092,0.8146620505656492
2022-12-13,0.6183313235804893,0.5774035897101857,0.8684074831651226,0.4620225419548399,0.7508914884170371,0.6398795123100048,0.6778882687947884,0.7806416264762536
2022-12-14,0.8230756651629763,0.992870351045311,0.861958747870256,0.7944676680167447,0.7549201712444311,0.6429777205046753,0.6831293978189258,0.7844041608924377
2022-12-15,0.6393524961516411,-0.18931614897672644,0.8216383305663484,-0.15148559853469293,0.7515834792501698,0.5951232380247676,0.6787885166910257,0.7262885902186976
2022-12-16,0.8445182480771074,0.7734334422858613,0.8193364869647994,0.6188802622740115,0.7632191356334158,0.5938143950667928,0.6939259645860164,0.7246991015964572
2022-12-19,0.4004662446853062,0.042714102741045076,0.7861602255744319,0.034178655410929654,0.7495368487205231,0.568925126095413,0.6761259455405547,0.6944730079273582
2022-12-20,0.4953659909693812,0.516027352940275,0.770450072498233,0.412910957902705,0.7451354383046077,0.5663586898231088,0.6703999152556348,0.6913562694144013
2022-12-21,0.7011024034810484,-0.10870530090529573,0.7314833555857706,-0.08698300520341222,0.7455615839678545,0.5405045817019216,0.6709543109476873,0.6599584531627216
2022-12-22,0.6072518648419117,0.41445170188972424,0.7182235586325721,0.33163290328816974,0.7437338554088122,0.5226609613250839,0.668576521082001,0.6382887552087024
2022-12-23,0.38310625176125856,-0.19839930526921207,0.6782964463115152,-0.1587536914839136,0.7252547836656981,0.5105926908791297,0.6445361080235715,0.6236327734141833
2022-12-26,0.15436648899084268,-0.32742952635775613,0.6236286785411923,-0.2620001412786686,0.6931371366765386,0.4607139250501226,0.6027525427656503,0.5630588670539659
2022-12-27,0.39614809763518566,0.5421037303344224,0.6113134718697968,0.4337765610671481,0.674131303310542,0.4597895794709275,0.5780268373303381,0.5619363207834629
2022-12-28,0.5653458410938289,0.9233292258694658,0.6065380118775007,0.7388227638340908,0.6678966269723554,0.46511100026135294,0.5699158133276593,0.5683987750825042
2022-12-29,0.7688302167093976,0.8035573834531122,0.6063971527188198,0.6429846151388371,0.6372249682669766,0.4570463965142844,0.5300134115882837,0.5586049370817433
2022-12-30,0.5348032313581168,0.49739890957971666,0.5997799006972944,0.3980049876117568,0.6185077911719754,0.4263244737119893,0.5056632345389805,0.5212955360951251
2023-01-02,0.2447023858932148,0.9124286021951737,0.6107481283749152,0.7301003832520488,0.5859217639370675,0.42810554790974126,0.46327032836108606,0.5234585130630213
2023-01-03,0.48800199182414533,0.9284280527820754,0.6227017757820497,0.7429027055128984,0.5711276940449787,0.4170932851435159,0.44402393135775065,0.510084970984971
2023-01-04,0.5146203720879151,0.35816745097185476,0.6052158344183172,0.2865957868854982,0.5631355746379214,0.39295895299354844,0.433626555643814,0.48077568974232365
2023-01-05,0.5594669342506154,0.8118009709750088,0.6283317183273119,0.6495809081470006,0.5552879464978978,0.39720163772064787,0.4234171563494245,0.4859281024595162
2023-01-06,0.50005642351444,0.425534012140666,0.6097959979635211,0.3405006644938843,0.5498435305485525,0.37835105480415504,0.4163342243654121,0.4630355263213331
2023-01-09,0.22638230599333525,0.3779591538311754,0.6035158841778322,0.30243256557485115,0.5256006370685085,0.37651224017777857,0.38479534724573544,0.4608024280651779
2023-01-10,0.39936879231321143,0.44576463347017936,0.5922523031509815,0.3566886537245696,0.5173649319226366,0.36272672131377603,0.3740810778123711,0.4440609807796182
2023-01-11,0.5368105716537839,1.0196950953386434,0.5924018875437533,0.8159320938820477,0.5134829913546982,0.37957955711983354,0.36903085364425037,0.4645274474424035
2023-01-12,0.3861326369132125,0.7797919368756827,0.5749391050743078,0.6239681555357592,0.4926761804856619,0.37146053271597707,0.34196216022318365,0.4546675197597198
2023-01-13,0.6107999459560247,0.6541555485416888,0.5678881070131782,0.5234373577808779,0.49131653523825164,0.4035997211119566,0.3401933249799927,0.4936980802805114
2023-01-16,0.34683955639645947,0.5937752765377903,0.5470993632268881,0.47512271746288454,0.46761754992012544,0.3967541237399982,0.30936204708716725,0.48538463131486737
2023-01-17,0.3983189705091264,0.42918143382618623,0.5283535109560167,0.34341923145251907,0.4675152987688788,0.41147986545626436,0.3092290230940879,0.5032679065920418
2023-01-18,0.4647333145873856,0.819173024718381,0.5323107943674867,0.6554798236900269,0.46605659989354575,0.4230307638270892,0.3073313236869767,0.5172955799849513
2023-01-19,0.4228074464788043,1.0033941816093455,0.535082098202107,0.8028885490693508,0.45280445908391503,0.46540559974483986,0.2900909047200062,0.5687565433879126
2023-01-20,0.5125035347998487,0.8547782714801371,0.5493674530871276,0.6839701672018377,0.4482926338438168,0.4821835646931097,0.28422122988312876,0.5891320851800969
2023-01-23,0.41388450796911685,0.7368191720750987,0.5470095441903073,0.5895825258275014,0.44975826509181005,0.51781862266032,0.28612794798471464,0.6324081091267721
2023-01-24,0.2811114022926347,0.9960605258973112,0.5609647753965449,0.797020358579582,0.45579373715380017,0.5682481702726176,0.29397981648708793,0.6936508973971862
2023-01-25,0.3927741382497447,0.29427615797360474,0.5376783022941546,0.23547172370700395,0.4556330724211601,0.5588050827792774,0.2937707991408552,0.6821829974187894
2023-01-27,0.6506241872990096,0.605267989428032,0.5641644402409799,0.48431887162287474,0.4596939460499782,0.5466858498168385,0.2990538069007687,0.6674651255864933
2023-01-30,0.5637581257281036,1.0175414123017494,0.5723013725748428,0.8142087756883207,0.44992860838420223,0.5548393812715758,0.28634955668713047,0.677366959415692
2023-01-31,0.6977697034068954,1.2536387780292093,0.6126655284177817,1.003127422898314,0.45768891657700134,0.5836547353328405,0.2964453567905704,0.7123609800100926
2023-02-01,0.8273661259873781,0.4057903446859303,0.6089909614759701,0.32470232241996916,0.4854348089624376,0.5643500657694082,0.33254147259623446,0.6889169507320015
2023-02-02,0.5025672348414046,1.4036584212221044,0.6594030855468834,1.12316903352621,0.4861283919632595,0.5824579861509944,0.3334437918285994,0.7109076206161107
2023-02-03,0.5277516984024919,0.781182606536181,0.6716274490350986,0.625080931318614,0.4867536932163346,0.5985763263620951,0.3342572796822564,0.7304820991422322
2023-02-06,0.2968586344919959,0.9846071622303242,0.7110609979517498,0.7878556905905753,0.4742485360849718,0.6051608398117891,0.3179886517458693,0.7384784818614174
2023-02-07,0.4221815637032444,1.2076127921691988,0.7622290752359818,0.9662986893019522,0.4705402094272958,0.6349607457550305,0.3131642912019293,0.7746681646281757
2023-02-08,0.4033433921985608,0.8309939326875802,0.7718587486477536,0.6649385905655236,0.4789669278180208,0.652222937421253,0.32412705998470553,0.7956317623472234
2023-02-09,0.43481810540787846,1.050348047346382,0.7760927093636509,0.840459746735996,0.48065499034633835,0.6752596561360829,0.32632315083890834,0.8236080768988409
2023-02-10,0.2653479868290671,1.0532357290419996,0.7844153208832805,0.8427703905579981,0.4677282005927803,0.676537670263509,0.3095059984670198,0.8251601262888987
2023-02-13,0.30025333598399284,0.7183095513053633,0.791779008940802,0.5747716341201159,0.4636387100723413,0.674194978767526,0.3041857614617969,0.8223151085153028
2023-02-14,0.30649591329860776,0.6163045013957189,0.7819082055808202,0.4931499862963826,0.44914804185055957,0.6727527229825501,0.2853340759233119,0.820563600325102
2023-02-15,0.42023411906007757,0.686629255844206,0.7738482456828912,0.549421929165578,0.4526430210250175,0.6762907806826783,0.28988088131227235,0.8248602979731416
2023-02-16,0.391262867026405,0.9650752070609158,0.7940785042191932,0.7722267548902491,0.452307016097269,0.6967101865606655,0.28944375452554655,0.8496580883560215
2023-02-17,0.32474509830484266,0.633834878210244,0.7881463011270343,0.507177313804579,0.44564091056000493,0.689648162280406,0.2807714611963847,0.8410818056361864
2023-02-20,0.3467296988018598,0.3259025619211224,0.784825252786383,0.26077830614799097,0.44201816067062666,0.6638333888079603,0.27605843204866864,0.8097317582755361
2023-02-21,0.3151301307517017,0.8527912741962426,0.8006529901318853,0.6823802263834525,0.43261942714452445,0.6637576773404182,0.2638311167736033,0.8096398125493526
2023-02-22,0.3401066686181702,-0.18191527386921208,0.7797303265539054,-0.14556362092527012,0.4291061966992412,0.6287507179712386,0.25926056732998576,0.7671265658091648
2023-02-23,0.5313888980122267,0.8379716159058597,0.7736728772394793,0.6705219416130694,0.44102417268588856,0.622726983829976,0.2747652999011015,0.7598112062218294
2023-02-24,0.3591275741958275,0.664062943164005,0.7698152441157567,0.5313649836722406,0.43942195534998774,0.636817139066416,0.27268088965041964,0.7769226108387555
2023-02-27,0.2805604686319857,0.7995151305389298,0.7746605635156648,0.6397501150423407,0.42179987350870074,0.6442186268482952,0.24975538060411967,0.7859111457468327
2023-02-28,1.036538527956074,1.1921723636229624,0.7946071330851706,0.9539436811708374,0.444313225995747,0.6508726699665103,0.2790442053157989,0.7939919668750333
2023-03-01,0.20344287456096796,0.7983750406164578,0.8069135866448462,0.6388378463044516,0.42077385319356,0.6335255472715645,0.24842057588420643,0.7729252269852551
2023-03-02,0.21709646490822282,0.9266268107057991,0.8104953795110935,0.741461400925279,0.3917133931421717,0.6533712176765792,0.21061426867271496,0.7970262599757306
2023-03-03,0.45874415494889753,0.645373839434397,0.7985613681052619,0.5164104746149879,0.389626579813957,0.6244779529665211,0.20789942156981264,0.7619376229194742
2023-03-06,0.5359233111873108,1.185430145786686,0.8095830972488136,0.9485487430744303,0.3900157042322817,0.6398811820977505,0.20840565434371447,0.7806436543044258
2023-03-08,0.46259638058441965,0.9482468757565188,0.8166306873715274,0.7587611849757665,0.39790797785573045,0.6384957294494262,0.21867313533601898,0.778961129133819
2023-03-09,0.48426723690789547,0.551431685494781,0.8018097260247765,0.44124053536733016,0.4008644384845234,0.6134929602144441,0.22251935313825527,0.7485971981661212
2023-03-10,0.2882589981328437,0.5582264250131902,0.8106080682594293,0.4466774998756251,0.39538422924329875,0.6030995749434966,0.2153898557459008,0.735975234977892
2023-03-13,0.3302834182564488,-0.2849043335779275,0.7809356574925641,-0.22797264644595092,0.3904063869979926,0.5522218419348325,0.20891391445510235,0.6741881601803295
2023-03-14,0.4576470650403094,0.6424898170763422,0.7684339376517172,0.5141027588947031,0.3995634859604327,0.5365710023318184,0.22082687439888343,0.6551814250132691
2023-03-15,0.2474502883187934,0.4768824536584936,0.7425420601726933,0.3815882813675408,0.3970490551192327,0.5273717950578863,0.21755571679586008,0.6440096987137517
2023-03-16,0.5350904062034034,1.059737909549246,0.7643403123348038,0.8479732573564451,0.4079345071623182,0.5442681412988417,0.23171718372890637,0.6645290054371397
2023-03-17,1.0116164143899835,1.09485898078719,0.75404699765364,0.8760761768718511,0.4360955688446947,0.5598231054753309,0.2683534154844606,0.6834193073081463
2023-03-20,0.2806666050513866,0.42135408094383586,0.7420527134672285,0.33715599800553575,0.43082908017921767,0.5391054503855826,0.2615019586231178,0.6582593163069279
2023-03-21,0.3135079497808146,0.7461785283365318,0.7341050923374354,0.5970716264289346,0.43029397786854967,0.5433861319391234,0.26080581539926934,0.6634578732333565
2023-03-23,0.4085976610438719,0.7588544369304288,0.719146480496143,0.6072145413925895,0.43324007130864545,0.5598830955221994,0.26463854597108627,0.6834921605839073
2023-03-24,0.29149307398765945,0.4150808750014302,0.7052827119066049,0.33213635038406664,0.4321144971770244,0.5432048157127048,0.26317422636519827,0.6632376786888821
2023-03-27,0.3217373391406704,0.6861001350029072,0.693141114828489,0.5489985411568182,0.4312397672019054,0.5762792043832805,0.2620362433426318,0.7034039676688667
2023-03-28,0.36425702660000336,0.8459365741444791,0.6862311429985716,0.6768952830982137,0.42328110665846613,0.5765826968349541,0.2516823960544205,0.70377253579687
2023-03-29,0.5568992277603138,0.9039319251696144,0.6924185554607133,0.7233015749531801,0.43269880444725123,0.5857225345149989,0.26393438295339544,0.7148721623128222
2023-03-31,0.4334584757485408,0.31309621338505955,0.6823116125270247,0.2505310167143365,0.43997966192899196,0.5671882917374748,0.273406439976272,0.6923637568259652
2023-04-03,0.3091220153457515,0.9202170908275291,0.6900978736931354,0.7363325185903715,0.4053407803761195,0.5568258554241192,0.22834286578871194,0.6797793787549288
2023-04-05,0.47449033973976895,0.5681855941596803,0.6768682199297609,0.45464655432353585,0.418247802527491,0.5480548415202662,0.24513430142935197,0.6691276602116607
2023-04-06,0.47788054780800465,0.9215564373120869,0.686458938566489,0.7374042269731758,0.4306660921893853,0.5478616427606422,0.2612899188273097,0.6688930352489162
2023-04-10,0.3086283822105975,1.1018171767981775,0.7123227590623907,0.8816439347897228,0.4235177220589901,0.5652537122927723,0.2519902216878537,0.6900143595988658
2023-04-11,0.49806829764528665,1.118516604453382,0.7211802700709621,0.8950063595337762,0.4217151023665127,0.5627040749813128,0.24964509729000275,0.6869180221255947
2023-04-12,0.6321764637931325,0.841448737467769,0.7552924037821948,0.6733042390759684,0.42979034442407044,0.5586346966051318,0.26015061170702586,0.6819760765781022
2023-04-13,0.5590911393303492,1.1931997032881843,0.7671333400282724,0.9547657302402155,0.4333533873965683,0.5830882773133644,0.26478596493226036,0.7116730605225422
2023-04-17,0.5048159893679137,0.7692978655381454,0.770641170774077,0.6155710870013256,0.4436656250744287,0.591130829081255,0.2782017066306951,0.7214401180988164
2023-04-18,0.7105755025699585,0.9240991118128189,0.7747939701498733,0.739438805484857,0.4617747719465007,0.6371980410779601,0.30176086463345586,0.7773851868948428
2023-04-19,0.5658047492265315,1.174627164139895,0.7742091301671044,0.9399044929691495,0.46692513786013023,0.6574743141291242,0.3084612511943689,0.8020091535211611
2023-04-20,0.45361917229908405,1.0011180811248135,0.780967231517383,0.8010672757860726,0.47674270376395356,0.6774495043395304,0.3212334479170866,0.8262674783057133
2023-04-21,0.4219301577598309,1.0453685851638308,0.7849252906659839,0.8364753174457226,0.4713541205047359,0.6769019833914008,0.3142231516667025,0.8256025564278153
2023-04-24,0.42286615688656304,0.7781949587668859,0.7893526613104004,0.6226902973817375,0.443318393956954,0.6648359891299669,0.27774997509315497,0.8109493388834876
2023-04-25,0.6562710337580597,1.2543054016211195,0.791648503171548,1.0036608368429971,0.4612043191334622,0.6965743147888935,0.3010187320498266,0.8494930825896694
2023-04-26,0.6844334571833317,0.938995810850586,0.7913401343413504,0.7513587361517583,0.47886743853358205,0.7039213200137899,0.32399762905191604,0.8584154526428212
2023-04-27,0.7530597972739556,0.7979532278166803,0.7995575190854135,0.6385003232521961,0.4952703974016813,0.7054111191499617,0.3453371157994836,0.8602246985587961
2023-04-28,0.9890322228114266,0.7398990316141825,0.80561327263878,0.5920469450976095,0.5284865473456702,0.7177878141363209,0.38854978232110055,0.8752552381219202
2023-05-02,0.632851739709465,1.0877444018909952,0.8513682304877441,0.8703832856513305,0.543301518801327,0.7330918495884405,0.40782337128671226,0.8938408064494956
2023-05-03,0.6415073257343008,0.9959794819785284,0.863151219317817,0.7969555094549259,0.5565039139981984,0.7388090032244745,0.42499907352466065,0.9007838477064367
2023-05-04,0.6773733685492584,0.43739641104527605,0.8618350178973765,0.34999263127978725,0.5622407778452909,0.7210323868590748,0.43246246662477494,0.8791955209460938
2023-05-05,0.5981568599368124,0.5263649446287922,0.8440559190666946,0.4211828157067364,0.5700835580447325,0.7291586630015701,0.44266555897389714,0.8890642553049242
2023-05-08,0.5919740815661053,0.39689060027313805,0.820790306382893,0.31758099063467404,0.5835527040552255,0.7092181140512986,0.46018829161641794,0.864847999653654
2023-05-09,0.737696403919979,1.1215430894270229,0.8441299399989991,0.8974280699381252,0.596086326159045,0.7303029481281839,0.47649395115834603,0.8904539011583623
2023-05-10,0.6422245966498337,0.9161864165315197,0.8497968696054987,0.7331072833870902,0.6039122332467513,0.7300983317669418,0.48667509237370254,0.8902054104008297
2023-05-11,0.6784731036166795,1.0858791978501972,0.860697694969491,0.8688908004511147,0.6215238866470408,0.7294910396555795,0.5095870345031889,0.8894679010644305
2023-05-12,0.5522590913258675,0.9965088191356812,0.8800786264406326,0.7973790705537089,0.6241044006318304,0.7248421211327191,0.5129441632031471,0.8838221487969143
2023-05-15,0.48363704922625234,0.6835811724407177,0.879994661021893,0.5469829362890757,0.6170310951762646,0.7188268210000099,0.5037421217151266,0.8765170316611687
2023-05-16,0.6445918099597309,0.6223807313700784,0.8725427995960797,0.49801201914183973,0.6211025556824257,0.6970766442810397,0.5090389025101719,0.8501031229367692
2023-05-17,0.5758545952991042,0.6281549424324856,0.8633502335048421,0.5026323847238691,0.6244853464410538,0.691698610839256,0.5134397559869145,0.8435719169478016
2023-05-18,0.6058994553865756,0.909890908878287,0.883243390021283,0.7280697905472853,0.6195007727656547,0.691157229175562,0.5069550574185776,0.8429144507563934
2023-05-19,0.7164296083943377,0.9067438290792251,0.8827942812963395,0.7255515834657756,0.6266733851069788,0.6809499477706396,0.5162862925471858,0.8305184963309414
2023-05-22,0.6035837575385559,0.8471327943884415,0.8920925213039649,0.6778524657823926,0.6338145558326678,0.6750825758657024,0.5255766235958923,0.8233930265956109
2023-05-23,0.7357001470316864,1.181874423278262,0.9007697875028373,0.9457035512863906,0.6487559838932324,0.6802839203343056,0.5450147267242398,0.8297096574815576
2023-05-24,0.6828335433745202,0.895987623422857,0.8939088023903268,0.7169447622272055,0.6611353832498018,0.6847722281840898,0.5611197496433743,0.8351603604989635
2023-05-25,0.7452984099348134,0.9617095116444472,0.8886818992966956,0.7695336175778484,0.6653747821153615,0.6736233129809875,0.5666350104348408,0.8216208645971227
2023-05-26,0.6488896025508154,0.33167156129598685,0.8716893267576362,0.26539450148035565,0.6636822176090512,0.650482158949016,0.564433062716612,0.7935177214238242
2023-05-29,0.7570274746956734,1.1181360256683457,0.8691872041703081,0.8947018308110419,0.663871154629133,0.6626822307375324,0.5646788609941412,0.8083337657629918
2023-05-30,0.5961642882525066,1.0915026752791834,0.8799273644950094,0.8733905531070862,0.6451631577453749,0.6760795454046503,0.5403406269727842,0.8246037690526967
2023-05-31,1.6506506278596238,1.871812669545751,0.9115178164194405,1.4977732439815241,0.693629771466811,0.7059552577060882,0.6033934377202096,0.8608855127830051
2023-06-01,0.5426566401553654,1.1022445794349212,0.9091050635959413,0.8819859306764571,0.6889225959630523,0.710004325383304,0.5972696212741238,0.8658027925562591
2023-06-02,0.630620191592617,1.1676279713441382,0.914655393269919,0.9343039305466838,0.6866962542032121,0.7378286729674419,0.5943732541697679,0.8995933123713172
2023-06-05,0.6781525245263794,1.1631212177235681,0.9185804810219101,0.9306977497039477,0.6905055715646201,0.762091288872071,0.5993289989231817,0.9290583843199546
2023-06-06,0.5437340060776497,1.1011128683398845,0.9293444113410101,0.8810803664468517,0.6882084251127889,0.7889245924821747,0.5963405182069733,0.9616453578185742
2023-06-07,0.7197104718127517,0.9571522322336735,0.919439305694762,0.7658870073812943,0.6873519521553019,0.7826607323604209,0.5952262867153922,0.9540383837853883
2023-06-08,0.8634012225439572,0.9827553059623653,0.9208979555318212,0.7863738859126951,0.6978841724359744,0.7851972372425925,0.6089282155508646,0.9571187729381917
2023-06-09,0.5345777042670313,0.8728368233805451,0.92339407538395,0.698420125951207,0.6910320105621817,0.7770795860759302,0.6000138715795239,0.9472605129459537
2023-06-12,0.4081809214199037,0.8714064666616209,0.9277776565521979,0.6972755936709153,0.6841711453285644,0.7723127538434162,0.591088204941759,0.9414715635906902
2023-06-13,0.7713281654319704,0.883250079594088,0.920961179142301,0.7067525284363091,0.6978707222907413,0.7799208296599512,0.6089107175373498,0.950710983701286
2023-06-14,0.7360824592179745,1.2011844988868436,0.9278013463725784,0.9611549450376747,0.7022274198744672,0.8019752547026099,0.6145785785067441,0.9774943785018352
2023-06-15,0.6978100077445226,1.0401442632310154,0.9478929414454362,0.8322949580880654,0.7080348204671062,0.8176734724818575,0.622133736632846,0.9965586508024431
2023-06-16,1.0109549318532793,0.8763192929583798,0.9595580863897558,0.7012067027500093,0.7273231764893302,0.8163942778248442,0.6472269909065679,0.9950051677504356
2023-06-19,0.592605103604505,0.7824387866533866,0.9724096926024307,0.626086092251534,0.7214267714993381,0.8116578258622614,0.6395560421982261,0.9892531128851504
2023-06-20,0.6243733244768823,0.7369334220156907,0.9595893703553864,0.5896739455015582,0.7224167508773538,0.8074588487060312,0.6408439593348482,0.9841537796349628
2023-06-21,0.7584747337342969,1.0402721707317917,0.9637255621620622,0.8323973061678087,0.7235012550060494,0.8020633132241938,0.642254848776691,0.9776013187709455
2023-06-22,0.7232229115583563,0.9663170782811542,0.9597401581764273,0.7732204662356238,0.7254245582528989,0.8047431086531661,0.6447569768669782,0.9808557232190345
2023-06-23,0.5486003856292384,0.7693764678964087,0.9521690798017849,0.6156339824561091,0.716057985666919,0.79741455459975,0.632571501479524,0.971955760687699
2023-06-26,0.4903740876354528,0.8705970202427409,0.9584029413951857,0.6966278968108821,0.7085096278138066,0.8179494781869179,0.6227514389122967,0.9968938384009199
2023-06-27,0.5946786720448362,0.7727510868170134,0.9634152865767501,0.6183342601121751,0.700778732449481,0.8047891176774483,0.6126939035310003,0.9809115976233481
2023-06-28,0.9514365593985652,1.2715274695535022,0.984861037480784,1.0174414640258522,0.7176964596469123,0.8116486848640561,0.6347030799382313,0.9892420118492662
2023-06-30,0.8261210078073828,0.6011268027814605,0.9745689006108899,0.4810052074627355,0.6784331444063294,0.7632311593155423,0.5836233325597585,0.9304426688818924
2023-07-03,0.6873821553270766,0.8341999593411329,0.9721507716196202,0.6675039653059073,0.6853248356049824,0.7530177323931352,0.5925891023446233,0.9180392512003943
2023-07-04,0.6752574323449247,0.9372470555641437,0.9751545803254769,0.7499594300561648,0.6874504184979494,0.7442394228459676,0.5953543868484783,0.9073786726621438
2023-07-05,0.7051713147441374,1.167375971321725,0.9746712985935923,0.9341022870290424,0.6887370275559379,0.7444015436709721,0.5970282054054242,0.9075755558750632
2023-07-06,0.9197756803999351,1.026547280187014,0.9790232871523975,0.821415024570403,0.7066437739522372,0.7415603369149506,0.6203240498008545,0.9041251298444901
2023-07-07,0.9300631300716364,0.5704604009946448,0.9659816501307374,0.456466792463853,0.7166605672026602,0.7268260409665012,0.6333554320373996,0.8862314661134187
2023-07-10,0.644680380686681,1.2226867122917546,0.9956821551639297,0.9783604274282134,0.7062452890189804,0.7359682572291449,0.6198056394322914,0.8973339812341155
2023-07-11,0.7247907353901174,1.0553516637403657,0.9935893430996637,0.8444635035648643,0.7153030524057941,0.7429227037821762,0.6315893684113003,0.9057796191180718
2023-07-12,0.8311777434860976,1.2632237102469748,0.9993133775985901,1.010797023203258,0.7354457582184699,0.7578522956646687,0.6577940920350179,0.9239104546681456
2023-07-13,0.8208244636094382,1.1822224756936701,0.9763270378035206,0.9459820532987889,0.7378027247983493,0.7692441778009773,0.660860395956173,0.9377450151333544
2023-07-14,0.748776968402851,0.9734092647484933,0.972032527313973,0.7788954396477261,0.7384072252357244,0.7605651537347892,0.661646822915845,0.9272050111387563
2023-07-17,0.803807090267538,0.8976176433150214,0.9630321830463359,0.718249059511524,0.743454705355868,0.7551343966597158,0.6682133598436363,0.9206097763717551
2023-07-18,0.8354677441572149,1.2355144832441587,0.9654452918970223,0.9886248584928331,0.7350981726084364,0.7688209755046123,0.6573418993191427,0.9372310686504096
2023-07-19,0.7466359960955283,1.0801371362408783,0.9647461008270554,0.8642961599811266,0.7424329770127708,0.7801643120631642,0.6668841387797744,0.9510066742631403
2023-07-20,0.8834308026231268,0.8056232714304261,0.9596951354669472,0.6446376821299024,0.7547690474006872,0.7827816328549901,0.6829327927254943,0.9541852080925904
2023-07-21,0.9458265215437429,0.8725939433929091,0.9560230900479653,0.6982257800356682,0.763690561105899,0.7763925125629834,0.6945392672043681,0.9464261152630097
2023-07-24,1.0080022283669972,1.1156291033658583,0.9641161660474756,0.8926958602294252,0.7772514809539295,0.7820818170388787,0.7121813933420292,0.9533353358672059
2023-07-25,0.7656784075431922,1.5201569241619133,0.9857411812974853,1.2163879456032893,0.7875885296164986,0.8106891486173159,0.7256294129778559,0.9880767292326407
2023-07-26,0.8128578604371246,1.024014368859315,0.990433324272993,0.8193882582824467,0.8029448997499116,0.8165348801159619,0.7456073364481158,0.9951759183669482
2023-07-27,1.1662668136674856,0.951684065458315,0.9821166431587086,0.7615115300576216,0.8301633826843235,0.8233528453514594,0.7810173170826089,1.0034558102383317
2023-07-28,1.0240611229970293,1.1784791277522064,0.9867278053094152,0.942986728776812,0.8336216952366313,0.8198073817681717,0.7855164209011549,0.9991501187175378
2023-07-31,0.9295448382253991,1.0449135354621844,0.9923476133928751,0.8361111991346881,0.8385466395422512,0.8367171908954075,0.7919235444321829,1.0196857750758723
2023-08-01,0.8411696155544878,1.3772837288492918,1.0121757781327387,1.1020647268843338,0.8458698519340327,0.8574105604943802,0.8014507032235135,1.0448162732253792
2023-08-02,0.7904085901246823,0.6764039468608791,1.0101581289609116,0.541239916907702,0.8513532403997355,0.8474715360587391,0.8085843366390796,1.0327460961576396
2023-08-03,0.9783136469829377,0.8892486633288283,1.0051240120474796,0.7115524308869412,0.8643600181253925,0.8368739238614962,0.8255055496432173,1.0198761151505238
2023-08-04,0.984939810997703,1.080560496026061,1.0089321259723099,0.8646349208887437,0.8674630719633816,0.8389320141623694,0.8295424783940134,1.022375506767256
2023-08-07,0.6881833439828423,0.9600125078904598,1.0152866606387783,0.7681757216414589,0.8559449869115342,0.8537752965041603,0.8145579853340893,1.0404015260503359
2023-08-08,0.7413112412160584,1.2222807012780426,1.0270094500066216,0.9780355485324811,0.8605464564605521,0.853759826080554,0.8205442832483986,1.040382738416454
2023-08-09,0.8526400774109071,1.0148628073670747,1.0350798406916235,0.8120654293654612,0.866634520366304,0.8522170606424873,0.828464571293978,1.0385091690201782
2023-08-10,0.9443966046290756,1.2144290672315152,1.033176560614224,0.971752885962793,0.8720258947064459,0.8503578160119888,0.8354784986108588,1.0362512601028917
2023-08-11,0.9421153272616704,0.8502935467904331,1.0414821187478565,0.6803816133063818,0.8778016501184569,0.8377101760123503,0.842992487828469,1.0208916787603577
2023-08-14,0.6013669451656543,0.9691671769004808,1.0459810259998348,0.775501037109082,0.8707821252024,0.8375485377962245,0.8338604123215471,1.0206953816386246
2023-08-17,0.627188892281445,1.0831499908001272,1.0508444571743676,0.8667069637011089,0.8623717348221097,0.8446179618052524,0.8229188855210917,1.029280650757182
2023-08-18,0.6828036632385197,1.0971304550134655,1.0485029399640922,0.8778937483499493,0.8551020166831242,0.8393450517984484,0.8134613202651588,1.0228771090558304
2023-08-21,0.4590288763226681,1.0466321462566466,1.0491724354997465,0.8374863844332191,0.8414064395510833,0.8380683958199766,0.7956440112625822,1.021326709032717
2023-08-22,0.5860447858580393,1.155081549487113,1.0686598071161622,0.9242646273242531,0.8272452006575077,0.8513839646387551,0.7772208979615847,1.0374974383071098
2023-08-23,0.8177280548895719,1.0363607154248733,1.0624489405539328,0.8292674667351301,0.8211452736739757,0.8576240449577772,0.7692851766034481,1.0450755336076327
2023-08-24,0.8559467039780336,0.9301102996570418,1.058274228417822,0.7442487933987698,0.8139045344173584,0.8505551370134602,0.7598653115259542,1.0364908912097843
2023-08-25,0.6201632001838329,1.5717212242693384,1.0685574788852341,1.257648286609677,0.8069752388288175,0.8525199151566217,0.7508506201784544,1.0388769624223413
2023-08-28,0.5866723169238599,1.102656719806977,1.0659052870223442,0.8823157141169014,0.7962044986615192,0.8555164606725479,0.7368383880616893,1.0425160353719025
2023-08-29,0.8647294203899843,1.404279869384522,1.0802676405102118,1.1236662993292117,0.7818455751721144,0.872761925875957,0.7181580962938787,1.0634593200945208
2023-08-30,0.8591763121588175,1.1265988176306128,1.0879003463207317,0.9014735252101088,0.7739939175131518,0.8707851066584948,0.7079434547827228,1.0610586259277859
2023-08-31,1.6581172411782075,1.644273715760832,1.1015256540712874,1.3157028036605354,0.8086878414632857,0.8936228021121067,0.7530786365696409,1.088793242109603
2023-09-01,0.9652371858261394,0.9589542627451286,1.0974862249547626,0.7673289428531548,0.814595821000031,0.8776830028725268,0.7607646432250906,1.0694355877953603
2023-09-04,1.0677761875239284,1.1986680254920823,1.1105877167568177,0.9591413319335496,0.8278038018285665,0.8975830702547101,0.7779476121101013,1.0936026817106907
2023-09-05,1.0805919671047544,1.2458298730732271,1.1230289144128283,0.9968789509768674,0.8326741980248433,0.9111700474018495,0.7842837710873686,1.1101030154248543
2023-09-06,1.0244491266738,1.1985408632979253,1.125792639743897,0.9590395802277548,0.8345555940094196,0.9156655073703736,0.7867313797781319,1.1155624041377388
2023-09-07,1.0486779715810994,1.0374789744572241,1.109703374753741,0.8301622669925203,0.8517220048474318,0.918617247625186,0.8090640820379352,1.119147064560325
2023-09-08,1.105827077641594,1.1301206379231314,1.1132402503892014,0.9042915893732955,0.8690799018200762,0.9151056305223678,0.8316458988547638,1.1148824769743317
2023-09-11,0.9299139520815004,0.8361351541476969,1.1093886200121807,0.6690524552003939,0.8727596101377235,0.9082954888954599,0.8364330282690832,1.1066120862709548
2023-09-12,0.9800470027082859,1.2739563364871833,1.1125711936366802,1.0193849768386714,0.8744572481414956,0.9105636836990731,0.8386415763715914,1.1093666335689334
2023-09-13,0.863635310525842,1.0178097961636698,1.111667735660063,0.8144235291057118,0.8707201044874084,0.9169466320704697,0.8337797262553148,1.1171182310779124
2023-09-14,0.8274303034019971,1.2400369710602348,1.107092843733761,0.9922436294079776,0.8814850263081867,0.9272677078942266,0.8477843889738111,1.1296523800307596
2023-09-15,1.4729752353751198,1.6415165586034517,1.13926326412518,1.3134966019999927,0.9217605664555044,0.9485434049560783,0.9001809938873494,1.1554900698804045
2023-09-18,0.7689639235622839,1.255673525353388,1.1514774261926655,1.0047555719914376,0.9258634359947313,0.9545844441771015,0.9055186363738892,1.1628264451497352
2023-09-20,0.8996089154305711,1.1495031159484874,1.1537755135234131,0.9198009175559513,0.9468434378570125,0.9585041838496127,0.9328126432237627,1.167586666056024
2023-09-21,0.7349515088094047,0.9761703958736466,1.1543141097895193,0.7811048211684649,0.9539342341880299,0.9516870502231465,0.9420374395274177,1.1593077841095403
2023-09-22,0.7328537086194662,1.017169564414919,1.1474770718940817,0.8139112331912605,0.9498925986513581,0.9509558010067717,0.9367794596308125,1.158419738448777
2023-09-25,0.7308269363340565,0.9508069206134614,1.1453418756689613,0.7608096627708504,0.9439345144778356,0.9517444138340136,0.9290282691727882,1.1593774477817542
2023-09-26,0.6506724535115399,1.1346239757690726,1.1426817059535466,0.9078950370067047,0.9453873360648691,0.9350894971862531,0.9309183225011165,1.1391513386410992
2023-09-27,0.8455571846753475,0.7992871337781289,1.1409814921864698,0.6395676782773814,0.957715186910178,0.9235300669081806,0.946956283204114,1.1251133039062016
2023-09-28,1.082086159874925,0.8640128138221901,1.1374763467505267,0.691359395122652,0.9680655078380324,0.9029440238507256,0.9604215694399145,1.1001131455469404
2023-09-29,0.780563627307349,0.8248315064842704,1.128865730606665,0.6600075858578955,0.9643220466546291,0.8914456457863343,0.9555515005117635,1.0861492540073112
2023-10-03,0.8275460670917995,0.8038560549649948,1.1190899172717157,0.6432236039043879,0.9247710383648001,0.8594228267503273,0.9040974778539879,1.04726001508093
2023-10-04,0.8039614144272069,1.1015925854755706,1.1209219319123467,0.8814642229631582,0.9170912397267557,0.864857840088899,0.8941064169375784,1.0538604187510168
2023-10-05,0.6023332322865426,0.9794005547085209,1.1150658987530602,0.783689505819552,0.8949272894773563,0.8565029912263276,0.8652721482898261,1.0437141004882489
2023-10-06,0.4752873291577802,0.5876088330742131,1.1001075026747047,0.47018849825359155,0.8661032590989292,0.8314224934776002,0.8277734250888449,1.0132557742476356
2023-10-09,0.4894993985726845,0.4657145126917401,1.0846276431091948,0.3726520008077838,0.8406294625226856,0.8034992754099826,0.7946332002781747,0.9793451838713164
2023-10-10,0.46242150139232335,0.6116176836144231,1.0526241917540309,0.48939972304277124,0.8127124877517915,0.7872724876028515,0.7583145142443845,0.9596390041208813
2023-10-11,0.9064281138026087,0.8990714418245669,1.045838015821284,0.719412349270785,0.803217298997554,0.7784687142646369,0.7459617152026964,0.9489475017763013
2023-10-12,0.7986950966388677,1.1699483760209841,1.0380269660424992,0.9361606548315092,0.7969687820717143,0.791188152342309,0.7378326852390701,0.964394276335896
2023-10-13,0.7020961267031087,1.0371478664180618,1.0350452676687476,0.8298973234060207,0.7837330260714678,0.782164930750278,0.7206135821472126,0.9534362710464926
2023-10-16,0.6058769763487248,0.9668356238260276,1.0124639979375876,0.7736353921817579,0.7714588196820813,0.7802226385158041,0.7046454103868957,0.9510775072322769
2023-10-17,0.7638773626626904,0.867169530007652,1.0094045068463384,0.6938853129766943,0.7684324891706857,0.7660150996381239,0.7007082951163525,0.9338235492547268
2023-10-18,0.6794160655205553,0.5463626546212549,0.9876609944839775,0.4371844356631187,0.7306439572728494,0.7242859488601775,0.6515471722891659,0.883146720554111
2023-10-19,0.5913480948152735,0.9345783090352926,0.9772859423493796,0.7478239721597014,0.7221860606658488,0.7120511107729519,0.6405438420968066,0.8682884552319761
2023-10-20,0.5501827340669886,0.9087931509760971,0.9676276852719854,0.7271913947328856,0.7055467186961545,0.7028792287337584,0.6188968319259103,0.8571499133182953
2023-10-23,0.3358160326287338,-0.22723437122155166,0.9254705737493595,-0.18182672169389594,0.6865402674494558,0.6570253457403126,0.5941703226565364,0.8014639161101994
2023-10-25,0.5996721929603777,0.4020220987072413,0.9012006224421631,0.32168707517036543,0.6801982905133087,0.63358610012027,0.5859197055654033,0.7729987637403526
2023-10-26,0.6871065886866846,0.667179687609744,0.8955687735575647,0.5338589172346674,0.6781163691967672,0.6227789217614041,0.5832112227422086,0.759874280825673
2023-10-27,0.4178013893629405,0.4450777407750772,0.8679394870338278,0.35613902099852335,0.6670272709039767,0.5965048257610145,0.5687848215078746,0.7279664217522752
2023-10-30,0.5091633400693675,0.4338466576540876,0.8484740490835084,0.3471522158159123,0.6510085163989301,0.582580279929516,0.5479451667710831,0.7110561369589969
2023-10-31,0.5145310235893472,0.7368335127728356,0.8317006004739284,0.5895940008611519,0.623982081337712,0.5777343087742065,0.5127850314893629,0.7051710794980258
2023-11-01,0.6019990511011097,0.7201832098947121,0.8009894888503037,0.5762708844185785,0.6154790062802722,0.5737468468009057,0.5017229262337862,0.7003286150911542
2023-11-02,0.5177416198694825,0.8718714775457517,0.7881960872567159,0.6976476826474154,0.6007264135553999,0.5763384695981927,0.4825304890963056,0.7034759406922333
2023-11-03,0.5976609248447706,0.8176085229586911,0.777132934157056,0.6542279522212895,0.5909025807181411,0.5655176948009609,0.4697501393846016,0.6903349459539205
2023-11-06,0.5862446276462026,0.44442046971134724,0.7594079366183127,0.3556130906907982,0.5901364566876486,0.5451331036043535,0.468753447645803,0.6655794353110224
2023-11-07,0.5901596906672127,1.0523317042525309,0.760580007946233,0.8420470146755756,0.5956065691404787,0.5628406520054003,0.47586980958595826,0.6870838843663807
2023-11-08,0.6920448863872402,1.014922043060482,0.7627171786944672,0.8121128281453271,0.6052515923697432,0.583767358069093,0.4884175363123328,0.7124977516195421
2023-11-09,0.8311837266920498,1.0049879448115027,0.7583959776625482,0.8041638347431105,0.6228116983363969,0.5987561252929187,0.5112624176276216,0.7307004510484664
2023-11-10,0.5517352913122248,0.6950840780765619,0.7549225424724959,0.5561872464049981,0.605921563932093,0.5909835013469288,0.4892891381611806,0.7212611999512837
2023-11-13,0.44510925544272856,1.012770061872269,0.7598811174074985,0.8103908717243147,0.589084142922753,0.58499446405611,0.4673844363704078,0.7139879770073645
2023-11-15,0.9132155388003169,0.9484440996305566,0.7640015371790414,0.7589189981193649,0.5991374482607154,0.5816145438043645,0.4804633191350244,0.709883325069181
2023-11-16,0.8372362280671227,0.8850237919143544,0.7667071284106868,0.7081718044669923,0.6101545554854009,0.5784972301036614,0.4947960633373484,0.7060975884924351
2023-11-17,0.8758581486913296,1.0570004931518482,0.7652207253332293,0.8457828517114968,0.6154869738677171,0.58573044623389,0.5017332916945582,0.7148817704839807
2023-11-20,0.5798459495788568,0.8860608398916514,0.7621094015060004,0.7090016218618589,0.6107455397752553,0.5986741217671634,0.49556490641759865,0.7306008641038468
2023-11-21,0.6976547625603509,0.8866756090752201,0.7720782940393672,0.7094935433288704,0.6158077620488304,0.5968488632514095,0.5021506222014922,0.7283842286963972
2023-11-22,0.6267740141320873,0.8948764505886428,0.786383691969264,0.7160556321515292,0.6194549658614541,0.5963185888427734,0.5068954647662398,0.7277402514078641
2023-11-23,0.5837864664348107,0.9464286219669045,0.7975440565810135,0.7573062680809507,0.6312630817569816,0.6410392074034805,0.522257274467318,0.7820499865435299
2023-11-24,0.5626365533827425,0.8697334266183837,0.7965661227408073,0.6959368728396911,0.6294994798723323,0.6588606263401151,0.5199629104231179,0.8036927225641978
2023-11-28,0.7586136576153408,0.9571146761851117,0.7894716660796116,0.7658569560595991,0.6329045783927445,0.6699081519984451,0.5243927852606275,0.8171090886995165
2023-11-29,1.0418891946343825,0.7131314025840523,0.7786711172851445,0.5706282213019843,0.6626230453104321,0.680121923441467,0.5630551288077652,0.829512924774676
2023-11-30,1.72788183411799,1.6777444513521993,0.8023680782026835,1.3424851697812306,0.7206572593127475,0.7275187307731489,0.6385549426258936,0.887072684351023
2023-12-01,1.1163963703031825,1.076841777697625,0.8093571531256827,0.8616593043087005,0.7493175139181683,0.7404742214135084,0.6758406011617893,0.9028061265053481
2023-12-04,1.3213609209749713,0.9573956924826342,0.8230582543877286,0.7660818176060562,0.7835728410550189,0.7495128372795787,0.7204051888894378,0.9137828269508695
2023-12-05,1.2085556989231292,1.4563920589276358,0.8404520460508068,1.1653650464596663,0.8164687495813829,0.7717850926992097,0.7632012362179944,0.9408307599098481
2023-12-06,1.1597493244604788,1.482982391044426,0.8595916873864177,1.1866419021200012,0.8432348638487978,0.7971381379324818,0.798022706251929,0.9716200740073807
2023-12-07,0.9932051234531994,1.3464685372732244,0.9120484510029102,1.077407254370271,0.8626139350777022,0.8315092885838853,0.8232339767912726,1.013361180196505
2023-12-08,1.0761680103299014,1.2481590572907217,0.9402530162890262,0.9987427004097175,0.8857571883949731,0.8389709879045585,0.8533422731925993,1.0224228373651694
2023-12-11,0.9694823412560438,1.1265258945417074,0.9555645565200916,0.9014151741511551,0.898968495769678,0.8432234805715029,0.8705295697594916,1.0275871610673248
2023-12-12,0.8760960807278518,0.9897870711347116,0.9737215341987463,0.792000511859007,0.9011071792951924,0.8426442747198787,0.8733118975771095,1.0268837603228105
2023-12-13,1.1110058008464765,1.1466632123093645,0.9974820860205887,0.9175285044264919,0.927739108320633,0.8598510012923308,0.9079587988508677,1.0477799999719368
2023-12-14,1.289274925412042,1.1541381734450864,1.0113922413763303,0.9235097636470543,0.9679374735572669,0.8652376151934137,0.9602550027942502,1.0543216262656068
2023-12-15,1.6172673501663863,1.382617665011807,1.0334733898802335,1.1063327965471272,1.0014637502889845,0.8817811294042596,1.003871129845764,1.0744124457560507
2023-12-18,1.0913401634480342,1.2334097577322352,1.0455246658864497,0.986940714770027,1.0135639376880756,0.8950558394186897,1.0196129109916137,1.0905335551702195
2023-12-19,0.9857662031535094,1.1451273458586413,1.0564419599831147,0.9162995461478943,1.018797654567227,0.8984137772489943,1.0264217332828394,1.0946115111564123
2023-12-20,1.1171313780635304,0.45714528534885424,1.056866120504365,0.3657951397315715,1.044382674971259,0.8820706114332664,1.0597066551215388,1.074763999308481
2023-12-21,0.8169974420141558,0.820944828922322,1.0491532246600246,0.6568975728982748,1.0500656597071545,0.879566041412762,1.0670999540033719,1.071722392577177
2023-12-22,0.9540319750151448,1.1828249932167774,1.0547499896652346,0.9464641713225755,1.0656493721301572,0.8905378766113831,1.0873736392209405,1.085046838498702
2023-12-26,0.8685174999165607,0.9662011323241617,1.0534570959156564,0.7731276894556839,1.0792079927721456,0.8912912776292276,1.1050127741984543,1.0859617858104107
2023-12-27,0.9083826006893602,0.8736518544298619,1.059409355127433,0.6990722914795966,1.0956720902629367,0.891440583278747,1.1264317994511897,1.086143105983088
2023-12-28,1.4037297315262518,1.5435956967351379,1.0771035429561955,1.2351430096132274,1.1263919033063134,0.9137875382098719,1.1663968477451172,1.1132817557258357
2023-12-29,1.148091718925137,1.3537247466558577,1.0906128978570389,1.0832134744278976,1.131449166367778,0.9381963597872965,1.1729761118246589,1.142924383164992
2024-01-01,0.7536998310048219,0.8329110663105397,1.0888758070035782,0.6664726283954433,1.0850595471719129,0.9060052863879733,1.112625374374472,1.103830812317425
2024-01-02,1.0821942606383568,1.0761897320294918,1.0895154482995,0.8611375552194496,1.0834308752831117,0.9059804411932472,1.110506547980607,1.1038006397485207
2024-01-03,1.0454228578299345,1.1723473225721677,1.0990583310555169,0.9380802261735369,1.0702909675143002,0.9141708416012223,1.0934121389808908,1.113747248072114
2024-01-04,1.2496680728196665,1.3715854842113955,1.1152219935600562,1.0975051475550768,1.0722486996046117,0.9109394178438609,1.0959590573955762,1.1098229336502292
2024-01-05,1.1881253652763653,1.4103556140989202,1.132404632343732,1.1285279438829352,1.0735999396434632,0.9081720864992388,1.0977169578532755,1.1064622235975488
2024-01-08,0.8337603599428851,0.5913475138112056,1.120568595405209,0.47318008820634866,1.066007331857258,0.8793993643009567,1.0878393281807226,1.0715199761060579
2024-01-09,0.9416246888172191,1.0011024905211212,1.1249475642019668,0.8010548006119018,1.0596005070233208,0.8699856547867749,1.0795043469900008,1.0600877534129551
2024-01-10,0.9487951336229359,0.9104731959728904,1.1233928481948927,0.728535720736135,1.0586154018979346,0.8617532998622502,1.0782227710293961,1.0500901945713481
2024-01-11,1.012439006640974,1.097814746290458,1.1362156263184393,0.8784412994924564,1.0651079221795117,0.8658695278447953,1.0866692380126475,1.0550890353451308
2024-01-12,1.063188349827009,0.933282907716761,1.1114002415305917,0.7467874274954398,1.0628309007023944,0.8577390003718881,1.0837069389527278,1.045215138074067
2024-01-15,1.0079817146404426,1.3032985864749769,1.11894880182317,1.0428638418260525,1.0494359859037465,0.8634225279042214,1.066280777665056,1.0521173430267616
2024-01-16,1.1029761098805622,1.2921927117944054,1.1301087024668957,1.0339772250089923,1.0249459268425172,0.8599770244976436,1.0344203496174906,1.0479330454154427
2024-01-17,1.1889963363505383,1.0272565160579725,1.1158041843712403,0.8219825356939663,1.0295962207902554,0.8521218731130692,1.0404701658041937,1.0383935711219985
2024-01-18,1.0722686553164567,1.2757151620440281,1.1088952767378937,1.0207923408888955,1.033715385178967,0.8570977204816883,1.0458290071322005,1.044436353206919
2024-01-19,0.9733417511469423,1.4082830849811625,1.1109557616614913,1.1268695628331353,1.0268682600877008,0.893339359677001,1.0369212157807157,1.0884490231772126
2024-01-23,1.0922403467652937,0.5127955545436069,1.0864436449032544,0.4103249613191652,1.0399750650758501,0.8815978067446625,1.0539725596020746,1.0741898145535425
2024-01-24,1.0150885335195239,1.00038748311069,1.0822390311888872,0.8004826712604896,1.0428825202427254,0.8746463067417058,1.0577550235771167,1.0657477550269359
2024-01-25,1.2426181807142818,1.4116958884094852,1.0963026584313798,1.1296003946867046,1.0606968383759503,0.8916211974669925,1.080930623100214,1.0863624479564564
2024-01-29,1.221009118450074,0.7919493537123663,1.084478863144813,0.6336961875926926,1.075583815412175,0.8885080496628542,1.1002978879778753,1.082581770539139
2024-01-30,1.1596160153876531,0.9929124187302856,1.0791046713209864,0.7945013294263593,1.0639593527389082,0.8675251125110987,1.0851750025790583,1.0570996149751855
2024-01-31,1.3992140777333288,1.1554942231545948,1.071533889925746,0.9245948374930945,1.0759175603012032,0.859971844085632,1.1007320745593179,1.047926754205408
2024-02-01,1.2020712178176405,1.3930544929802506,1.0768553811006796,1.1146840605050565,1.0972685787208611,0.8813152456146611,1.1285087566980179,1.0738466658980923
2024-02-02,1.2246247652673097,1.236931656186085,1.0799155247782612,0.9897588414757706,1.1040509837031922,0.8874400687697239,1.1373323501972719,1.08128479028031
2024-02-05,1.206093056126924,1.4562062553242916,1.1132175571107759,1.1652163715039658,1.1117019455268584,0.8982560756902206,1.147285895759091,1.0944199948007998
2024-02-06,1.1933178314856223,1.2790603604364728,1.1284880748279142,1.023469077043924,1.1090186007014278,0.8947305485230229,1.1437949889171068,1.0901385145166176
2024-02-07,1.1174199683548263,1.4325742516234756,1.1368130501081375,1.146306689236806,1.1056516770384972,0.8955771554446357,1.1394147777940447,1.0911666531952988
2024-02-08,1.1899069633767492,1.232333774708153,1.1456841381876037,0.9860797426168469,1.1226110391067765,0.9200009485118024,1.1614781192322217,1.1208274623517176
2024-02-09,1.1250380474095847,1.3939190863209157,1.163026379250639,1.1153758844218629,1.131345008563556,0.9349686191694194,1.1728406073647182,1.1390045416313699
2024-02-12,0.9059938818110574,0.9106522089251121,1.1419282629903047,0.7286789619987496,1.1293068537153712,0.9349754401819249,1.1701890626817089,1.1390128252239151
2024-02-13,0.988566677213168,1.26550676412906,1.138987663572745,1.0126238604048594,1.128170076123571,0.9413650859396585,1.1687101678950902,1.1467725561910118
2024-02-14,0.9969519152531312,1.0696805600143167,1.1468799800295373,0.8559290940078004,1.1250159601914813,0.9465623081545328,1.1646068097342634,1.1530841809183814
2024-02-15,1.0576778426102382,1.4195116872529574,1.1583240452036527,1.1358543829081515,1.1273824424757575,0.9509904291584422,1.1676854931443572,1.1584617916628424
2024-02-16,1.1359310937226594,1.46967204119017,1.1682348691575863,1.1759913246321503,1.1289517274206191,0.9577530053309737,1.1697270598856577,1.1666744177978408
2024-02-20,0.9556046632799556,1.1692360096459642,1.161489886672072,0.935590638764316,1.117837838226782,0.9631629150009902,1.1552684068418422,1.173244335002533
2024-02-21,1.0934815343248543,1.2158556638372875,1.1550065549966841,0.9728944095035003,1.1188479753224199,0.9608820611254952,1.1565825482317542,1.1704744142400745
2024-02-22,1.0021960132546082,0.906112818880789,1.1654987318323369,0.7250466663833806,1.1202219878037374,0.9417476374850308,1.15837007457818,1.147237135478454
2024-02-23,0.9980705581658964,1.2601014265646895,1.174132029700456,1.0082986572954227,1.1157377121561471,0.9702225753886621,1.1525362404800956,1.1818177469575073
2024-02-26,0.8930651512560303,0.9993060141587102,1.1770931236399833,0.7996173094180221,1.1099270749055046,0.9701813676818778,1.1449768716124362,1.1817677033822387
2024-02-27,1.0145508555258917,1.195825456541925,1.180360147315032,0.9568667860951824,1.0990667260870097,0.9619559577489483,1.1308480628072788,1.1717785786962
2024-02-28,0.8994131049583458,0.30332763630442716,1.1593616382679544,0.2427144688187113,1.083752630206451,0.9433377806644729,1.1109251361742238,1.1491682414801758
2024-02-29,1.626222329817272,1.4210977086693577,1.1632882756744336,1.137123473816935,1.1059719785126236,0.959653120873548,1.139831475117821,1.1689819612792505
2024-03-01,0.9389881476733227,0.8677537295675466,1.149140309600205,0.6943527734679027,1.0840564580335754,0.9486892130628245,1.111320402049277,1.1556671425576814
2024-03-04,1.04460860625817,1.4734552933711516,1.164013602177311,1.179018579433927,1.0765582384355057,0.9517527615832471,1.1015655670204245,1.1593875854780662
2024-03-05,1.0513379738713104,1.3568828998222189,1.1667191934365841,1.085740542114708,1.0683064864642675,0.9563233187565297,1.0908304214134383,1.164938173942455
2024-03-06,1.0790403905287227,1.0890255843630336,1.1560772767493133,0.8714084527839704,1.06225635953102,0.9423324654841488,1.0829594876050126,1.1479473638866078
2024-03-07,1.1314046000825047,1.703988120000905,1.1957836955978896,1.3634846348267828,1.0593081104165856,0.9585236825214279,1.0791239526011203,1.167610345686044
2024-03-11,1.0074161896420928,1.0137499947918331,1.196229112653928,0.8111749872139143,1.0540698352397888,0.9425650300441474,1.0723092001766195,1.148229795571633
2024-03-12,0.8604201656738324,1.3312609431244011,1.1935479478110915,1.0652385539484681,1.038379987730126,0.9463344972504151,1.0518974381466022,1.1528075221810508
2024-03-13,1.0652380240799098,0.7863976573342384,1.1933628912651542,0.629253872168101,1.0355323675715702,0.9231858300002358,1.0481928167350476,1.1246952547848768
2024-03-14,0.9958165302074107,1.2867526195397017,1.2031575646254677,1.0296242121480077,1.039809636542825,0.9375165561978195,1.0537573447730584,1.1420988142422668
2024-03-15,1.4641484573470787,1.7852900267557459,1.2241507580788396,1.4285401943938802,1.0624563879777733,0.9573220959115826,1.0832197153128886,1.1661511116096037
2024-03-18,0.7943905732683296,1.4023963761754084,1.224462154185345,1.1221591796373058,1.0528106097880208,0.9699997190367969,1.070671006418025,1.181547105140989
2024-03-19,0.8363188356471231,1.1661004228220129,1.2221011130732091,0.9330816280467878,1.042269704694539,0.9603438735672084,1.056957779044933,1.1698208270428359
2024-03-20,0.8091959616540795,1.2676134281048128,1.2158146854992264,1.0143095552333425,1.0267108888817498,0.9526447416910747,1.0367164831595561,1.160470826384867
2024-03-21,1.018999042033193,1.3667980689165868,1.2187392757818971,1.093674388925725,1.0297296688223798,0.9601725393178083,1.040643775488636,1.1696127548380215
2024-03-22,1.1554859498255985,1.2553937610799237,1.2128332594304454,1.0045317122803488,1.0326822600367012,0.9616790775452774,1.044484959362573,1.1714423290867437
2024-03-26,1.1747758256032328,1.4168274435437012,1.2189830483916302,1.1337065245922735,1.0409003463390165,0.9811390707933199,1.0551763074997489,1.1950749869760429
2024-03-27,1.2729858611623202,1.5632345158517846,1.2246268960426592,1.250857454917973,1.0539915512436082,0.9926894897277272,1.0722073563378052,1.2091020781304753
2024-03-28,1.4159574058737376,1.105474965204268,1.231120987918631,0.8845707969142952,1.0788911824158798,0.9967348938942161,1.1046006186566772,1.2140149088530756
2024-04-02,1.2754586045553777,1.3196682333938186,1.2329263702274564,1.0559623850549622,1.0913153609410937,1.0014537319399202,1.1207638971919809,1.2197455729775533
2024-04-03,1.2971288067783497,1.3856958578695526,1.2434602134892974,1.1087958821844657,1.1102542038849033,1.042695704004956,1.1454024512030916,1.2698307607815658
2024-04-04,1.2325307483451509,1.2786170087530395,1.238763724205967,1.0231143191667473,1.0915069857195643,1.0372666966406614,1.1210131921181927,1.2632376509030838
2024-04-05,1.1269491981995923,1.3355524324388375,1.2342930705809223,1.068672486187828,1.1004575119351008,1.0550914448654196,1.1326574105239133,1.2848844300868831
2024-04-08,1.2542140619771893,0.9783603646976466,1.2279305490826453,0.7828571742554524,1.110438724112197,1.036226616047397,1.1456425034385849,1.2619745534022464
2024-04-09,1.1886372982231739,1.1878753932278054,1.2269978733956626,0.9505053631207685,1.1169767871765715,1.0297868456191144,1.1541482194645099,1.2541539498965109
2024-04-10,1.4242270417241039,1.322473659053656,1.2408765680680915,1.0582072098494772,1.1334142467573038,1.0386820245269957,1.1755325900349254,1.2649564572414307
2024-04-12,1.324197051239979,1.1875613769882651,1.238458566415544,0.950254095924317,1.1425948396695644,1.0190043798173545,1.187476114514951,1.2410594784725966
2024-04-15,1.1881066831738052,1.272606918146628,1.2475685965484746,1.0183052092324865,1.1511991488853603,1.0288677237230006,1.1986699207031468,1.2530377473854126
2024-04-16,1.2635973698067877,1.3464772404435195,1.2525903226785278,1.07741421840883,1.170398063367882,1.0294475172687323,1.22364681569276,1.2537418618390022
2024-04-18,1.4376701487082653,1.2040875387934613,1.2826156527614956,0.9634778780795789,1.1881329264454228,1.0453629461216596,1.2467190478830832,1.2730699202020515
2024-04-19,1.2558940855596215,0.9175964073631702,1.265832276051289,0.7342355194420463,1.2005175719383854,1.0312968178975663,1.2628308957817191,1.255987694534761
2024-04-22,1.2751747481075875,1.0628801922930007,1.272336491475471,0.8504876259656514,1.1915188238793617,1.0037705051152697,1.2511239429999441,1.2225591149537636
2024-04-23,1.2104436732061121,1.269047004287427,1.265522881839347,1.015456663640323,1.2113308762573514,0.9986894329249371,1.276898501880565,1.2163885454548744
2024-04-24,1.2744126101313549,1.2917043289544465,1.263350262810421,1.033586434433412,1.2321924845661243,1.003475376086205,1.3040384842226407,1.2222007035561755
2024-04-25,1.5634716704812348,1.3499207757562934,1.2720467691901967,1.0801696410748332,1.2681103754626555,1.0066115706500856,1.3507659900921916,1.2260093694820964
2024-04-26,1.3609043671556211,1.1683325950408623,1.2541915850248617,0.9348677511347157,1.2843915814208666,0.9990493498028944,1.3719470819655217,1.2168256366879975
2024-04-29,1.3147666994276297,1.0059309416517819,1.2539309499201934,0.8049183949934543,1.2919763790209633,0.9895439537416137,1.3818145509491222,1.205282067769178
2024-04-30,1.6401920500563385,1.4243555317673913,1.2570341028749596,1.139730294653896,1.314139056375873,0.9898307999350244,1.4106471636203335,1.20563042030298
2024-05-02,1.3615438634617374,1.7323251180079582,1.2885650182307502,1.3861591247051006,1.3183561041044167,0.9962737365915542,1.4161333466218726,1.2134548689482285
2024-05-03,1.4420690312220732,1.0259403135454206,1.2798712746976078,0.8209293464838302,1.3195995148352897,0.9932431913329607,1.4177509661639696,1.2097745059387714
2024-05-06,1.21252544805453,1.3895885541323967,1.2666812256101627,1.1119107111437385,1.316602697859059,0.9959073973371881,1.4138522466302923,1.2130099782352923
2024-05-07,1.194304105481805,1.0185305709889336,1.2538856987706135,0.8150002733845491,1.3117062835116045,0.9819171302514776,1.4074822392481905,1.1960198800578545
2024-05-08,1.2803300246767828,1.294452668242319,1.2581641069512903,1.0357855802762264,1.3139824395273965,0.9825205236376436,1.41044341238317,1.1967526546938048
2024-05-09,0.9499298233169674,0.6477962195061174,1.237503533331334,0.5183487968184899,1.3055529454853667,0.9563146336676751,1.3994770326071146,1.1649276265732436
2024-05-10,1.161328238384996,1.1047454585163985,1.2287684463179942,0.8839870656380978,1.3011298110285956,0.9611303427811342,1.3937227403552124,1.1707759331231036
2024-05-13,1.0844211656551188,0.9796688058789602,1.2195776144779622,0.7839041530608533,1.2961671380491644,0.9531969518259003,1.3872665335739442,1.1611414429176168
2024-05-14,1.063238503026036,0.9458979132365445,1.2038799634677235,0.7568816094868439,1.2789772076349706,0.938848113713394,1.3649032334391922,1.1437158879392817
2024-05-15,1.088553229121202,1.1935367002119133,1.1915567029463945,0.955035385950895,1.2677560732483624,0.93907579419085,1.3503050593864974,1.1439923882835112
2024-05-16,1.2793122811149358,0.9516628881411938,1.1864296337109586,0.761494584548341,1.2720991969598445,0.9268467168249382,1.3559552613792896,1.129141118912211
2024-05-17,1.159041019566695,1.1573999568702749,1.181020691160174,0.9261197534293626,1.267120323138888,0.9196422184925828,1.349477978056538,1.1203918124668086
2024-05-21,1.18211149238125,1.4159660949715733,1.1820296990635746,1.133017297050402,1.2549508633137918,0.92771552415786,1.3336460767056335,1.130196218274731
2024-05-22,1.2031772838134969,1.331471074006406,1.1837915012386868,1.0654066949264205,1.252440539421119,0.9434855801333064,1.3303802620516705,1.1493477325128107
2024-05-23,1.338674398763087,0.7707142407825658,1.164963561516811,0.6167044316885616,1.2554643323094763,0.9323530470724926,1.3343140759926404,1.1358281314567318
2024-05-24,1.4179660923693647,1.3901624027716386,1.1786902961192776,1.1123698891116707,1.265346352269631,0.9369679625711284,1.3471701244455232,1.1414325896791546
2024-05-27,1.509042011183763,1.1408389442878155,1.1771224144879446,0.9128680846364228,1.2765191808911747,0.9312194697236525,1.3617054549440932,1.1344514893718796
2024-05-28,1.3347570080674593,1.1431412775562038,1.1711446684380296,0.9147103486750336,1.2656280064905185,0.9233404557998526,1.3475365434899378,1.1248830358686945
2024-05-29,1.3369809661426857,1.1311521077226103,1.1692643594625074,0.9051169432630143,1.264488796918474,0.9219237506631048,1.3460544848101084,1.1231625569661574
2024-05-30,1.2060723242553182,1.1386737590221023,1.1647999208250233,0.9111355626741501,1.259312874291221,0.9269817110288523,1.3393208501531622,1.1293050589402198
2024-05-31,2.196048378629791,1.8417065170975064,1.1813075633801562,1.4736831251625544,1.2857822232709093,0.94288422676736,1.373756242347391,1.1486174353237601
2024-06-03,1.6221717976370398,1.2629155475499083,1.1832684970053713,1.0105504398512115,1.298193077279257,0.9249980989171747,1.3899021863058436,1.12689611532843
2024-06-04,1.4941936327376484,-0.025781345758138174,1.1518225719013275,-0.020629526927897882,1.300675201160951,0.8849238668499495,1.3931313140568276,1.078229057506281
2024-06-05,1.3537898057588278,0.09455723186818599,1.119545139887167,0.07566210776396595,1.307402075337346,0.8355786952604364,1.401882664559749,1.0183031601126098
2024-06-06,1.5036771998296434,1.4830616887284087,1.1266789627018667,1.1867053539553858,1.322134127449148,0.853278937192381,1.4210483793147664,1.0397987360259031
2024-06-07,1.6862372488164707,0.8065805485171293,1.1105081700206225,0.6454036690424114,1.3414630428843712,0.8346893223717233,1.4461943994987818,1.017223085471932
2024-06-10,1.5175360832359388,1.378703651760603,1.1114675992207663,1.1032009103174731,1.3684919124043222,0.862539423014532,1.481357701898111,1.0510448803864936
2024-06-11,1.3865805719019801,1.416700886595649,1.1197465422725927,1.133605257187839,1.379218214000369,0.8744260035645196,1.4953121215000775,1.06548021384375
2024-06-12,1.4258127320257996,1.398728355466372,1.1328397893997455,1.1192241299040984,1.3954749552561156,0.8903936215094361,1.516461385933113,1.0848716518257342
2024-06-13,1.4425170758861785,1.3304658455809595,1.129710133193531,1.0646023386656582,1.4135358396780273,0.9050469895655702,1.539957756732426,1.1026670348858716
2024-06-14,1.4372435442691052,1.129911639643228,1.1096296839147068,0.9041243546725317,1.430140140399356,0.9026226547427909,1.5615591798686215,1.0997228676014548
2024-06-18,1.455408742193797,1.4117039386710055,1.122488471418893,1.1296068362855398,1.4385256861650162,0.9201518095874194,1.5724683849807208,1.1210106714691837
2024-06-19,1.4812622984637493,1.3270642411838072,1.12040432765394,1.0618804679701783,1.4538695565886854,0.9266166055179345,1.5924300469098425,1.1288616665133553
2024-06-20,1.4435684920148872,1.3099471207317959,1.1301182126453686,1.0481838168874322,1.4663198899045728,0.9225769159863646,1.6086273516116112,1.1239557757732248
2024-06-21,1.7921412601034663,1.703619812625802,1.1437571174581516,1.3631899253502602,1.4943657935374286,0.9367570698160712,1.645113768099604,1.1411764767263868
2024-06-24,1.3563077457185664,1.1449857573461415,1.160330102052819,0.9161862508971849,1.4952054767257845,0.9510181088260055,1.6462061568822717,1.1584954064799533
2024-06-25,1.381565428205363,1.201824083006995,1.1635660562025054,0.9616667227374542,1.4934721117655942,0.9438417675700905,1.6439511296707716,1.1497802946278481
2024-06-26,1.4406261729966454,1.17383700895985,1.1700383296385353,0.939272232430197,1.4902142147090647,0.9450991079412228,1.639712757092885,1.1513072373385997
2024-06-27,1.8632758481917129,1.5931725335920555,1.191614150317052,1.2748130369475055,1.5153817785245054,0.9622468550018165,1.672454587321616,1.1721318509286385
2024-06-28,1.493540214185956,1.5360221169971973,1.2030303308765617,1.2290828384875554,1.5228369808122804,0.9776738023934612,1.6821534588300862,1.1908666863078659
2024-07-04,1.3083428232602858,1.0473082657662287,1.2062185101307294,0.8380273967512049,1.5277070045744214,0.9741924611590355,1.6884891332878609,1.1866388664242506
2024-07-05,1.2875167718672595,1.4132292547328835,1.2147461533928163,1.1308273524318755,1.4844435947285868,0.9578659957909078,1.6322054488329016,1.166811635979283
2024-07-08,1.3042877929656822,1.4977138240980252,1.2174710776970314,1.1984295914717034,1.4693062611728078,0.9668126220585503,1.6125124817649124,1.1776766221666692
2024-07-09,1.352228643454886,1.3006504570885151,1.2164437237997683,1.040744881202388,1.4625460235879142,1.017354260540945,1.6037177270189378,1.2390555361361906
2024-07-10,1.3581577069150343,1.0802925183430019,1.2267629997184497,0.8644204924845554,1.4627540188810668,1.0549141836228775,1.6039883192235196,1.2846691600069489
2024-07-11,1.3159430736496556,1.4216267156545106,1.2278118101478788,1.1375467707211244,1.453814298586782,1.0525732987069605,1.5923581588188704,1.2818263361852267
2024-07-12,1.317815459383886,1.215396693265507,1.230297068447135,0.9725271538195462,1.4362704038518967,1.0681506075058718,1.5695343675622881,1.300743773873324
2024-07-15,1.4048635519053818,1.522441170691486,1.2429403982183111,1.2182157371287532,1.4309050452171084,1.0736275040206944,1.5625542854683383,1.3073950414241449
2024-07-16,1.3794575621797611,1.5644250461655926,1.257382829499744,1.2518100846758446,1.4305658542779551,1.0792563053296471,1.562113013828925,1.3142307856079052
2024-07-18,1.5319906865981257,1.1828658553459377,1.2588558993772052,0.9464968680794381,1.435621947352828,1.071031197623711,1.5686907558103156,1.3042420279531932
2024-07-19,1.185250047844103,1.0401669704787704,1.232137914489914,0.8323131278059465,1.4233711364936814,1.0599698066303913,1.5527530205469458,1.2908088234400728
2024-07-22,1.2145810975137068,1.4228508950899341,1.237469092741248,1.1385263255847287,1.4127681628386624,1.0711318052452579,1.5389590448614898,1.304364208134387
2024-07-23,1.4455083426285198,1.1793185047891461,1.2776390877594912,0.9436583752978529,1.4122967152403159,1.0622771166267966,1.5383457134584189,1.2936108731167903
2024-07-24,1.3746881485968898,1.5415175792151472,1.325871099337723,1.2334801568769829,1.4072217557228464,1.0704485303842635,1.5317434271125023,1.303534423620671
2024-07-25,1.411939653201835,1.612636968983004,1.3301902753462094,1.2903879451699425,1.4057156205412724,1.0819820603024783,1.5297840152767663,1.3175410043701574
2024-07-26,1.5677574756068253,0.8716690400335938,1.3323598917300918,0.6974856976933539,1.3950306784223847,1.0502818589854828,1.5158834024313625,1.2790435597309193
2024-07-29,1.5914327015960197,1.5401371804702226,1.3377410093537456,1.232375599599531,1.4062271048927397,1.0653384946379754,1.530449432633933,1.29732868012144
2024-07-30,1.4448740457890776,1.6809797815578054,1.3465503058524844,1.345073992421574,1.4092418009681547,1.0835959836705524,1.5343714120442684,1.3195009895731882
2024-07-31,1.5599625467484333,1.5788333852884378,1.352553806846553,1.2633392431111525,1.4149244854325256,1.0990277460839313,1.5417643202868108,1.3382416724241966
2024-08-01,1.578538308749209,1.8401879598877229,1.3695445439901117,1.4724680172645932,1.4013655549828825,1.1084398880037927,1.524124782263944,1.3496719913951443
2024-08-02,1.286427118140415,1.3544046135269867,1.3770276431195705,1.0837574852819825,1.3915030265997617,1.1015196330892416,1.511294091446422,1.3412678766137183
2024-08-05,1.4312611445149737,0.9504498477165967,1.3616525067544234,0.7605239428161902,1.397356279992842,1.0978289924256694,1.5189089019337367,1.336785878748518
2024-08-06,1.2800117345719226,0.9950242917949959,1.3505845084414632,0.7961911924251902,1.3969988972644924,1.0818939371872558,1.5184439636224996,1.3174339856570652
2024-08-07,1.1758861882083298,1.2392918948377132,1.3482293342449938,0.9916474398164783,1.3908845351331902,1.0720471680608166,1.5104894628083505,1.305475845532661
2024-08-08,1.2205166532211031,1.146056860458103,1.3296439025060705,0.9170433182783083,1.3846125355982482,1.0661566174453843,1.5023298830622263,1.2983222270447348
2024-08-09,1.092994776170087,0.9416048682628787,1.3228645395366283,0.753446432451566,1.371985729372298,1.060872138396194,1.4859029953104808,1.291904635635486
2024-08-12,1.2918484758789623,1.2456262184144635,1.3243246107168773,0.99671599209542,1.3708383675736937,1.0541659108425894,1.4844103309629768,1.2837604405434309
2024-08-13,1.0895045123951645,0.8869376323141149,1.3147612981620194,0.7097032071498836,1.3599664177170878,1.0416504848107004,1.4702664297466874,1.2685614228469466
2024-08-14,1.0358630363499872,1.6052473896519959,1.3151637933640175,1.2844750061315777,1.3423949645954023,1.0448056880965493,1.4474067863103461,1.2723931733966627
2024-08-16,1.1345332564350756,0.6172839280320882,1.2845391870651803,0.49393369667203296,1.330731902417084,1.008716336286844,1.43223368475034,1.2285654446870902
2024-08-19,1.2015834395929155,1.3823061494871949,1.2957057831892125,1.1060835303542864,1.3149982239882645,1.016315701157075,1.411764900732643,1.2377942860266002
2024-08-20,1.249982348950554,1.2241011952331857,1.2894015145392226,0.9794922579464126,1.3180807145171431,1.0233242311637638,1.4157750775744835,1.2463056040853373
2024-08-21,1.3241725065181582,1.3568884431757287,1.284707335175146,1.0857449777543977,1.3232993530411647,1.0208108336480337,1.4225642836268306,1.2432532770432898
2024-08-22,1.2298382050184156,1.3428247906921063,1.2861131462952657,1.0744916281295467,1.3130293464883025,1.027040988544781,1.4092034826582656,1.250819318685518
2024-08-23,1.220263618010208,1.333126777022219,1.2945409549179063,1.0667315431430244,1.3056757974127462,1.0191005783669735,1.3996368572520042,1.2411763041766766
2024-08-26,1.1266044997297353,0.9592559757701692,1.2791285969217616,0.7675703653542516,1.29208840915217,0.9942045031376548,1.3819602969404057,1.2109419448333132
2024-08-27,1.3225332647659827,1.3877225862375726,1.284872793354164,1.110417614728447,1.2804110657787966,1.0138679277583735,1.3667686162097097,1.23482165440311
2024-08-28,1.2449336491770617,1.2300059565177877,1.2751249528817072,0.984217086241501,1.2639111109017034,1.0020508556937056,1.3453029421647689,1.2204707336295078
2024-08-29,1.3456443928578619,1.5240771278439427,1.2737800222709859,1.2195247852461828,1.2591858893335501,0.9960723220186868,1.3391556486280505,1.2132102665152358
2024-08-30,1.9285256147036067,2.039712895121566,1.3023415902635065,1.6321224070240765,1.27673651161713,1.0136334250621595,1.3619881921126524,1.2345368690014347
2024-09-02,1.015374298884763,1.3510107283215262,1.3127030488582652,1.0810417912723265,1.249919177814061,0.9949940809672895,1.3271000878445471,1.2119008260871187
2024-09-03,1.102520876324791,1.3810877706583617,1.311310944710546,1.1051086169772428,1.2411617377276027,0.9960108015242067,1.3157070655142262,1.213135554629127
2024-09-04,1.2801174858858055,1.3554107644598679,1.31718068669957,1.0845625797079337,1.2339644206500233,1.0114412128047658,1.3063436906725232,1.2318745966337439
2024-09-05,1.372447775756373,1.2454248952163711,1.3073109305662776,0.9965548987849613,1.238366136896902,1.0209823416790407,1.312070118829305,1.2434615602924355
2024-09-06,1.246038660777573,0.9162915935928497,1.2840994180532725,0.7331914431915961,1.2417067308287706,1.008674913268332,1.3164160761965915,1.2285151396323677
2024-09-09,1.1060575229353415,1.2137493129551973,1.2955020938173258,0.9712089652039928,1.2362562960532582,1.0112542297886027,1.3093253139996124,1.2316475202110664
2024-09-10,0.982150864295869,1.1398455715662488,1.2821590401871932,0.9120732149852707,1.2309780145354383,1.0188078860997316,1.3024585151857409,1.240820852038004
2024-09-11,1.050958615347645,1.2155107414038948,1.2666434055153963,0.9726184120170049,1.2195070687958518,1.0176603822864738,1.2875353481790834,1.2394272973383835
2024-09-12,1.2724571500125816,0.7977777324174735,1.2406082170863642,0.6383598966391859,1.228219099158586,1.0142630817859644,1.298869294570398,1.2353015384312596
2024-09-13,1.2205336341152266,1.397133383540972,1.2258397312081393,1.1179478770430973,1.2370129371474068,1.0063332184960367,1.310309668879185,1.2256713323026618
2024-09-16,0.9793256244326419,1.124084571514297,1.2181623964743828,0.8994616943132082,1.2296220975282435,1.025644075526569,1.3006945302097064,1.2491228757813648
2024-09-17,0.9021599393381895,1.355567843038052,1.2316663296517647,1.084688269685053,1.2153638356113516,1.0246252535899387,1.2821451944669582,1.2478855952760943
2024-09-18,0.867374252050856,1.1651719000254077,1.2373379165927785,0.932338649529862,1.1971444024256517,1.022379843665341,1.258442559098496,1.2451587184528154
2024-09-19,1.2257544141559462,1.4208865854679658,1.2433910729471203,1.1369545388121807,1.1924578265988797,1.024818394191902,1.2523455418742822,1.2481201496108545
2024-09-20,1.7670663842581062,1.3306331569662069,1.2495436161640572,1.0647362166547936,1.2180401208483889,1.0243538507883425,1.2856269171127142,1.2475559975481525
2024-09-23,1.0882384518358525,1.1734262494349144,1.2572709955364583,0.9389435539058079,1.2117532081734192,1.018268708443713,1.2774479360648774,1.2401660624435868
2024-09-24,1.4001881689511255,1.8173087675283672,1.2763270805069216,1.4541607140193034,1.2247810019458665,1.0509634869515725,1.2943964899686402,1.279871344218049
2024-09-25,1.2145750759740415,1.4442583976428156,1.2949044393512117,1.1556560229448567,1.219640135812917,1.0531176968666398,1.2877084621806507,1.2824874656778877
2024-09-26,1.4699358997893142,1.4407062091095317,1.2894197333331294,1.1528136589469564,1.2303545286992148,1.0611461050907092,1.3016473891049902,1.2922373470132347
2024-09-27,1.8591665839771816,1.999725632567108,1.3355011234842966,1.6001256944638043,1.2548079663715632,1.0792699579105958,1.3334601744285213,1.314247365612366
2024-09-30,1.4031409482133168,1.0733062269525095,1.325201126066474,0.8588302534133148,1.229789648919645,1.0424465220243693,1.300912506778757,1.2695281485234666
2024-10-01,1.219582159843558,1.3796025769036966,1.330384505455491,1.1039202056025053,1.2395138327748256,1.0435359703258063,1.3135632177984684,1.2708511992906362
2024-10-03,1.2356365193357017,1.0195766013326064,1.3191407773940536,0.8158372782230333,1.2458526729182022,1.029761144670844,1.3218097540680682,1.2541227380810613
2024-10-04,1.3437759117006518,0.9325513440366734,1.3054649958388724,0.7462020502703941,1.248884026528433,1.0136487385071515,1.3257534041566215,1.2345554659969213
2024-10-07,1.1088178029662068,1.0325145575318457,1.2954445885225268,0.8261898765050655,1.23633021830033,1.005536118398585,1.309421483405658,1.2247033158359293
2024-10-08,1.0314096543529643,1.1888760745776958,1.3030985918161109,0.9513060809361794,1.2261097894229676,1.0159225297197556,1.2961251806875493,1.2373168097011167
2024-10-09,1.1425554662693047,1.2544706572736684,1.2986568608506475,1.0037930698911175,1.2278477867245847,1.0174741537524759,1.2983862343598411,1.2392011371759877
2024-10-10,1.0215111388858193,1.4087538446261059,1.3046151237875914,1.1272462518106243,1.2297220855145825,1.0277204888393976,1.3008246099304783,1.2516445192800747
2024-10-11,0.7856412315726173,1.2832576645454803,1.2965878083443094,1.02682764486089,1.2170879243824382,1.0303018808795823,1.2843881537877782,1.2547794204173082
2024-10-14,0.7153680112671286,1.0258428557582062,1.2627921403655307,0.8208513634311015,1.1905598701564644,1.0389919507268166,1.2498763887979338,1.265332838659345
2024-10-15,1.0355231841878865,1.2497007081094897,1.259415139691796,0.9999762871812363,1.1817498487313527,1.03337425597149,1.2384149605910642,1.2585105825266252
2024-10-16,0.9920609481508027,1.1487859781017784,1.2516717466065768,0.9192270834877654,1.182356292717932,1.034315464979802,1.2392039160178756,1.2596536081285483
2024-10-17,1.129202596984875,0.875581189634212,1.2356774274457216,0.70061609268084,1.1931678478439647,1.0160263136938872,1.2532692464980528,1.2374428473170491
2024-10-18,1.02343360340227,1.1130721655891405,1.2312656697914803,0.8906498686348587,1.2005992455273653,1.014041133651268,1.262937149323149,1.2350319995743038
2024-10-21,0.8437365168866652,1.0173488397270725,1.2346342446626213,0.8140546843871085,1.182407917085971,0.9986649501072168,1.239271076920154,1.2163588129648384
2024-10-22,0.8544585971997727,0.6296499385466611,1.21516426551567,0.5038286396782774,1.1389504034165263,0.9719550654892876,1.1827348724165325,1.1839217222941276
2024-10-23,1.0848568358063266,1.3087919170497986,1.2207958103651217,1.0472594545330176,1.138789374081787,0.9771129655191547,1.1825253807399225,1.1901855932667096
2024-10-24,0.7136579924062356,1.2270821466506363,1.2211815238733463,0.9818775336459032,1.1060974609129828,0.9546232902632784,1.1399947218857394,1.1628736207192873
2024-10-25,0.7736605124308829,1.116235941998047,1.2317967975260322,0.8931814358863777,1.0851015293156896,0.9421245004033509,1.11267999119135,1.1476948063679708
2024-10-28,0.6663149746093566,0.9074987143679771,1.2154756418869324,0.7261556220034795,1.0468338662118821,0.9218074510250902,1.0628955409448617,1.1230213200436767
2024-10-29,0.9465217638945227,1.1492473500055398,1.2163144011699738,0.9195962606518169,1.0033745890650887,0.8894012875102336,1.0063570422392114,1.0836665388734246
2024-10-30,1.065204039157426,1.2621298018976403,1.2131997997986266,1.0099217076956442,0.9872823553005226,0.8965961186665351,0.9854217944025805,1.0924041052806097
2024-10-31,0.9319975281456127,1.2399725332089306,1.2156931542380776,0.9921920680038087,0.9735878490291918,0.8912757311618352,0.9676058785399927,1.0859429058272274
2024-11-01,-1.1978113250742632,-0.8257155339005776,1.1408064169257928,-0.6607149603898831,0.857709380247765,0.8209637197993154,0.8168533790199942,1.000554401892053
2024-11-04,0.7285221729130563,0.486420561648894,1.1126659970818824,0.38922041420789344,0.8284115831626414,0.8039645942725296,0.7787383073638177,0.9799102776690298
2024-11-05,0.8383164729236043,0.8117493468191376,1.1006101003280229,0.649539599911051,0.8155305674463269,0.7955526763394813,0.761980704885884,0.9696946534305894
2024-11-06,1.0616889315103775,1.0950633895258286,1.0765352543946052,0.8762397391473662,0.8169724377871561,0.7919780886352521,0.7638565111521348,0.9653535929156869
2024-11-07,0.8881625415552122,0.9655242261589261,1.0605774486784756,0.7725860476773845,0.8048584889912471,0.7809682304345982,0.7480968270689321,0.9519829709966932
2024-11-08,0.6939447504339336,1.3481369574533701,1.0574918069566033,1.0787422785135512,0.7892600895411571,0.7786585174204519,0.7278040347120717,0.9491780030406394
2024-11-11,0.6645783176316863,1.107301152063437,1.0277443242731477,0.8860320616341445,0.7834951888773034,0.7719539658382258,0.7203041670170668,0.9410358432863011
2024-11-12,0.6379346087731093,0.5910322462551177,1.011668524916568,0.47292781974065945,0.7798078839966356,0.755386178043443,0.7155071548274989,0.9209155454040808
2024-11-13,0.5660205010262028,0.7667731146220719,0.9912408761738472,0.6135508504513024,0.7574506133698888,0.7369849667705889,0.6864213853582416,0.8985686963986825
2024-11-14,0.5976702186902247,1.2523933144199337,0.999001433276758,1.002130837021599,0.7386701024431948,0.7409327645579142,0.6619888139389378,0.9033629917170212
2024-11-18,0.6668142251980664,1.0796666423165386,1.0039052765527536,0.8639196836259886,0.7166516085485848,0.7487091260314929,0.6333437772450261,0.9128067817526162
2024-11-19,0.8043847696989461,1.0998777549304841,1.0061507164660415,0.8800920625166664,0.7062207117055694,0.7482063733591979,0.6197736654903921,0.91219622748593
2024-11-21,0.811808456672315,1.4292341922133196,1.0141626537205624,1.1436340651546886,0.7047003278858384,0.7639006295862255,0.6177957168389774,0.931255688787524
2024-11-22,0.7529399193303615,0.3336700691651815,0.9834693007836127,0.26699365275391373,0.6998661051301521,0.7526227730660177,0.6115066178258486,0.9175596036209227
2024-11-25,1.756751711763627,1.7321524421200805,0.9942492540334119,1.3860209541878519,0.7318610992233568,0.7687542730495813,0.6531306173695092,0.9371500636736848
2024-11-26,0.7408450270947358,1.1435201016069838,0.9895913352687954,0.9150134733074643,0.7331557199228094,0.7655702701763223,0.6548148586994574,0.9332833382507535
2024-11-27,0.9534473965475159,1.309792789020685,0.9990563330442114,1.04806032487813,0.7417170001188395,0.7729454553664058,0.6659526861337932,0.9422399306938163
2024-11-28,1.1091679925391227,0.7601548818386992,0.9827381388351849,0.608255121799256,0.7628052390678759,0.7673311458328713,0.6933875044004959,0.9354217856513457
2024-11-29,1.0331832170677617,0.9962856600340195,0.9776547948995931,0.7972005047511274,0.7669319749332683,0.761502776504267,0.6987561958675895,0.9283436815307677
2024-12-02,0.8914113881688105,0.8131171487794808,0.9755726602044352,0.6506340775864078,0.7586561344100009,0.7443938417371605,0.6879897121745343,0.9075662024716711
2024-12-03,1.0346332819838466,1.3658216125773568,0.9839976417707093,1.0928930553005125,0.7635435512594406,0.7491891268465274,0.6943480142301037,0.9133897056469724
2024-12-04,1.1540402998648152,1.5329877243840122,1.001185604592607,1.226654800606571,0.8755364857803491,0.839063877370168,0.8400456143550422,1.022535644442453
2024-12-05,1.1481407107418988,0.7661137680563066,1.0057343989095953,0.6130232593836803,0.8955183209150558,0.8497211557118722,0.8660410527072304,1.0354780853708878
2024-12-06,1.0525166822789755,1.2993246496496103,1.005418823329589,1.0396840063931876,0.9057183308843594,0.8682994607824502,0.8793107913754366,1.0580400011074294
2024-12-09,1.0085330635859473,1.347722827821443,1.009440179368616,1.078410903321828,0.9031870990784341,0.8779266590764723,0.8760177764985527,1.0697314894247727
2024-12-10,1.0716242347930673,1.3781182722007945,1.0181695903753742,1.1027325056226445,0.9119233701849985,0.8936479189786274,0.8873832589703924,1.0888237446029065
2024-12-11,0.8240005916695735,1.1754679198174351,1.0271018972236896,0.9405772426406487,0.9181165054819338,0.8870686315561083,0.8954402400100674,1.0808337084898465
2024-12-12,0.8767585260004365,1.3252868255648047,1.0329698797423317,1.0604582286612507,0.9282203249280647,0.89537463950978,0.9085848392804984,1.0909207132432868
2024-12-13,0.976198167762027,0.5484784445606917,1.0091815011644334,0.4388774328378535,0.9443281134513465,0.8937531925144081,0.9295403231349199,1.0889515911763452
2024-12-16,0.6969705432218866,0.9384022756632249,0.9991291592462431,0.7508838055470805,0.9505638297463792,0.9002928570427786,0.9376527000730973,1.096893508346605
2024-12-17,0.7971620939430917,0.7307324852945254,1.0510107598860798,0.5847121257320415,0.9600634428536585,0.8804157755527997,0.9500112549923597,1.0727543290209571
2024-12-18,0.7478603936997895,0.9731720780524142,1.0672358104328639,0.7787056493481969,0.9639227842108834,0.8763579643967144,0.9550320786382086,1.067826430968331
2024-12-19,0.8285918741713435,1.1546097181723365,1.0786644894779704,0.9238870808259081,0.9650755034714739,0.8784434414590592,0.9565317127946337,1.070359081690362
2024-12-20,1.270328687485516,0.8542216395104466,1.0706364311441243,0.6835247655414517,0.9869098001768644,0.8565334748108098,0.9849371175105653,1.043751120445765
2024-12-23,0.5847545245339448,0.6911577294590237,1.0614908812541277,0.5530454897529716,0.9789009718532254,0.870154990858384,0.974518004273123,1.0602933989852656
2024-12-24,0.5334203721066332,0.9669165309222674,1.048783533703091,0.7737001318247616,0.9206470985362257,0.8409968564601416,0.8987324239007782,1.0248830981624129
2024-12-26,0.5832947903787108,0.9420729891026018,1.0432759282710633,0.753821009929374,0.913144706311653,0.8333210248707087,0.8889721604788731,1.0155613939019457
2024-12-27,0.4484318379904741,0.9755599172093297,1.0560935173028703,0.7806163328574752,0.8890963463803653,0.8205855966792489,0.8576863624602917,1.0000952005849064
2024-12-30,1.4586044480832128,1.1869615709506627,1.07009979918049,0.9497741475569851,0.9057361775967505,0.836848407429617,0.8793340091183829,1.0198451274159717
