DATE,Top100_Liquidity_Index
2011-06-01,-1.5656415476376166
2011-06-02,-1.844496644925213
2011-06-03,-1.7695002498216599
2011-06-06,-1.7282013485973569
2011-06-07,-1.805363877131107
2011-06-08,-1.524640992425271
2011-06-09,-1.8931384429267197
2011-06-10,-1.6207717080854922
2011-06-13,-1.5852310203249047
2011-06-14,-1.4406421067688653
2011-06-15,-1.93157438287068
2011-06-16,-1.4028300948405148
2011-06-17,-1.338557570272273
2011-06-20,-1.6915413251847724
2011-06-21,-1.5955095228670637
2011-06-22,-1.9332852586237967
2011-06-23,-1.8077741116123667
2011-06-24,-1.8417165366226513
2011-06-27,-1.3808686311900373
2011-06-28,-1.2727502093908114
2011-06-29,-1.0304815826247327
2011-06-30,-0.29907346049406575
2011-07-01,-1.212232275052298
2011-07-04,-1.267244295571961
2011-07-05,-1.0715429340497538
2011-07-06,-1.47356383493136
2011-07-07,-1.1777626460034125
2011-07-08,-1.27241020007161
2011-07-11,-1.7119888953847167
2011-07-12,-1.5590527675772616
2011-07-13,-1.5911569071510094
2011-07-14,-1.1083292129665216
2011-07-15,-1.5437147991111775
2011-07-18,-1.6464582471227227
2011-07-19,-1.323365361317461
2011-07-20,-1.6631896564517883
2011-07-21,-1.6971362472708713
2011-07-22,-1.4248000413075073
2011-07-25,-1.4157018952077802
2011-07-26,-1.3341968265914983
2011-07-27,-1.327091415041569
2011-07-28,-0.6101409776913329
2011-07-29,-1.2937005163469613
2011-08-01,-1.3838379600970339
2011-08-02,-1.4791733660994695
2011-08-03,-1.3293436457117582
2011-08-04,-1.4354377989313776
2011-08-05,-1.22014878105997
2011-08-08,-1.1552856720323743
2011-08-09,-1.0743234582382337
2011-08-10,-1.5385590752743907
2011-08-11,-1.6824380577301228
2011-08-12,-1.3805127290530257
2011-08-16,-1.9742004717409698
2011-08-17,-1.7244292545826772
2011-08-18,-1.9530031990561938
2011-08-19,-1.5979686649634495
2011-08-22,-1.8727313250195883
2011-08-23,-1.7721307178796502
2011-08-24,-1.75687678143728
2011-08-25,-1.2539260360149946
2011-08-26,-2.3182702428246196
2011-08-29,-2.6272782277853923
2011-08-30,-1.652100714505504
2011-09-02,-1.6439653194398038
2011-09-05,-1.651066863634579
2011-09-06,-1.419737907432519
2011-09-07,-1.4387699161158458
2011-09-08,-1.4391079444719577
2011-09-09,-1.8404497545284648
2011-09-12,-2.43278215258991
2011-09-13,-1.629851990041633
2011-09-14,-1.83384179316092
2011-09-15,-1.876834779012818
2011-09-16,-1.2544789930112885
2011-09-19,-2.0993134586263995
2011-09-20,-2.043897046559933
2011-09-21,-1.7093468848642546
2011-09-22,-2.7507402640418688
2011-09-23,-1.6431694093781042
2011-09-26,-2.2977756558476767
2011-09-27,-2.336763211954848
2011-09-28,-2.0788998655647046
2011-09-29,-1.0878124251111427
2011-09-30,-2.0433001233805594
2011-10-03,-2.675696830204175
2011-10-04,-1.8406369154161462
2011-10-05,-1.9253981453208664
2011-10-07,-2.1618749064506955
2011-10-10,-1.9121631182656107
2011-10-11,-1.3742032303128218
2011-10-12,-1.9575734277026435
2011-10-13,-1.8800476287707644
2011-10-14,-1.922024221495715
2011-10-17,-2.1959216869674947
2011-10-18,-2.2806795921086014
2011-10-19,-2.1039688003648833
2011-10-20,-2.1405748131597027
2011-10-21,-2.0503104711700546
2011-10-24,-2.0214831105609283
2011-10-25,-1.2476736340639227
2011-10-26,-3.9478288339892456
2011-10-28,-1.875492961533336
2011-10-31,-1.7557000160784502
2011-11-01,-1.9927653477189082
2011-11-02,-1.7768370390986719
2011-11-03,-1.6275987212911336
2011-11-04,-1.511486765133566
2011-11-08,-2.013808828871303
2011-11-09,-2.0449544447135812
2011-11-11,-1.570679794472111
2011-11-14,-1.8606670772501859
2011-11-15,-2.2792405459350125
2011-11-16,-1.7802016363015132
2011-11-17,-2.0667565541303365
2011-11-18,-1.7802087243404694
2011-11-21,-2.638575647564766
2011-11-22,-1.883230581764445
2011-11-23,-2.1369784221942223
2011-11-24,-1.3135676968071268
2011-11-25,-2.2048579463865634
2011-11-28,-2.482133135141498
2011-11-29,-2.156019084624146
2011-11-30,-1.3607791836887173
2011-12-01,-1.9351080100646691
2011-12-02,-2.196339559789311
2011-12-05,-1.882088443932877
2011-12-07,-1.6325771982433979
2011-12-08,-2.148642283483239
2011-12-09,-1.9521234013234865
2011-12-12,-2.435704839964148
2011-12-13,-2.0015590818095954
2011-12-14,-1.9252606174646365
2011-12-15,-1.9910129729223545
2011-12-16,-2.110824529257405
2011-12-19,-2.2031472563978656
2011-12-20,-2.472195744688995
2011-12-21,-2.6024763801380817
2011-12-22,-2.1330202114781196
2011-12-23,-2.4798071359790437
2011-12-26,-2.6408035302573314
2011-12-27,-2.668398088623987
2011-12-28,-2.7015044746650685
2011-12-29,-1.7652924088916244
2011-12-30,-2.5576453082419963
2012-01-02,-2.789452428056412
2012-01-03,-3.111613035069147
2012-01-04,-2.0076844862050125
2012-01-05,-2.0714036016298127
2012-01-06,-1.910651532053617
2012-01-07,-4.823001020776868
2012-01-09,-2.382099974185159
2012-01-10,-2.2733820483147262
2012-01-11,-1.8694916784498323
2012-01-12,-1.7385370524819292
2012-01-13,-1.6726678384114833
2012-01-16,-2.1652469893101625
2012-01-17,-1.91810726725018
2012-01-18,-2.141279126342391
2012-01-19,-1.9165995898797994
2012-01-20,-1.6362054037179883
2012-01-23,-1.583079358681871
2012-01-24,-1.3890489155071581
2012-01-25,-0.9067844542936783
2012-01-27,-1.222901998615941
2012-01-30,-2.0856304445298104
2012-01-31,-1.6501069590929571
2012-02-01,-1.233512089926606
2012-02-02,-0.8654512243453545
2012-02-03,-1.1908254916495193
2012-02-06,-1.030055233638097
2012-02-07,-1.2507914283176433
2012-02-08,-1.0738013479735964
2012-02-09,-1.0861777519340983
2012-02-10,-0.9306576304824126
2012-02-13,-1.450204610376985
2012-02-14,-1.2466964438524581
2012-02-15,-0.8426885284721818
2012-02-16,-1.0957796428039444
2012-02-17,-0.5810957965521325
2012-02-21,-0.7178047668824908
2012-02-22,-1.4990474064990778
2012-02-23,-0.645365943625917
2012-02-24,-1.5494190561865397
2012-02-27,-1.834463792844129
2012-02-28,-2.0993497905157774
2012-02-29,-1.1214220945467426
2012-03-01,-1.686457726744893
2012-03-02,-1.196951859268885
2012-03-03,-4.3249212079292825
2012-03-05,-2.1721415486716884
2012-03-06,-1.4366459801870517
2012-03-07,-1.7099723965555027
2012-03-09,-2.046869780129967
2012-03-12,-1.5423246756065714
2012-03-13,-1.1834452226086747
2012-03-14,-0.9666030117524311
2012-03-15,-1.651607465725824
2012-03-16,-1.2443678799904652
2012-03-19,-1.8309066524592326
2012-03-20,-1.3853008761290677
2012-03-21,-1.286258991832222
2012-03-22,-1.719479105481166
2012-03-23,-1.5432174167575248
2012-03-26,-2.0579681930337927
2012-03-27,-1.1822528859588475
2012-03-28,-1.5953480497480714
2012-03-29,-0.7266406202035794
2012-03-30,-1.9316331153270958
2012-04-02,-1.9197316294299012
2012-04-03,-1.5056692761451917
2012-04-04,-1.789608365162765
2012-04-09,-2.7310991417099464
2012-04-10,-1.6949471746387301
2012-04-11,-1.624945025199205
2012-04-12,-1.6814985906571767
2012-04-13,-1.3633437081169528
2012-04-16,-2.1696008970120624
2012-04-17,-1.4584251067036211
2012-04-18,-1.2939641024917494
2012-04-19,-1.6095474622516877
2012-04-20,-1.441364504209501
2012-04-23,-2.1756356551326417
2012-04-24,-1.7125963561108521
2012-04-25,-1.4608714502358884
2012-04-26,-0.9963531055234145
2012-04-27,-1.7632473651159177
2012-04-28,-5.08455127848739
2012-04-30,-1.7369971520795409
2012-05-02,-1.8311685772075472
2012-05-03,-1.8562492896201648
2012-05-04,-1.4591708445242644
2012-05-07,-1.9453208942413474
2012-05-08,-1.7753310637980355
2012-05-09,-2.025107257429696
2012-05-10,-1.5354457175218628
2012-05-11,-2.0102810244489766
2012-05-14,-1.9599491544833245
2012-05-15,-1.839417613783932
2012-05-16,-1.9022886220613837
2012-05-17,-1.663759806438226
2012-05-18,-1.7214622463515223
2012-05-21,-2.0518158433246407
2012-05-22,-1.813240386013852
2012-05-23,-1.8548378573539932
2012-05-24,-1.9390775550565946
2012-05-25,-1.8940972192046073
2012-05-28,-2.3317516416784034
2012-05-29,-1.7600151475842092
2012-05-30,-2.280655448084798
2012-05-31,-0.9367125162900609
2012-06-01,-2.3869881792900234
2012-06-04,-1.9654084805777632
2012-06-05,-1.9885958649673317
2012-06-06,-1.9433223175082976
2012-06-07,-1.591449635433209
2012-06-08,-1.5479224461889194
2012-06-11,-1.6213678206335005
2012-06-12,-1.6697382551356388
2012-06-13,-1.5870906034894634
2012-06-14,-2.225459156495495
2012-06-15,-1.6284700824611884
2012-06-18,-2.082851364860857
2012-06-19,-1.762798818138337
2012-06-20,-1.6359789067981925
2012-06-21,-1.4135500419872462
2012-06-22,-1.622804888138499
2012-06-25,-1.6378896457324432
2012-06-26,-2.0876169001704814
2012-06-27,-1.6494487464146743
2012-06-28,-1.006103746943915
2012-06-29,-1.6573267518969945
2012-07-02,-1.6286664673633733
2012-07-03,-1.323068763244968
2012-07-04,-1.216516494948054
2012-07-05,-1.3090788603148915
2012-07-06,-1.785678713387916
2012-07-09,-2.1768451005606138
2012-07-10,-1.4483382992782596
2012-07-11,-1.603914678568711
2012-07-12,-1.8261549128944534
2012-07-13,-1.59305319836469
2012-07-16,-1.8815710820656584
2012-07-17,-1.7505613258836152
2012-07-18,-1.777873019796253
2012-07-19,-1.7736794882849582
2012-07-20,-1.802266628130588
2012-07-23,-2.225381490866164
2012-07-24,-1.5213390025593523
2012-07-25,-1.68852443819479
2012-07-26,-0.9828934031192692
2012-07-27,-1.707929602593958
2012-07-30,-2.1499844264963173
2012-07-31,-1.4558290205810804
2012-08-01,-1.6341081577208114
2012-08-02,-1.7207685965867556
2012-08-03,-1.7184347870227108
2012-08-06,-1.6660035755986202
2012-08-07,-1.215067865166773
2012-08-08,-1.3925824544462817
2012-08-09,-1.5983726105044922
2012-08-10,-1.4773728987102268
2012-08-13,-1.826198016522185
2012-08-14,-1.3686977525146526
2012-08-16,-1.755318507027222
2012-08-17,-1.463722260685224
2012-08-21,-1.699185105080831
2012-08-22,-1.7627035414918182
2012-08-23,-1.3976772671266589
2012-08-24,-1.920982832678786
2012-08-27,-2.1406850230433667
2012-08-28,-1.649063351130999
2012-08-29,-1.756267121602935
2012-08-30,-0.8084539263367816
2012-08-31,-1.558446066935439
2012-09-03,-1.8612483099196107
2012-09-04,-1.700301798160847
2012-09-05,-1.7440059238474033
2012-09-06,-1.6218590203105132
2012-09-07,-1.7856833799689202
2012-09-08,-4.523030476253696
2012-09-10,-1.8860144310549325
2012-09-11,-1.7019490043962429
2012-09-12,-1.464057484646964
2012-09-13,-1.6301634337814788
2012-09-14,-1.0636789860064753
2012-09-17,-1.120009239554752
2012-09-18,-0.9797889256464279
2012-09-20,-1.2326263046547992
2012-09-21,-0.7515237800051061
2012-09-24,-0.8362929442211177
2012-09-25,-0.7105137253285808
2012-09-26,-0.8514925459981221
2012-09-27,-0.2867338187495891
2012-09-28,-0.8218108313375021
2012-10-01,-1.0020363828206875
2012-10-03,-0.9186298590286017
2012-10-04,-0.5266880849306006
2012-10-05,-0.7266232933275169
2012-10-08,-1.3016964854939423
2012-10-09,-1.270774091150197
2012-10-10,-1.4650838103886763
2012-10-11,-1.0331777912966391
2012-10-12,-1.1042124136952438
2012-10-15,-1.7254708333052724
2012-10-16,-1.5801740611867534
2012-10-17,-1.3168051847286955
2012-10-18,-1.0910765078774007
2012-10-19,-1.2819667106643902
2012-10-22,-1.3722189842786217
2012-10-23,-1.4844371060428923
2012-10-25,-0.5990316196925733
2012-10-26,-1.7148492966652724
2012-10-29,-1.8380469643666217
2012-10-30,-1.4732112274332014
2012-10-31,-1.307298115918437
2012-11-01,-1.247100265856337
2012-11-02,-1.0060284375125468
2012-11-05,-1.5402868944671164
2012-11-06,-1.3525841480686838
2012-11-07,-1.2632688847019682
2012-11-08,-1.4187662934775258
2012-11-09,-1.6601948609479016
2012-11-12,-1.8393392395133012
2012-11-13,-3.804714549476607
2012-11-15,-1.746364973847839
2012-11-16,-1.491546382534261
2012-11-19,-1.6433032813205706
2012-11-20,-1.6085440306392953
2012-11-21,-1.5693019910515005
2012-11-22,-1.572992384083645
2012-11-23,-1.7177812331171436
2012-11-26,-1.791693611349821
2012-11-27,-1.1788739991030586
2012-11-29,-0.4595571083948714
2012-11-30,-0.8238063904576721
2012-12-03,-1.177319582300726
2012-12-04,-1.060891214686933
2012-12-05,-0.9379585346948217
2012-12-06,-0.9411854247763615
2012-12-07,-0.9637924892263943
2012-12-10,-1.0963024048631014
2012-12-11,-0.9730144209490664
2012-12-12,-1.1296356075128564
2012-12-13,-1.022691856727022
2012-12-14,-1.0523763337974261
2012-12-17,-1.2455114005140115
2012-12-18,-0.8408558548626902
2012-12-19,-0.9242880505427845
2012-12-20,-1.1294903417717472
2012-12-21,-1.2248369398053636
2012-12-24,-1.387004346396705
2012-12-26,-1.2574978939452317
2012-12-27,-0.11153597419190645
2012-12-28,-1.1771345744967074
2012-12-31,-1.0713009627740744
2013-01-01,-1.1978694783511892
2013-01-02,-0.9105184046815111
2013-01-03,-0.716350213838173
2013-01-04,-0.7884655253506524
2013-01-07,-0.8708265079132747
2013-01-08,-0.878301364916787
2013-01-09,-0.7727962128461748
2013-01-10,-0.8402775680454069
2013-01-11,-1.2922025107389556
2013-01-14,-1.3888079974588627
2013-01-15,-0.7004913324255455
2013-01-16,-1.1268131141860027
2013-01-17,-0.8211856027669162
2013-01-18,-0.7953281957885929
2013-01-21,-0.8753702619855169
2013-01-22,-0.995829101186749
2013-01-23,-1.099876521636922
2013-01-24,-1.2793181849034272
2013-01-25,-1.3259110124680866
2013-01-28,-1.0845100985553133
2013-01-29,-0.8643715476379603
2013-01-30,-0.9809877961201982
2013-01-31,-0.38459060999822614
2013-02-01,-1.0017888379643454
2013-02-04,-1.2668218603182229
2013-02-05,-1.1361382884522027
2013-02-06,-0.9183874624126325
2013-02-07,-1.2545978386243324
2013-02-08,-1.3826387082064755
2013-02-11,-1.2964705329275814
2013-02-12,-1.406196288691634
2013-02-13,-1.2618642754864582
2013-02-14,-1.3771278176619677
2013-02-15,-1.473841963210982
2013-02-18,-1.7074907232493128
2013-02-19,-1.9477657979685334
2013-02-20,-1.243635423748534
2013-02-21,-1.4161157612385116
2013-02-22,-1.4267080053621835
2013-02-25,-1.6671231827470692
2013-02-26,-1.741346984362664
2013-02-27,-1.204935246357953
2013-02-28,-0.7267640361739175
2013-03-01,-1.6145084748803673
2013-03-04,-1.6071377978382497
2013-03-05,-1.7229087634535856
2013-03-06,-1.160830435572029
2013-03-07,-1.5182323825818174
2013-03-08,-1.3137677936707854
2013-03-11,-1.5484412400857401
2013-03-12,-1.385879306237218
2013-03-13,-1.7735492510711295
2013-03-14,-1.387098255378474
2013-03-15,-1.025977701587724
2013-03-18,-1.7127236523368434
2013-03-19,-1.3093157719503805
2013-03-20,-1.752182965419446
2013-03-21,-1.6200762737272432
2013-03-22,-1.6895565659714353
2013-03-25,-1.6412806962668776
2013-03-26,-1.669405668140428
2013-03-28,-1.1205116381719562
2013-04-01,-2.1142552043584963
2013-04-02,-1.845997825331264
2013-04-03,-1.9200384369707006
2013-04-04,-2.0553669873515634
2013-04-05,-1.6887157746680699
2013-04-08,-1.9830271250526534
2013-04-09,-1.5260988180268433
2013-04-10,-1.6494935944539972
2013-04-11,-1.561466498657467
2013-04-12,-1.9484958824340224
2013-04-15,-1.934349749621596
2013-04-16,-1.7972374841999723
2013-04-17,-1.1563570521810518
2013-04-18,-1.5424499171748502
2013-04-22,-1.4295412927721018
2013-04-23,-1.6996352605130414
2013-04-25,-0.6277104702325482
2013-04-26,-1.7485259841495837
2013-04-29,-1.6821818678214353
2013-04-30,-1.1303238139830332
2013-05-02,-1.3438076682461209
2013-05-03,-1.4536597244663285
2013-05-06,-1.605242552931198
2013-05-07,-1.214001972025442
2013-05-08,-1.3432947915179514
2013-05-09,-1.1137355418465884
2013-05-10,-1.3721116647467384
2013-05-11,-3.7946701477367313
2013-05-13,-2.2235954184016387
2013-05-14,-1.4384542834722605
2013-05-15,-1.2364648135917047
2013-05-16,-0.9748521860104454
2013-05-17,-1.004384441856193
2013-05-20,-1.333709311462202
2013-05-21,-1.2683388892797776
2013-05-22,-1.5425657108041908
2013-05-23,-1.635931102258601
2013-05-24,-1.5848189811550142
2013-05-27,-1.9391735588444514
2013-05-28,-1.2011487105824534
2013-05-29,-1.4398985563677793
2013-05-30,-0.40564517897356084
2013-05-31,-1.6088101707653069
2013-06-03,-1.5580774664110222
2013-06-04,-1.3972811254029662
2013-06-05,-1.5441631261228874
2013-06-06,-1.5093440654534214
2013-06-07,-1.8530199260481919
2013-06-10,-1.9320726301944118
2013-06-11,-1.483649215769075
2013-06-12,-1.4377370297263574
2013-06-13,-1.825339800863882
2013-06-14,-1.9634518889887298
2013-06-17,-1.489304656944136
2013-06-18,-1.4806858961964828
2013-06-19,-1.367020616927512
2013-06-20,-1.8277556447082175
2013-06-21,-1.5167736566589531
2013-06-24,-1.96384080962966
2013-06-25,-1.737309397706163
2013-06-26,-1.7674190005929467
2013-06-27,-0.9808922972763826
2013-06-28,-1.887489790953968
2013-07-01,-2.092821401327767
2013-07-02,-1.6768103717400726
2013-07-03,-2.611276575004032
2013-07-04,-1.634725884968144
2013-07-05,-1.5836421764026034
2013-07-08,-1.9602689803236348
2013-07-09,-1.7422866271209472
2013-07-10,-1.6780183468288843
2013-07-11,-1.8963771799681524
2013-07-12,-1.611711249445284
2013-07-15,-1.8574907599228394
2013-07-16,-2.0482320623863424
2013-07-17,-1.2545825479678314
2013-07-18,-1.5094033739470487
2013-07-19,-1.6123222736877794
2013-07-22,-1.6357082952172772
2013-07-23,-1.2581546581136178
2013-07-24,-1.860186202604639
2013-07-25,-0.8874324544784084
2013-07-26,-1.590168586652131
2013-07-29,-1.9589389182135306
2013-07-30,-2.0600900842829577
2013-07-31,-1.5690708818304415
2013-08-01,-1.5679229071479461
2013-08-02,-1.674931737910916
2013-08-05,-2.017835055634128
2013-08-06,-2.002209467729671
2013-08-07,-1.9116798681035887
2013-08-08,-1.7698179959362865
2013-08-12,-1.7919509512411598
2013-08-13,-1.5182291010721032
2013-08-14,-1.5651434518908587
2013-08-16,-2.2467664598033354
2013-08-19,-1.9767087410403037
2013-08-20,-1.6930638737792625
2013-08-21,-1.5230917413189495
2013-08-22,-1.7553177283074206
2013-08-23,-1.4348970395269594
2013-08-26,-1.543844804624628
2013-08-27,-2.3444745533461977
2013-08-28,-1.3244706154758517
2013-08-29,-1.00350233550712
2013-08-30,-1.2771998374888252
2013-09-02,-2.025643996382606
2013-09-03,-2.3175287088863645
2013-09-04,-1.7223443574192312
2013-09-05,-1.6703639855437002
2013-09-06,-1.3056325817734726
2013-09-10,-1.5314633741509327
2013-09-11,-1.1791070472457312
2013-09-12,-1.4412979440863392
2013-09-13,-1.5430376728948259
2013-09-16,-1.2274642417662203
2013-09-17,-1.6271885237565216
2013-09-18,-1.587856482033548
2013-09-19,-1.3119755715514174
2013-09-20,-0.9065494862455831
2013-09-23,-1.7592289186142553
2013-09-24,-1.344644352582727
2013-09-25,-1.1071083926084087
2013-09-26,-0.7694556759815709
2013-09-27,-1.3712332906125957
2013-09-30,-1.8260504864870397
2013-10-01,-1.7933674711914378
2013-10-03,-1.5088082756066548
2013-10-04,-0.9521204372984821
2013-10-07,-1.3524602314166998
2013-10-08,-1.1945754840077514
2013-10-09,-1.2304777288393451
2013-10-10,-1.121595573638538
2013-10-11,-1.2436621061939581
2013-10-14,-1.353060481989774
2013-10-15,-1.4215322641481662
2013-10-17,-1.3332033158955554
2013-10-18,-1.3594221954933625
2013-10-21,-1.053986856002136
2013-10-22,-1.136204680113145
2013-10-23,-1.0722346857864518
2013-10-24,-0.862134871691228
2013-10-25,-1.5515551731395938
2013-10-28,-1.7114047967458343
2013-10-29,-1.2554444704507275
2013-10-30,-1.136220087168623
2013-10-31,-0.4738398385376736
2013-11-01,-1.1226744936092674
2013-11-03,-3.3014071835199736
2013-11-05,-1.2401539453715025
2013-11-06,-1.0694080224271982
2013-11-07,-1.2377825787094219
2013-11-08,-1.291678634070642
2013-11-11,-1.6086311364594867
2013-11-12,-1.2453546728694498
2013-11-13,-1.3640525020724248
2013-11-14,-1.4931266561771244
2013-11-18,-1.3556972477043725
2013-11-19,-1.1757489767897222
2013-11-20,-1.2713143488684837
2013-11-21,-1.6820782085237649
2013-11-22,-1.2986434161020408
2013-11-25,-1.5641330537548634
2013-11-26,-1.0716964674183513
2013-11-27,-1.4475424154453504
2013-11-28,-0.48083906971941404
2013-11-29,-1.1932528708107664
2013-12-02,-1.2033342703051404
2013-12-03,-1.0809756345063102
2013-12-04,-1.1342826458429955
2013-12-05,-0.9355488323303229
2013-12-06,-0.9420423513737785
2013-12-09,-0.8854786639386081
2013-12-10,-1.0726042253840946
2013-12-11,-1.3672434256332233
2013-12-12,-1.4776153842432977
2013-12-13,-1.7197154894980413
2013-12-16,-1.5091942272987955
2013-12-17,-1.0929496847527485
2013-12-18,-0.9907085224030362
2013-12-19,-1.0579746710538545
2013-12-20,-1.1201002360837975
2013-12-23,-1.0476139072508024
2013-12-24,-1.2360449525463033
2013-12-26,-0.36235920582174114
2013-12-27,-1.1774708329406878
2013-12-30,-1.357347579011826
2013-12-31,-1.2320701581943296
2014-01-01,-1.3857131986295297
2014-01-02,-1.2839763714915853
2014-01-03,-1.2314501518175593
2014-01-06,-1.0749959987277034
2014-01-07,-1.2136752587978445
2014-01-08,-1.0209712023859105
2014-01-09,-1.2266997182175512
2014-01-10,-1.1385533478209933
2014-01-13,-1.3374598404913005
2014-01-14,-1.5661256007583837
2014-01-15,-1.4277271192753809
2014-01-16,-1.2008244174566762
2014-01-17,-1.1325158200662462
2014-01-20,-1.3290458230650735
2014-01-21,-1.0472933782432123
2014-01-22,-1.008509050210788
2014-01-23,-1.110278790994602
2014-01-24,-1.49088526915298
2014-01-27,-1.645018508031266
2014-01-28,-0.8735393616894752
2014-01-29,-1.1791674565005172
2014-01-30,-0.43115475239448786
2014-01-31,-1.4791944971187097
2014-02-03,-1.4283726766962042
2014-02-04,-1.0257274248146926
2014-02-05,-0.9887978417510939
2014-02-06,-0.8341947533277804
2014-02-07,-1.1597565415577975
2014-02-10,-1.3162779763124017
2014-02-11,-1.413522401363217
2014-02-12,-1.1065174143048415
2014-02-13,-2.161617012520659
2014-02-14,-1.537483595791598
2014-02-17,-1.6417725809560697
2014-02-18,-1.2945050297090144
2014-02-19,-1.5450596446175051
2014-02-20,-1.4460984088901832
2014-02-21,-1.6453108988800917
2014-02-24,-1.4994073297833335
2014-02-25,-1.3970064081588272
2014-02-26,-0.5097760387107798
2014-02-28,-0.9390479866825191
2014-03-03,-1.3851541251677513
2014-03-04,-1.0661208557549515
2014-03-05,-1.0907901907942055
2014-03-06,-0.8352728069422931
2014-03-07,-0.514835090521789
2014-03-10,-0.5601783769211629
2014-03-11,-0.687145229891362
2014-03-12,-0.8866918272507722
2014-03-13,-0.8934850554200795
2014-03-14,-0.7197286053746915
2014-03-18,-0.9389010529342892
2014-03-19,-0.7881473195761115
2014-03-20,-1.1659790433610384
2014-03-21,-0.6110330036814354
2014-03-22,-3.506511622879161
2014-03-24,-0.9875102594421196
2014-03-25,-0.6942364919730609
2014-03-26,-0.8019549968312412
2014-03-27,0.1921106640380018
2014-03-28,-0.9739627113867613
2014-03-31,-0.7335315771357349
2014-04-01,-1.0530009678544032
2014-04-02,-0.7019469770515087
2014-04-03,-0.724923726949818
2014-04-04,-0.6098528183088118
2014-04-07,-0.6686944760413924
2014-04-09,-0.6441609891915661
2014-04-10,-0.3270439281221908
2014-04-11,-0.5713960483968522
2014-04-15,-1.0768183681917924
2014-04-16,-1.0297075605974566
2014-04-17,-0.7570547489383394
2014-04-21,-0.6878314325750069
2014-04-22,-0.7558167235745143
2014-04-23,0.04165905220471567
2014-04-25,-0.5818294344156314
2014-04-28,-0.559481465500937
2014-04-29,-0.8737626226402623
2014-04-30,-0.5509755506549106
2014-05-02,-0.9745726136786028
2014-05-05,-0.9687604650124858
2014-05-06,-1.0287319870766067
2014-05-07,-0.665559635580514
2014-05-08,-0.8222754432361353
2014-05-09,-0.7542271540808595
2014-05-12,-0.38234463040592226
2014-05-13,-0.22160585237827166
2014-05-14,-0.42549877096593225
2014-05-15,-0.36233214490233423
2014-05-16,0.3739921036277306
2014-05-19,-0.07575230920664228
2014-05-20,-0.11313893490950108
2014-05-21,-0.228523589309897
2014-05-22,-0.15903817111301963
2014-05-23,0.004801920730030135
2014-05-26,0.21668207307564827
2014-05-27,-0.3538120766500052
2014-05-28,-0.3673611146403472
2014-05-29,0.054522682160734234
2014-05-30,0.03574395193107724
2014-06-02,-0.6182153045433562
2014-06-03,-0.1732787448294248
2014-06-04,-0.03383213811405851
2014-06-05,0.06826504830531925
2014-06-06,0.20621861630103974
2014-06-09,0.15084467587778486
2014-06-10,-0.004745289426148973
2014-06-11,-0.05194164006611886
2014-06-12,-0.2006341398947027
2014-06-13,-0.5280130556235643
2014-06-16,-0.35664967437513173
2014-06-17,-0.3875198629442059
2014-06-18,-0.12153882693970626
2014-06-19,-0.501449823903008
2014-06-20,-0.5265804078050765
2014-06-23,-0.5245564522626953
2014-06-24,-0.2980293539436372
2014-06-25,-0.3144808248154359
2014-06-26,0.3770576632772564
2014-06-27,-0.2831239488001299
2014-06-30,-0.30006481001894697
2014-07-01,-0.04340298291716835
2014-07-02,-0.05518204635431414
2014-07-03,-0.026750766044936702
2014-07-04,-0.13435408101466323
2014-07-07,-0.06814417649476136
2014-07-08,-0.600166096142315
2014-07-09,-0.24387631103814614
2014-07-10,0.12498201617656493
2014-07-11,-0.4893945844727347
2014-07-14,-0.8157922207803291
2014-07-15,-0.7057836804733909
2014-07-16,-0.36732757267232
2014-07-17,-0.3690756637623756
2014-07-18,-0.35465324162114215
2014-07-21,-0.5016184217485758
2014-07-22,-0.2601923520718325
2014-07-23,-0.23588599171707986
2014-07-24,-0.3235284389140554
2014-07-25,-0.4303554223382504
2014-07-28,-0.557453821889551
2014-07-30,-0.1433896067876089
2014-07-31,0.41349750711644917
2014-08-01,-0.11250655662654056
2014-08-04,-0.24994064843442515
2014-08-05,-0.12539721513064023
2014-08-06,-0.13094539304934524
2014-08-07,-0.29207902732287705
2014-08-08,-0.7828538952477376
2014-08-11,-0.44969436511223027
2014-08-12,-0.4482098548531434
2014-08-13,-0.364027286879177
2014-08-14,-0.4503925539075949
2014-08-18,-0.5014755874396544
2014-08-19,-0.09516017196338995
2014-08-20,-0.18501144563369204
2014-08-21,-0.11188323386762025
2014-08-22,-0.2779557168149915
2014-08-25,-0.40295389970486983
2014-08-26,-0.35277063087628685
2014-08-27,-0.3864667341795779
2014-08-28,0.4020367291041214
2014-09-01,-0.5026304891305445
2014-09-02,0.12339914752326296
2014-09-03,0.28916433742863124
2014-09-04,-0.10972420360240466
2014-09-05,-0.06884446926288036
2014-09-08,-0.017686452004837667
2014-09-09,-0.01146696284597516
2014-09-10,-0.002931435387407533
2014-09-11,-0.04567528157944956
2014-09-12,0.05762960587383427
2014-09-15,-0.370879851874007
2014-09-16,-0.43563094932498025
2014-09-17,-0.17897034249879668
2014-09-18,-0.36501717548602297
2014-09-19,0.19762855436346924
2014-09-22,-0.3097545701302719
2014-09-23,-0.39898385082006005
2014-09-24,-0.1697230923833412
2014-09-25,0.31291952687058316
2014-09-26,-0.5071055157136525
2014-09-29,-0.534452479893983
2014-09-30,-0.013561557138499455
2014-10-01,-0.5336485715217715
2014-10-07,-0.731728019669877
2014-10-08,-0.30573395987311675
2014-10-09,-0.34222915992387515
2014-10-10,-0.6184356455685278
2014-10-13,-0.5220246055601017
2014-10-14,-0.3176466936916159
2014-10-16,-0.48946513426492116
2014-10-17,-0.2730197665104701
2014-10-20,-0.39831985344077186
2014-10-21,-0.22141222997163193
2014-10-22,-0.30250184108565875
2014-10-23,-2.2278085652328095
2014-10-27,-0.41396888856920466
2014-10-28,-0.32177978699227294
2014-10-29,-0.1308921043667534
2014-10-30,0.5353285981401373
2014-10-31,-0.036556235746279135
2014-11-03,-0.02576952940668809
2014-11-05,-0.049160009427253834
2014-11-07,-0.06048717832730592
2014-11-10,-0.22692340142836356
2014-11-11,-0.06371432200061848
2014-11-12,0.00229511837320195
2014-11-13,-0.11469931577806404
2014-11-14,-0.1503055828882011
2014-11-17,-0.10051253542603902
2014-11-18,-0.06443887420164617
2014-11-19,-0.2702617960405136
2014-11-20,-0.43935098507630826
2014-11-21,-0.16010845132633122
2014-11-24,-0.31753837840464194
2014-11-25,-0.06009596070878731
2014-11-26,-0.265106480667917
2014-11-27,0.48354368437380224
2014-11-28,0.1988608736761068
2014-12-01,-0.19184330448188183
2014-12-02,-0.18257531588088932
2014-12-03,0.029385599261556743
2014-12-04,-0.1663174826107383
2014-12-05,-0.1409874993639239
2014-12-08,-0.6685617664454626
2014-12-09,-0.3991906760114128
2014-12-10,-0.39053248634656057
2014-12-11,-0.39516975802133375
2014-12-12,-0.37345921667313053
2014-12-15,-0.5366952067566965
2014-12-16,-0.5351148201869578
2014-12-17,-0.13104439696954806
2014-12-18,-0.5865564443946489
2014-12-19,-0.07805139612033712
2014-12-22,-0.6078794601255688
2014-12-23,-0.3890684027895667
2014-12-24,0.8482511098665736
2014-12-26,-0.7668931010953308
2014-12-29,-0.7079987599229681
2014-12-30,-0.6365789696347092
2014-12-31,-0.2864734557046108
2015-01-01,-0.8185655768783257
2015-01-02,-0.3711865730339083
2015-01-05,-0.3145269586724411
2015-01-06,-0.5903217100153114
2015-01-07,-0.31199640240792204
2015-01-08,-0.4210373444455546
2015-01-09,-0.1715918078043178
2015-01-12,-0.49090572119165
2015-01-13,-0.31665992788993197
2015-01-14,-0.29424332185855845
2015-01-15,0.16034557067997915
2015-01-16,-0.051904826459748775
2015-01-19,-0.12361702308072896
2015-01-20,-0.041877679010451196
2015-01-21,-0.0593806178499731
2015-01-22,0.12600150108062946
2015-01-23,0.06825102775111139
2015-01-27,0.1238273999692131
2015-01-28,0.17152957758687767
2015-01-29,0.3858005323074486
2015-01-30,0.0035913598822586786
2015-02-02,-0.2059858691022823
2015-02-03,-0.13776701254652973
2015-02-04,-0.08739071417990414
2015-02-05,-0.16416684670648313
2015-02-06,-0.19481200133953386
2015-02-09,-0.7770783098294831
2015-02-10,-0.3231062686412387
2015-02-11,-0.47193886255394424
2015-02-12,-0.17189885523782134
2015-02-13,-0.022900089000371902
2015-02-16,-0.41913563872564585
2015-02-18,-0.2531257362826383
2015-02-19,-0.10984071492244257
2015-02-20,-0.275448081068561
2015-02-23,-0.3043646780288193
2015-02-24,-0.261694953843569
2015-02-25,-0.25343928192188403
2015-02-26,0.24903035258729725
2015-02-27,-0.39478043949918656
2015-02-28,-0.20380689521682618
2015-03-02,-0.13391094982328253
2015-03-03,-0.10375658481365213
2015-03-04,-0.12476715765886282
2015-03-05,-0.1784940709670863
2015-03-09,-0.5941811271965026
2015-03-10,-0.28107715156137375
2015-03-11,-0.18328833394102176
2015-03-12,-0.41652179500079267
2015-03-13,-0.39946667293709004
2015-03-16,-0.35637347618294063
2015-03-17,-0.19256741647563447
2015-03-18,-0.17162077430026126
2015-03-19,-0.23821702460564198
2015-03-20,-0.38313484504550727
2015-03-23,-0.7313049641235134
2015-03-24,-0.35573427994279344
2015-03-25,-0.3752801357757735
2015-03-26,0.3636163459697712
2015-03-27,-0.28535793107811364
2015-03-30,-0.7914804340985231
2015-03-31,-0.29445850656381484
2015-04-01,-0.6183219253140523
2015-04-06,-0.3277262425632627
2015-04-07,-0.18599847261712799
2015-04-08,-0.12040155368315074
2015-04-09,-0.19830935801676391
2015-04-10,-0.2930483497994393
2015-04-13,-0.32789483006393383
2015-04-15,-0.1895863502329147
2015-04-16,-0.26009150398642583
2015-04-17,-0.4422488966924998
2015-04-20,-0.5147132041177906
2015-04-21,-0.39418478601040685
2015-04-22,-0.045302005285789045
2015-04-23,-0.25982397524910855
2015-04-24,-0.4698897753620344
2015-04-27,-0.4053506233582733
2015-04-28,-0.3192942797771156
2015-04-29,-0.39405021983193816
2015-04-30,0.48022680185305133
2015-05-04,-0.8072253109720182
2015-05-05,-0.3251775835274703
2015-05-06,-0.539948553372867
2015-05-07,-0.4430989674842274
2015-05-08,-0.6299152281042723
2015-05-11,-0.568330152179315
2015-05-12,-0.6096357616883317
2015-05-14,-0.5159932007169332
2015-05-15,-0.5178376327922763
2015-05-18,-0.5397469005303518
2015-05-19,-0.2561938569190464
2015-05-20,-0.26214321773912463
2015-05-21,-0.48060726067323345
2015-05-22,-0.3980450719321255
2015-05-25,-0.5891054269028928
2015-05-26,-0.47999529362626087
2015-05-27,-0.3564358830503529
2015-05-28,0.4605400516000354
2015-05-29,0.31950390966971653
2015-06-01,-0.5018369960685573
2015-06-02,-0.7553433966800434
2015-06-03,-0.446574500336165
2015-06-04,-0.7305173198790121
2015-06-05,-0.5167057055580253
2015-06-08,-0.9835960555316587
2015-06-09,-0.7105837949074623
2015-06-10,-0.6622626876258506
2015-06-11,-0.7666759223975828
2015-06-12,-0.7099682719350614
2015-06-15,-0.8554195926003065
2015-06-16,-0.7011220438450365
2015-06-17,-0.4981597180770091
2015-06-18,-0.48378515878384687
2015-06-19,-0.5038704883312871
2015-06-22,-0.7327307614228618
2015-06-23,-0.4853553225516676
2015-06-24,-0.522243519263007
2015-06-25,0.44714083857940257
2015-06-26,-0.5044918739476278
2015-06-29,-0.7626043263715628
2015-06-30,-0.36806267545437404
2015-07-01,-0.5219376417640085
2015-07-02,-0.5009859319935258
2015-07-03,-0.5582883040614331
2015-07-06,-0.38843687214894906
2015-07-07,-0.27923218753218715
2015-07-08,-0.6347323270231796
2015-07-09,-0.6022276857362475
2015-07-10,-0.7200295652946104
2015-07-13,-0.7271627066479748
2015-07-14,-0.4611879336635258
2015-07-15,-0.4903236052075817
2015-07-16,-0.5638577455155264
2015-07-17,-0.39907610773406654
2015-07-20,-0.6747706484797531
2015-07-21,-0.7472857737859991
2015-07-22,-0.6661009862913781
2015-07-23,-0.4653904907700172
2015-07-24,-0.6876135604185654
2015-07-27,-0.9787580451668669
2015-07-28,-0.528498863193021
2015-07-29,-0.29759887755040326
2015-07-30,0.28628456371294936
2015-07-31,-0.03431960717856722
2015-08-03,-0.46681089494741645
2015-08-04,-0.28147440743350766
2015-08-06,-0.13581125048240156
2015-08-07,-0.3643767966994379
2015-08-10,-0.4411756458084527
2015-08-11,-0.47647601306830395
2015-08-12,-0.4983026648745163
2015-08-13,-0.2543591693242796
2015-08-14,-0.814076318305102
2015-08-17,-0.6896131153517772
2015-08-18,-0.5568070661071784
2015-08-19,-0.5095481102993493
2015-08-20,-0.4426486363221815
2015-08-21,-0.32293339994368836
2015-08-24,-0.7823901718900824
2015-08-25,-0.13094699432185394
2015-08-26,-0.3842393708492711
2015-08-27,0.06232501012374956
2015-08-28,-0.4516591241625312
2015-08-31,-0.418851370757361
2015-09-01,-0.7457271134390199
2015-09-02,-0.5593009051246379
2015-09-03,-0.7806646184972549
2015-09-04,-0.8733543510201496
2015-09-07,-1.0598580831612556
2015-09-08,-0.9267806628733298
2015-09-09,-0.7684253984376553
2015-09-10,-0.577919274095374
2015-09-11,-0.6769002203786663
2015-09-14,-0.9626036214826045
2015-09-15,-0.6999579931036695
2015-09-16,-0.6032472612162247
2015-09-18,-0.06307909966025142
2015-09-21,-0.839584487439848
2015-09-22,-0.8182221488625403
2015-09-23,-0.8216093737662363
2015-09-24,-0.006720333308195966
2015-09-28,-1.0352578588127792
2015-09-29,-0.467670310286706
2015-09-30,-0.7294631133958899
2015-10-01,-0.686845181144676
2015-10-05,-0.7481755826759466
2015-10-06,-0.3227676012545411
2015-10-07,-0.6471808141058312
2015-10-08,-0.6101258461064217
2015-10-09,-0.4779098534694243
2015-10-12,-0.5825509274353288
2015-10-13,-0.6933585530109593
2015-10-14,-0.5906833836114207
2015-10-15,-0.5779439108798373
2015-10-16,-0.33781316553334506
2015-10-19,-0.44783078756232847
2015-10-20,-0.21690776486968277
2015-10-21,-0.5072285331115681
2015-10-23,-0.5951321300262024
2015-10-26,-0.7880214294150115
2015-10-27,-0.5830104016501899
2015-10-28,-0.3990482103382418
2015-10-29,0.10601440681722733
2015-10-30,-0.27162963852043553
2015-11-02,-0.7923272371424398
2015-11-03,-0.6155970687392865
2015-11-04,-0.5078803703870947
2015-11-05,-0.849983165920536
2015-11-06,-0.49317676940214844
2015-11-09,-0.48644943057356665
2015-11-10,-0.8325234136982301
2015-11-11,-3.4995492225672686
2015-11-13,-0.9594942762482429
2015-11-16,-0.7060592109307376
2015-11-17,-0.6661139297276861
2015-11-18,-0.9155665002660814
2015-11-19,-0.8387786879684893
2015-11-20,-0.3880541003575203
2015-11-23,-0.6668650810085455
2015-11-24,-0.4579743492538104
2015-11-26,0.2201881204384075
2015-11-27,-0.451215636081525
2015-11-30,-0.03426950170308021
2015-12-01,-0.6961397264546567
2015-12-02,-0.42230575769707573
2015-12-03,-0.6736102330367792
2015-12-04,-0.6412224342567996
2015-12-07,-0.7211617163184442
2015-12-08,-0.8840281285077048
2015-12-09,-0.7326848486031131
2015-12-10,-0.8257644863294831
2015-12-11,-0.6666392375067457
2015-12-14,-0.7236317307941261
2015-12-15,-0.8673895269995853
2015-12-16,-0.493982609454419
2015-12-17,-0.6117335495380304
2015-12-18,-0.1498080300916846
2015-12-21,-0.8350011439075565
2015-12-22,-0.7636260887860078
2015-12-23,-0.7602665278004587
2015-12-24,-0.7875918432310546
2015-12-28,-0.514895668512169
2015-12-29,-0.509357565563147
2015-12-30,-0.6211401074784415
2015-12-31,0.2946528609161255
2016-01-01,-0.9466818566595242
2016-01-04,-0.9663292449091226
2016-01-05,-0.5736779356030418
2016-01-06,-0.49738814523562525
2016-01-07,-0.9827022505603161
2016-01-08,-0.7219672062541431
2016-01-11,-0.6979392152633124
2016-01-12,-0.7506550664522778
2016-01-13,-0.3043009296744741
2016-01-14,-0.5098994938438474
2016-01-15,-1.183232769316105
2016-01-18,-0.7121549438034536
2016-01-19,-0.7890133996109432
2016-01-20,-0.8960228049919322
2016-01-21,-0.5345588312876369
2016-01-22,-1.0983650204071036
2016-01-25,-0.935434789828651
2016-01-27,-0.5097983221149942
2016-01-28,0.2327895258169891
2016-01-29,-0.24898274766801398
2016-02-01,-0.6850975256852218
2016-02-02,-0.8557354601771171
2016-02-03,-0.8904042342011568
2016-02-04,-0.8256524745495011
2016-02-05,-1.0736258623603965
2016-02-08,-0.7439126114334177
2016-02-09,-0.9452422018235733
2016-02-10,-0.5952553200096956
2016-02-11,-0.9611316828512867
2016-02-12,-0.5750746887558523
2016-02-15,-1.2583926150605895
2016-02-16,-1.1656223094423197
2016-02-17,-0.7594365150007472
2016-02-18,-0.733526215334896
2016-02-19,-1.1527030253688195
2016-02-22,-1.1079666604722933
2016-02-23,-1.2956823335341192
2016-02-24,-1.0020503807308472
2016-02-25,-0.25434913036851275
2016-02-26,-0.7423517172488177
2016-02-29,-0.3530839785893402
2016-03-01,-1.2674722395994271
2016-03-02,-0.6152913829708735
2016-03-03,-0.6051048098876762
2016-03-04,-0.4199339127593212
2016-03-08,-0.6670239288777843
2016-03-09,-0.4321169945964158
2016-03-10,-0.4758376114873273
2016-03-11,-0.46745353533288736
2016-03-14,-0.7376989844569348
2016-03-15,-0.5910393235043867
2016-03-16,-0.5094081195572173
2016-03-17,-0.4126703948015494
2016-03-18,-0.3235427104668023
2016-03-21,-0.8079833008605022
2016-03-22,-0.35346239356997183
2016-03-23,-0.579368469655807
2016-03-28,-0.7450547392868998
2016-03-29,-0.3421027931123466
2016-03-30,-0.5853186699519752
2016-03-31,0.44528599302922917
2016-04-01,-0.7031606572801751
2016-04-04,-0.658823788910045
2016-04-05,-0.8605687081990899
2016-04-06,-0.5708922672469788
2016-04-07,-0.5652382460042822
2016-04-08,-0.8461683560181426
2016-04-11,-0.7089619384890378
2016-04-12,-0.5883288700516149
2016-04-13,-0.3143311722450313
2016-04-18,-0.6636996561202869
2016-04-20,-0.39874031814472183
2016-04-21,-0.42056765851220157
2016-04-22,-0.3119284179101359
2016-04-25,-0.6391118694927451
2016-04-26,-0.32722639344038673
2016-04-27,-0.4132720024672938
2016-04-28,0.01935544386771991
2016-04-29,-0.439646748987126
2016-05-02,-0.5379463678822146
2016-05-03,-0.3461300273379021
2016-05-04,-0.8226462477730953
2016-05-05,-0.4901673698536659
2016-05-06,-0.7334697915027317
2016-05-09,-0.5368344899518964
2016-05-10,-0.6171463415146138
2016-05-11,-0.3036704809464369
2016-05-12,-0.5139015892425858
2016-05-13,-0.4448767658463289
2016-05-16,-0.536619759501373
2016-05-17,-0.3089282100994274
2016-05-18,-0.548370388244437
2016-05-19,-0.7190138847908147
2016-05-20,-0.740747567478585
2016-05-23,-0.6289154082845361
2016-05-24,-0.6435462521570752
2016-05-25,-0.6587896104947378
2016-05-26,-0.05763889450028735
2016-05-27,-0.27433916473373227
2016-05-30,-0.4203400265607283
2016-05-31,0.3252673773069834
2016-06-01,-0.389897278104267
2016-06-02,-0.5556521191930731
2016-06-03,-0.2909475934533891
2016-06-06,-0.45702713200410383
2016-06-07,-0.34300755927362736
2016-06-08,-0.431987025354118
2016-06-09,-0.2774441290869504
2016-06-10,-0.18329084827090508
2016-06-13,-0.4688244966271791
2016-06-14,-0.515944671131137
2016-06-15,-0.35389062490532164
2016-06-16,-0.37754063717758235
2016-06-17,-0.2773001530413987
2016-06-20,-0.3472209508982813
2016-06-21,-0.3883494205910013
2016-06-22,-0.3362636304430131
2016-06-23,-0.42146035909121765
2016-06-24,-0.060996833368089594
2016-06-27,-0.49311175061576473
2016-06-28,-0.31504863265358646
2016-06-29,-0.14299786032349165
2016-06-30,0.5292127973160093
2016-07-01,-0.08966617835154993
2016-07-04,-0.1449611216615432
2016-07-05,-0.11063377834070146
2016-07-07,-0.22867459352882777
2016-07-08,-0.2103985518065404
2016-07-11,-0.21702259693388845
2016-07-12,-0.05044389830863028
2016-07-13,0.024640842794677067
2016-07-14,-0.14888329692603625
2016-07-15,0.012224959965216041
2016-07-18,-0.2658720013096266
2016-07-19,-0.00718797525959817
2016-07-20,-0.02579014295735338
2016-07-21,-0.12226587937001629
2016-07-22,-0.017495598052805813
2016-07-25,0.013658073762308012
2016-07-26,0.08869908558940418
2016-07-27,0.27664510119136193
2016-07-28,0.7740569437972084
2016-07-29,0.102943453929739
2016-08-01,0.2719745183864682
2016-08-02,-0.08091308405628703
2016-08-03,-0.05131140358773303
2016-08-04,-0.08324866405136969
2016-08-05,-0.08764890301550662
2016-08-08,0.026862816742283614
2016-08-09,0.1643871367967348
2016-08-10,-0.05847998842940721
2016-08-11,0.20188167450084277
2016-08-12,0.10872919827866676
2016-08-16,0.0003158583514091556
2016-08-17,-0.21334158899135083
2016-08-18,0.01572933008482321
2016-08-19,0.1451382615617272
2016-08-22,-0.19867560454188615
2016-08-23,-0.0021336653654530336
2016-08-24,0.05301581440838168
2016-08-25,0.689352789605906
2016-08-26,-0.2279565693490351
2016-08-29,-0.3024095895114727
2016-08-30,-0.026184400585386874
2016-08-31,0.443869576018637
2016-09-01,0.020014848352131555
2016-09-02,-0.056497092937831936
2016-09-06,-0.040376146792058094
2016-09-07,0.23045913909464452
2016-09-08,0.30075972801803635
2016-09-09,0.004346632350630714
2016-09-12,-0.5497090091300109
2016-09-14,-0.12150144663056063
2016-09-15,0.07680037158774974
2016-09-16,0.6741756445545115
2016-09-19,0.03202654744580104
2016-09-20,-0.12492890254235757
2016-09-21,-0.0418773896264625
2016-09-22,0.03210824474305391
2016-09-23,0.3238177659814233
2016-09-26,0.14126880487483023
2016-09-27,-0.01644613222335899
2016-09-28,0.1762145592249856
2016-09-29,0.7634165156142754
2016-09-30,-0.12652304473616077
2016-10-03,-0.32970231749528495
2016-10-04,0.2203592697025333
2016-10-05,0.21240662349710238
2016-10-06,0.09818412547126272
2016-10-07,0.08845506966310315
2016-10-10,-0.07447668150411517
2016-10-13,-0.10432546160188293
2016-10-14,-0.04304139265209258
2016-10-17,-0.24666320184264456
2016-10-18,-0.13679532357137492
2016-10-19,0.21239482242095767
2016-10-20,-0.04286843040951667
2016-10-21,0.09510792729589193
2016-10-24,-0.02556108596874883
2016-10-25,0.017215056734688598
2016-10-26,-0.002491273961580841
2016-10-27,0.6264257681175713
2016-10-28,0.20021926328768913
2016-10-30,-1.8945797297401394
2016-11-01,-0.1014707107573783
2016-11-02,-0.508701649201069
2016-11-03,-0.23306844935471488
2016-11-04,0.024217052174285807
2016-11-07,-0.2971713965058094
2016-11-08,-0.08885158327657082
2016-11-09,0.5801951747365646
2016-11-10,0.09156020318747224
2016-11-11,-0.2759748904581351
2016-11-15,0.09291721675619366
2016-11-16,0.06440932937310453
2016-11-17,-0.2563452188994023
2016-11-18,-0.33873086603167324
2016-11-21,-0.47884335243162346
2016-11-22,-0.30187355167274355
2016-11-23,-0.18119369414796618
2016-11-24,0.4689817283650167
2016-11-25,-0.5548482959227797
2016-11-28,-0.4110092142188204
2016-11-29,-0.3232677603040751
2016-11-30,0.07924864987730591
2016-12-01,-0.3350117844749091
2016-12-02,-0.38005974547680615
2016-12-05,-0.6242711360353687
2016-12-06,-0.5627423260405733
2016-12-07,-0.2172792460058925
2016-12-08,-0.6011860546567613
2016-12-09,-0.23118860715331238
2016-12-12,-0.9122326652319853
2016-12-13,-0.45810187857876955
2016-12-14,-0.655051329371076
2016-12-15,-0.3603859194823001
2016-12-16,-0.2506480615479767
2016-12-19,-0.4435163450292985
2016-12-20,-0.5828453575615665
2016-12-21,-0.5992960579273015
2016-12-22,-0.8592911558545543
2016-12-23,-0.49525529205831714
2016-12-26,-1.217371077761115
2016-12-27,-0.9908055166174754
2016-12-28,-0.4212150045102099
2016-12-29,-0.05341974957953256
2016-12-30,-0.5752513239511942
2017-01-02,-0.41761132244513444
2017-01-03,-0.2996235225505002
2017-01-04,-0.38021202034543955
2017-01-05,-0.3983151977996649
2017-01-06,-0.18963284923946935
2017-01-09,-0.5987712905830946
2017-01-10,-0.30775342694992563
2017-01-11,-0.11815302174883273
2017-01-12,-0.014602045981449091
2017-01-13,-0.1916323305297791
2017-01-16,-0.4239312864757486
2017-01-17,-0.18026922132641704
2017-01-18,0.00879733200125854
2017-01-19,0.08218939351993364
2017-01-20,-0.17314155961754177
2017-01-23,-0.11537095367162513
2017-01-24,-0.08192732228648839
2017-01-25,0.7027702406184807
2017-01-27,0.2315890748611174
2017-01-30,0.05064808470749491
2017-01-31,0.1092231382421785
2017-02-01,0.18560307983698338
2017-02-02,0.25787229528654204
2017-02-03,0.27913394190411867
2017-02-06,0.2903177961631201
2017-02-07,0.33991349527568754
2017-02-08,0.3912835622302619
2017-02-09,0.3977023856916389
2017-02-10,0.2875541129383109
2017-02-13,0.005710769091879624
2017-02-14,-0.017094749420106102
2017-02-15,-0.020874700229478148
2017-02-16,0.09153130057597877
2017-02-17,0.1355817987045333
2017-02-20,0.2302903209130032
2017-02-21,0.28179340153287147
2017-02-22,0.027746919776597725
2017-02-23,0.8464521533258584
2017-02-27,0.1744177136553103
2017-02-28,0.27644504625958777
2017-03-01,0.4399815554657161
2017-03-02,0.2928832273003977
2017-03-03,0.029226959977512405
2017-03-06,0.02974539288319918
2017-03-07,0.13320011259320244
2017-03-08,0.20892429635799142
2017-03-09,0.029142247476678308
2017-03-10,-0.05166993728851924
2017-03-14,0.2054444222453497
2017-03-15,0.35863564452380314
2017-03-16,0.27336382972726286
2017-03-17,0.539845166981782
2017-03-20,0.2524128464260758
2017-03-21,0.3552200271209669
2017-03-22,0.06490640836174932
2017-03-23,0.1925106227482459
2017-03-24,0.30487291146422174
2017-03-27,0.2701379557939315
2017-03-28,0.22786689312946629
2017-03-29,0.42800464753648515
2017-03-30,0.9466066226426022
2017-03-31,0.30532158186027203
2017-04-03,0.18759939333320683
2017-04-05,0.20099764666787912
2017-04-06,0.39750688136122025
2017-04-07,0.470040472511692
2017-04-10,0.18695265133662034
2017-04-11,0.3185326427779521
2017-04-12,0.41240538499244545
2017-04-13,0.2290394656798803
2017-04-17,0.09356238778097759
2017-04-18,0.3841010046031287
2017-04-19,0.10002534856838213
2017-04-20,0.12591891444810058
2017-04-21,0.23548398227548076
2017-04-24,0.35839963998482544
2017-04-25,0.42297725248436135
2017-04-26,0.5017869144078937
2017-04-27,0.7344221384145583
2017-04-28,0.3652441717799252
2017-05-02,0.1254591368905361
2017-05-03,0.24777214570914266
2017-05-04,0.25092471843506803
2017-05-05,0.3275196707469385
2017-05-08,0.20930575035080412
2017-05-09,0.2950823285738393
2017-05-10,0.3078299278383774
2017-05-11,0.3903096103218887
2017-05-12,0.24035186074985476
2017-05-15,0.21867667938973398
2017-05-16,0.42013136986757077
2017-05-17,0.254928411483318
2017-05-18,0.21992506912678395
2017-05-19,0.2620929141485772
2017-05-22,-0.028651912670199103
2017-05-23,0.2823544539319256
2017-05-24,0.1706962807199158
2017-05-25,0.8417245715931655
2017-05-26,0.35641021567633135
2017-05-29,0.1916808066507679
2017-05-30,0.30630284149210835
2017-05-31,0.5197904609330942
2017-06-01,0.32817635052686495
2017-06-02,0.33193863092136705
2017-06-05,0.13086951144925515
2017-06-06,0.07387662006218966
2017-06-07,0.1645205225947208
2017-06-08,0.3444380768157511
2017-06-09,0.20446773704252136
2017-06-12,0.13178407983037643
2017-06-13,0.06160131793259219
2017-06-14,0.20168307094869228
2017-06-15,0.13423292123351066
2017-06-16,0.42084783910886925
2017-06-19,0.044120184853425115
2017-06-20,0.014036964439770127
2017-06-21,0.031003810206942973
2017-06-22,0.15063254657821243
2017-06-23,-0.00607757377677477
2017-06-27,0.022388733901519946
2017-06-28,0.1380120641373232
2017-06-29,0.8472851873857185
2017-06-30,0.09132019670497155
2017-07-03,0.15242172070530857
2017-07-04,0.23887929385603845
2017-07-05,0.18621545339703335
2017-07-06,0.310573513865885
2017-07-07,0.2311459812810487
2017-07-10,-1.1187298200535967
2017-07-11,0.20562802641992065
2017-07-12,0.17486475735590626
2017-07-13,0.2063104804933318
2017-07-14,0.363680481980901
2017-07-17,0.36829012068586253
2017-07-18,0.4016747957703018
2017-07-19,0.40145807254048105
2017-07-20,0.29177550928340945
2017-07-21,0.4621592428795033
2017-07-24,0.33428210825004007
2017-07-25,0.3331714667679487
2017-07-26,0.605822760412075
2017-07-27,1.0735272569955419
2017-07-28,0.3685526090341031
2017-07-31,0.6049752820654699
2017-08-01,0.5192118398175332
2017-08-02,0.3447069505118975
2017-08-03,0.5065658617245282
2017-08-04,0.5374412534095674
2017-08-07,0.2525456782299923
2017-08-08,0.28483162045376964
2017-08-09,0.24928816310474042
2017-08-10,0.38140828496010665
2017-08-11,0.48752067565377794
2017-08-14,-0.06998362536602853
2017-08-16,0.3514388166430496
2017-08-17,0.20183497574337905
2017-08-18,0.15264842536605716
2017-08-21,0.05595372595092291
2017-08-22,0.15205147802285104
2017-08-23,0.014281250052872153
2017-08-24,0.29326323366006507
2017-08-28,-0.02383214897383693
2017-08-29,0.2047564914074816
2017-08-30,0.10450295975830862
2017-08-31,0.8683045118690762
2017-09-01,0.3434551366197529
2017-09-04,0.13174841562235518
2017-09-05,0.31454086484736643
2017-09-06,0.28889140081354586
2017-09-07,0.2243212026287904
2017-09-08,0.19541247070132647
2017-09-11,0.26891825761265115
2017-09-12,0.452226802357963
2017-09-13,0.5271056185744212
2017-09-14,0.39686888737033743
2017-09-15,0.7691269036841314
2017-09-18,0.30000401693638906
2017-09-19,0.4394813175448076
2017-09-20,0.36796186658868185
2017-09-21,0.3680332370912667
2017-09-22,0.3099042129192937
2017-09-25,0.3555489819062493
2017-09-26,0.21601793784951742
2017-09-27,0.13167537953595682
2017-09-28,0.8469205045130158
2017-09-29,0.29933913452362837
2017-10-03,0.09083213459636763
2017-10-04,0.17626292463100163
2017-10-05,0.24849141307549963
2017-10-06,0.4170480083894974
2017-10-09,0.35261654789225433
2017-10-10,0.2204329497742335
2017-10-11,0.3977301786181858
2017-10-12,0.38814990394864013
2017-10-13,0.44542335116221404
2017-10-16,0.34693196533974596
2017-10-17,0.5506830139656461
2017-10-18,0.4700424100485958
2017-10-19,-1.8179826352955888
2017-10-23,0.20564510906778954
2017-10-24,0.24420732303981887
2017-10-25,0.7240107125778141
2017-10-26,1.234857269219288
2017-10-27,0.6863046547254442
2017-10-30,0.6306512379430762
2017-10-31,0.608810576993906
2017-11-01,0.7539639048147514
2017-11-02,0.6515773614886076
2017-11-03,0.6086318483725918
2017-11-06,0.4927952746354491
2017-11-07,0.7445599562767125
2017-11-08,0.5003803127267613
2017-11-09,0.49664940804981833
2017-11-10,0.6970304663634258
2017-11-13,0.29885068203392884
2017-11-14,0.30288177306361075
2017-11-15,0.41250186426698887
2017-11-16,0.15807410995533036
2017-11-17,0.5506291243544834
2017-11-20,0.3618549191782081
2017-11-21,0.4872387814539416
2017-11-22,0.47991840322425156
2017-11-23,0.5254532526821752
2017-11-24,0.4646034795140482
2017-11-27,0.43741348478420083
2017-11-28,0.49990370260677647
2017-11-29,0.3864720062364941
2017-11-30,1.0012684436037445
2017-12-01,0.39683826460129795
2017-12-04,0.2824118036897914
2017-12-05,0.34547252199066
2017-12-06,0.20053097585673357
2017-12-07,0.1683239497521491
2017-12-08,0.403167767617946
2017-12-11,0.19931639978198934
2017-12-12,0.3350641384460145
2017-12-13,0.5617634568492781
2017-12-14,0.4886662240617237
2017-12-15,0.39390532497622033
2017-12-18,0.6566851725775984
2017-12-19,0.4768203871908765
2017-12-20,0.383199843756691
2017-12-21,0.5052081224870665
2017-12-22,0.5395849105723055
2017-12-26,0.5495595988974925
2017-12-27,0.5046876921079172
2017-12-28,1.2656940560503793
2017-12-29,0.5175949018688621
2018-01-01,0.5393928061948332
2018-01-02,0.4684037319633474
2018-01-03,0.4751827604210645
2018-01-04,0.5862397706441224
2018-01-05,0.6360893015976767
2018-01-08,0.4772277817306717
2018-01-09,0.5661177597887971
2018-01-10,0.6343766035100274
2018-01-11,0.42606589295302183
2018-01-12,0.6433036673463207
2018-01-15,0.4780346391495555
2018-01-16,0.4298129944635785
2018-01-17,0.544147526714048
2018-01-18,0.5984805266806542
2018-01-19,0.4683029330766887
2018-01-22,0.49488615817311904
2018-01-23,0.7664177648517285
2018-01-24,0.8022057785687663
2018-01-25,1.348374821123605
2018-01-29,0.55239715366991
2018-01-30,0.6027545218981868
2018-01-31,0.6536654554344967
2018-02-01,0.8435207812615908
2018-02-02,0.6891462645950915
2018-02-05,0.49384442939312456
2018-02-06,0.5725861402660215
2018-02-07,0.5839733970240172
2018-02-08,0.5159411490025809
2018-02-09,0.4669889149700177
2018-02-12,0.4849428866710211
2018-02-14,0.37950133809376857
2018-02-15,0.45563310957319025
2018-02-16,0.5146548414685994
2018-02-19,0.23007754187424034
2018-02-20,0.357737536447587
2018-02-21,0.49828224669017107
2018-02-22,1.0391746083115887
2018-02-23,0.3263554178877131
2018-02-26,0.3869317123901986
2018-02-27,0.5085897688384369
2018-02-28,0.5427097255536169
2018-03-01,0.4071174657907262
2018-03-05,0.267170138291675
2018-03-06,0.4587180956303885
2018-03-07,0.4379887940965151
2018-03-08,0.5107333201069266
2018-03-09,0.28525041485760827
2018-03-12,0.3561464285842434
2018-03-13,0.6087300571387531
2018-03-14,0.5002192817356228
2018-03-15,0.5378792187367561
2018-03-16,0.7678664561805181
2018-03-19,0.27496490534173185
2018-03-20,0.39646922963837844
2018-03-21,0.36838585520951056
2018-03-22,0.2687030715085295
2018-03-23,0.5324003992602554
2018-03-26,0.44167131635689494
2018-03-27,0.5923482902431589
2018-03-28,0.9662065696028298
2018-04-02,-0.232629152124546
2018-04-03,0.32181366315562293
2018-04-04,0.3432149029772033
2018-04-05,0.2700889093907511
2018-04-06,0.41860220029609563
2018-04-09,0.3326224111278852
2018-04-10,0.30339205231951555
2018-04-11,0.3991035436346141
2018-04-12,0.38963380376407947
2018-04-13,0.4128567351362926
2018-04-16,0.2715416662922652
2018-04-17,0.31133997403661245
2018-04-18,0.32700042214873676
2018-04-19,0.48690913054233
2018-04-20,0.4792246563964262
2018-04-23,0.4724547503693141
2018-04-24,0.4980902681145518
2018-04-25,0.35446357715740967
2018-04-26,0.9098383240136324
2018-04-27,0.4830409801665671
2018-04-30,0.21195984117594688
2018-05-02,0.29634728186454984
2018-05-03,0.23482834884658968
2018-05-04,0.39617877456821693
2018-05-07,0.272900792461412
2018-05-08,0.4220565241270912
2018-05-09,0.32692315316520126
2018-05-10,0.38443681563691795
2018-05-11,0.5334326701628812
2018-05-14,0.3472122009464017
2018-05-15,0.5615039724359094
2018-05-16,0.37467070919852924
2018-05-17,0.5021238727723554
2018-05-18,0.31501403414906987
2018-05-21,0.1344607827644063
2018-05-22,0.16611481146733903
2018-05-23,0.25942815725168555
2018-05-24,0.3817553920931035
2018-05-25,0.09083041956586661
2018-05-28,0.35157341834896527
2018-05-29,0.3574488419162061
2018-05-30,0.3115714107915443
2018-05-31,1.1706124738131973
2018-06-01,0.2708855518470087
2018-06-04,0.04800443440916842
2018-06-05,0.033851033361356
2018-06-06,-0.007214055789435276
2018-06-07,0.23201516824699892
2018-06-08,0.2960369410354182
2018-06-11,0.2907500072780082
2018-06-12,0.2425469638003884
2018-06-13,0.21594989631771688
2018-06-14,0.278241318096019
2018-06-15,0.4158516542727664
2018-06-18,0.05393377201176534
2018-06-19,0.030392909523647628
2018-06-20,0.15929330796305372
2018-06-21,0.019034869673962434
2018-06-22,0.19402636393096032
2018-06-25,-0.011584019885078229
2018-06-26,0.2402676050639744
2018-06-27,0.10155923173679327
2018-06-28,0.8311354150561779
2018-06-29,0.012207353021703619
2018-07-02,0.21601488705135227
2018-07-03,0.19518453890810467
2018-07-04,0.2670527037366018
2018-07-05,0.34054678698850527
2018-07-06,0.3356859027002535
2018-07-09,0.11277105233666272
2018-07-10,0.24650880278228096
2018-07-11,0.18276726826790196
2018-07-12,0.36319758367439725
2018-07-13,0.2709234886094099
2018-07-16,-0.08286382979942648
2018-07-17,0.07106200146213451
2018-07-18,0.1151943459491615
2018-07-19,0.07023587907971116
2018-07-20,0.17534158439415265
2018-07-23,0.3998796365375748
2018-07-24,0.517292910180859
2018-07-25,0.438971998005101
2018-07-26,1.0473880825733233
2018-07-27,0.5391405324756436
2018-07-30,0.5055198433004836
2018-07-31,0.5534022931467396
2018-08-01,0.5290031702825063
2018-08-02,0.37649799981587573
2018-08-03,0.5409764445674958
2018-08-06,0.4286252948799389
2018-08-07,0.3644462956914572
2018-08-08,0.4362029449028519
2018-08-09,0.5491046958740355
2018-08-10,0.4990859587784725
2018-08-13,0.20181280290587716
2018-08-14,0.3521140010850983
2018-08-16,0.33850824894682024
2018-08-17,0.3165396758056605
2018-08-20,0.38214999228299523
2018-08-21,0.6111224596245012
2018-08-23,0.3822028244633295
2018-08-24,0.5700056764907079
2018-08-27,0.46182651965204474
2018-08-28,0.5758046471264264
2018-08-29,0.665124966954274
2018-08-30,1.1890693201254892
2018-08-31,0.8433055220360244
2018-09-03,0.7523904210557797
2018-09-04,0.4255774464294755
2018-09-05,0.5944155047791091
2018-09-06,0.5793963807661826
2018-09-07,0.4675216968633134
2018-09-10,0.36819905992304525
2018-09-11,0.6804526056981585
2018-09-12,0.5801739093021078
2018-09-14,0.5022318575138465
2018-09-17,0.36780630328739083
2018-09-18,0.30948145757228906
2018-09-19,0.39416938851579464
2018-09-21,1.0609635761303686
2018-09-24,0.396320929890543
2018-09-25,0.4268459519918883
2018-09-26,0.48924070046473417
2018-09-27,0.733874331342505
2018-09-28,0.5218959623302445
2018-10-01,0.38850432893386166
2018-10-03,0.30087786048747384
2018-10-04,0.44822669425060796
2018-10-05,0.3186186776464828
2018-10-08,0.16756599334060593
2018-10-09,0.19869281237009853
2018-10-10,0.08704198998218848
2018-10-11,-0.12652559965474747
2018-10-12,-0.03817832085358609
2018-10-15,0.1781659021464584
2018-10-16,0.2254979290109374
2018-10-17,0.020613257573909857
2018-10-19,0.1439134220513236
2018-10-22,0.07233579114792879
2018-10-23,0.1272473612112623
2018-10-24,0.13430518684608858
2018-10-25,0.6921171321805064
2018-10-26,0.24636724350298256
2018-10-29,0.19738021114641163
2018-10-30,0.28867973688999576
2018-10-31,0.4090824048687534
2018-11-01,0.42482288568559395
2018-11-02,0.6352411555946351
2018-11-05,0.1238474079830707
2018-11-06,0.18118816778331176
2018-11-07,-2.0336719621577277
2018-11-09,0.1401720369814174
2018-11-12,0.07524301596544593
2018-11-13,0.23271586474244715
2018-11-14,0.4898094773593583
2018-11-15,0.25857922849234216
2018-11-16,0.18363927205170613
2018-11-19,0.30808097556226394
2018-11-20,0.2464121146217453
2018-11-21,0.3091664145489412
2018-11-22,0.0016211342941629058
2018-11-26,0.36286563532266813
2018-11-27,0.46305442465765856
2018-11-28,0.336890706891316
2018-11-29,0.870793298494277
2018-11-30,0.6627599597525509
2018-12-03,0.4388124355595758
2018-12-04,0.2517702231603411
2018-12-05,0.27535526069133054
2018-12-06,0.08610039162715405
2018-12-07,0.28728293788710346
2018-12-10,-0.060229027463961346
2018-12-11,0.22803527143913963
2018-12-12,0.341358467968067
2018-12-13,0.396410302256506
2018-12-14,0.2923546430847716
2018-12-17,0.3351051650156241
2018-12-18,0.48872889649694085
2018-12-19,0.583003274316179
2018-12-20,0.5612038639882089
2018-12-21,0.5988212121978028
2018-12-24,0.41963861864585555
2018-12-26,0.6099088907342998
2018-12-27,1.0443392721737226
2018-12-28,0.42068127424733126
2018-12-31,0.3902534969301462
2019-01-01,0.464464456129831
2019-01-02,0.385026517180633
2019-01-03,0.23483262586803066
2019-01-04,0.3163676998643589
2019-01-07,0.3867541537621476
2019-01-08,0.24199608292732375
2019-01-09,0.23655897488121597
2019-01-10,0.2267618341128356
2019-01-11,0.26299284616265683
2019-01-14,0.07969576454001649
2019-01-15,0.36306210174083775
2019-01-16,0.2689374065710013
2019-01-17,0.36372517139937993
2019-01-18,0.17585608240928127
2019-01-21,0.18391581745956495
2019-01-22,0.2751166552805576
2019-01-23,0.21875543717904933
2019-01-24,0.14432191958100465
2019-01-25,0.1379011483489556
2019-01-28,0.15207313988837798
2019-01-29,0.18863622791085738
2019-01-30,0.15618879747057962
2019-01-31,0.813408466157718
2019-02-01,0.5022542755019912
2019-02-04,0.10165671952192996
2019-02-05,0.3186398953425336
2019-02-06,0.3604312074595978
2019-02-07,0.35666718589205837
2019-02-08,0.03374815524561021
2019-02-11,0.23774408771997446
2019-02-12,0.11968873610928292
2019-02-13,0.17653262300361786
2019-02-14,0.25301042829332704
2019-02-15,0.4165090193018786
2019-02-18,0.22827433314708898
2019-02-19,0.3157692630161667
2019-02-20,0.1392028507866693
2019-02-21,0.21837065787642534
2019-02-22,0.35799046695036074
2019-02-25,0.35054210623752746
2019-02-26,0.61022866259012
2019-02-27,0.5699441622072824
2019-02-28,1.03348804533878
2019-03-01,0.4792781254532298
2019-03-05,0.32356394202314337
2019-03-06,0.6755929770685746
2019-03-07,0.572699790494626
2019-03-08,0.3583220256287702
2019-03-11,0.44997240016910817
2019-03-12,0.8225894875001527
2019-03-13,0.6742512238152875
2019-03-14,0.47625323083171317
2019-03-15,1.1212014241539414
2019-03-18,0.5847142574774186
2019-03-19,0.5747368562572921
2019-03-20,0.7365155751091422
2019-03-22,0.5237942282321283
2019-03-25,0.5476998236019153
2019-03-26,0.565669549629865
2019-03-27,0.6599729228237878
2019-03-28,1.0572324496805432
2019-03-29,0.8662635781204309
2019-04-01,0.6617725423294731
2019-04-02,0.6968929158546509
2019-04-03,0.6347434993675536
2019-04-04,0.6121790826193813
2019-04-05,0.5089205982600817
2019-04-08,0.37543022340891835
2019-04-09,0.2775063911347325
2019-04-10,0.5579249748654387
2019-04-11,0.44774396976637043
2019-04-12,0.655075354116529
2019-04-15,0.526450448765464
2019-04-16,0.5010476577055198
2019-04-18,0.4637292847443566
2019-04-22,0.034606440453254894
2019-04-23,0.4201725486665969
2019-04-24,0.480221721776796
2019-04-25,1.0382709042890919
2019-04-26,0.4952557939960894
2019-04-30,0.5400082086370851
2019-05-02,0.42297530911444753
2019-05-03,0.42152718271097134
2019-05-06,0.2747694970375901
2019-05-07,0.32121849012253767
2019-05-08,0.406490802174011
2019-05-09,0.4190736199868651
2019-05-10,0.38603252732780363
2019-05-13,0.046356884565866285
2019-05-14,0.32076860392586015
2019-05-15,0.11291179553667775
2019-05-16,0.2376585591943229
2019-05-17,0.39145059234800755
2019-05-20,0.418236493140193
2019-05-21,0.3302189112305951
2019-05-22,0.32199727966354447
2019-05-23,0.7038034614418565
2019-05-24,0.503980340723468
2019-05-27,0.7432763283387736
2019-05-28,0.9134643674935263
2019-05-29,0.358477093685211
2019-05-30,0.9588433833963589
2019-05-31,0.8159813386162964
2019-06-03,0.6452699234542136
2019-06-04,0.5511068623172938
2019-06-06,0.5944900628499796
2019-06-07,0.34844143100506564
2019-06-10,0.26907930425798965
2019-06-11,0.2997271656786643
2019-06-12,0.24046658427309006
2019-06-13,0.40551376653540844
2019-06-14,0.1839141972790085
2019-06-17,0.30183514143643203
2019-06-18,0.197722809491564
2019-06-19,0.40484422248031193
2019-06-20,0.17895980726544267
2019-06-21,0.7280922967736687
2019-06-24,0.20383796740093305
2019-06-25,0.30406131300160366
2019-06-26,0.5071388049741133
2019-06-27,0.9761571370462272
2019-06-28,0.5144250779992686
2019-07-01,0.4249945636581109
2019-07-02,0.360728758432451
2019-07-03,0.4282208294036314
2019-07-04,0.4930055227860946
2019-07-05,0.4782091099325551
2019-07-08,0.24236419575226475
2019-07-09,0.2985615051066642
2019-07-10,0.1952988200186815
2019-07-11,0.20105731611979205
2019-07-12,0.5191716336935106
2019-07-15,0.19818155114119526
2019-07-16,0.2134109293597622
2019-07-17,0.3848320318742812
2019-07-18,0.1571588290430529
2019-07-19,0.3503957722007563
2019-07-22,0.2720003246636081
2019-07-23,0.35163200431420877
2019-07-24,0.27807544024154496
2019-07-25,0.5419499135138722
2019-07-26,0.2658928913306215
2019-07-29,0.1979598370688432
2019-07-30,0.4543078506380777
2019-07-31,0.3398875004934437
2019-08-01,0.12632962786834656
2019-08-02,0.4972591102322664
2019-08-05,0.17851618173580697
2019-08-06,0.16132267618840673
2019-08-07,0.25546831544007026
2019-08-08,0.3175145245040705
2019-08-09,0.5616087840739334
2019-08-13,0.1219913643616913
2019-08-14,0.08016663826295009
2019-08-16,0.13218805432440553
2019-08-19,0.12117490027481885
2019-08-20,0.11906247320032524
2019-08-21,0.15382904594487368
2019-08-22,0.214525456154798
2019-08-23,0.13761314226611968
2019-08-26,0.38543416684262927
2019-08-27,0.4593578319635285
2019-08-28,0.1721752933529053
2019-08-29,0.5187313936509852
2019-08-30,0.29982567061259807
2019-09-03,-0.037708905940108936
2019-09-04,0.24944549426964968
2019-09-05,0.1240615881435933
2019-09-06,0.240855950022925
2019-09-09,0.2546228574338096
2019-09-11,0.23881622450912735
2019-09-12,0.4562655410758477
2019-09-13,0.4400209086887763
2019-09-16,0.3175772078367094
2019-09-17,0.047814286133079684
2019-09-18,0.19823974620660276
2019-09-19,-0.006025372379785752
2019-09-20,0.9106180660345354
2019-09-23,0.9133045992650367
2019-09-24,0.5118321404036
2019-09-25,0.3090284134371676
2019-09-26,0.6436872696334359
2019-09-27,0.2938220723095332
2019-09-30,0.5281288874389921
2019-10-01,0.4540113746006889
2019-10-03,0.20753033530137746
2019-10-04,0.18019524408310275
2019-10-07,0.3174658365374621
2019-10-09,0.3202247798412832
2019-10-10,0.3063991645889243
2019-10-11,0.5736533467268977
2019-10-14,0.5075029822717241
2019-10-15,0.4741478037847314
2019-10-16,0.4409648406574193
2019-10-17,0.40535179865064425
2019-10-18,0.6906000594360863
2019-10-22,0.6184514755617679
2019-10-23,0.4672483299920839
2019-10-24,0.5487639799165936
2019-10-25,0.5502570016820407
2019-10-27,-1.7659019417745339
2019-10-29,0.5074973158103971
2019-10-30,0.5952615689874172
2019-10-31,0.8956462067312634
2019-11-01,0.7888592593738973
2019-11-04,0.6454687929859518
2019-11-05,0.49546649861889713
2019-11-06,0.7811499622581188
2019-11-07,0.8413408475798266
2019-11-08,0.7741597418659434
2019-11-11,0.500383970182869
2019-11-13,0.5521646448093434
2019-11-14,0.7028227124179789
2019-11-15,0.7813857431310542
2019-11-18,0.5959824233413161
2019-11-19,0.6734231694857291
2019-11-20,0.9233704722174488
2019-11-21,0.5952646672097004
2019-11-22,0.7105453057000349
2019-11-25,0.6209089702673286
2019-11-26,1.2846470822129514
2019-11-27,0.6887099773560564
2019-11-28,0.706064593746383
2019-11-29,0.6552409107164107
2019-12-02,0.6701227561794437
2019-12-03,0.45963612074054533
2019-12-04,0.5245264372108527
2019-12-05,0.3993855948431624
2019-12-06,0.5095488865141464
2019-12-09,0.3854523074009932
2019-12-10,0.25024140474231704
2019-12-11,0.24443130829032356
2019-12-12,0.25700905154795983
2019-12-13,0.688992146725537
2019-12-16,0.42348550576754207
2019-12-17,0.5171814126157678
2019-12-18,0.6811410233617453
2019-12-19,0.6574246417477594
2019-12-20,0.9085377410494894
2019-12-23,0.7553334261089638
2019-12-24,0.510150644794791
2019-12-26,0.6243925673237404
2019-12-27,0.49526684070985494
2019-12-30,0.5341004143572213
2019-12-31,0.5913070590053605
2020-01-01,0.3378453461227703
2020-01-02,0.3994786075807189
2020-01-03,0.5430033648265872
2020-01-06,0.2541730940443595
2020-01-07,0.6336279563294487
2020-01-08,0.5877885293216993
2020-01-09,0.5666097184617005
2020-01-10,0.7259733052367928
2020-01-13,0.6363736815287464
2020-01-14,0.6963785267161304
2020-01-15,0.7431202322165611
2020-01-16,0.7147185145227256
2020-01-17,0.6652488556740636
2020-01-20,0.6541896779523587
2020-01-21,0.5595974945408956
2020-01-22,0.6781549533105505
2020-01-23,0.8060855285978853
2020-01-24,0.6983989969147278
2020-01-27,0.5760394357937751
2020-01-28,0.5916861430944327
2020-01-29,0.6778477638753835
2020-01-30,0.5344342739855281
2020-01-31,0.7343808913805682
2020-02-01,0.26746092320028214
2020-02-03,0.5550616452220849
2020-02-04,0.6726485061046431
2020-02-05,0.7639171948165994
2020-02-06,0.8872648318391579
2020-02-07,0.8570121386529537
2020-02-10,0.5891769817333363
2020-02-11,0.5469363119441812
2020-02-12,0.617616914365514
2020-02-13,0.6441635264607845
2020-02-14,0.6202768708933136
2020-02-17,0.42413227487860305
2020-02-18,0.7055748600593487
2020-02-19,0.4643198773081094
2020-02-20,0.8160330296599576
2020-02-24,0.29163091743733466
2020-02-25,0.7097573827967592
2020-02-26,0.7096288610220134
2020-02-27,0.6195715389832898
2020-02-28,0.6956535626898044
2020-03-02,0.6633739717467185
2020-03-03,0.49772159101108365
2020-03-04,0.7071002559383549
2020-03-05,0.707136217032548
2020-03-06,0.2785622010732346
2020-03-09,0.2765951614755099
2020-03-11,0.5441375387607552
2020-03-12,0.16039439620360937
2020-03-13,0.11318905181077854
2020-03-16,-0.5913455314003239
2020-03-17,0.06542206501953932
2020-03-18,-0.0644858851937432
2020-03-19,-0.06629157589184326
2020-03-20,-0.04773371522591959
2020-03-23,-2.2769667917271437
2020-03-24,-0.5744165129967077
2020-03-25,-0.7313514618252566
2020-03-26,-0.325033207214666
2020-03-27,-0.37322735305769966
2020-03-30,-0.6505571560335486
2020-03-31,-0.5913290111219361
2020-04-01,-0.7119429469158053
2020-04-03,-0.4739243342032425
2020-04-07,-0.5992457924346863
2020-04-08,0.21683883040684904
2020-04-09,-0.04059545207741853
2020-04-13,-0.03842279675936355
2020-04-15,0.3636541118953626
2020-04-16,0.31887602912664686
2020-04-17,0.2501852795464171
2020-04-20,0.2574742320127669
2020-04-21,-0.30355599954352336
2020-04-22,0.22936076018287457
2020-04-23,0.2914927397095087
2020-04-24,-0.010232680454356219
2020-04-27,0.07595235526844275
2020-04-28,0.30193990777285795
2020-04-29,0.222210461310266
2020-04-30,0.6308514768565263
2020-05-04,-0.34742291798901553
2020-05-05,0.3267767091554682
2020-05-06,0.3074406123907588
2020-05-07,0.11626187925176029
2020-05-08,0.17380932917326666
2020-05-11,0.15364849318085502
2020-05-12,0.2007829732412027
2020-05-13,0.38560839159506494
2020-05-14,0.21362214560085807
2020-05-15,0.34056313595853793
2020-05-18,-0.054734093398696816
2020-05-19,0.29170045063510314
2020-05-20,0.27747325400438794
2020-05-21,0.3670992592480268
2020-05-22,0.2995101546241751
2020-05-26,0.3014657577155524
2020-05-27,0.4099677155099347
2020-05-28,0.5845918566783912
2020-05-29,1.193807796803384
2020-06-01,0.6874478037167449
2020-06-02,0.7496421465719592
2020-06-03,0.7849986350671907
2020-06-04,0.7607876152553111
2020-06-05,0.7465529323941907
2020-06-08,0.8741949814975637
2020-06-09,0.8431704112510936
2020-06-10,0.5538551874537145
2020-06-11,0.5526027668913409
2020-06-12,0.7921728618596351
2020-06-15,0.6606649020308676
2020-06-16,0.8367605802788954
2020-06-17,0.6655851495789699
2020-06-18,0.5168366735205648
2020-06-19,1.0958144437360062
2020-06-22,0.7617500090458774
2020-06-23,0.8886734553509621
2020-06-24,0.8654118302741721
2020-06-25,0.9966289955656017
2020-06-26,0.7982028932116387
2020-06-29,0.44562202484468294
2020-06-30,0.6677353254929639
2020-07-01,0.676653006001804
2020-07-02,0.7590144565918802
2020-07-03,0.8153617597436129
2020-07-06,0.7486381905360623
2020-07-07,0.7105255118124799
2020-07-08,0.9638946980534745
2020-07-09,0.7900920998351217
2020-07-10,0.6615739719789456
2020-07-13,0.6548518217343406
2020-07-14,0.4536877510609245
2020-07-15,0.6984935461876339
2020-07-16,0.6530371715657237
2020-07-17,0.6919342935346072
2020-07-20,0.658239714739
2020-07-21,0.7721366479786078
2020-07-22,0.8458075422031948
2020-07-23,0.8940728575541811
2020-07-24,0.7597548702454531
2020-07-27,0.6038633058360406
2020-07-28,0.8466068488271128
2020-07-29,1.012773074117066
2020-07-30,0.8429076319597062
2020-07-31,0.8017866359046955
2020-08-03,0.840274364148746
2020-08-04,0.8365712921996555
2020-08-05,1.0095908856442841
2020-08-06,1.0069904639499725
2020-08-07,0.9813962564552718
2020-08-10,0.9301023735758002
2020-08-11,1.0040868359595565
2020-08-12,0.9494566226549284
2020-08-13,0.9901842055928632
2020-08-14,0.9475947960269943
2020-08-17,0.8717354276235648
2020-08-18,1.0243011282906909
2020-08-19,1.163777828199332
2020-08-20,1.0994919707148059
2020-08-21,1.1201088562777721
2020-08-24,0.9949137274995357
2020-08-25,1.0865451591430555
2020-08-26,1.0894875502535872
2020-08-27,1.221506225139661
2020-08-28,1.297489947667918
2020-08-31,1.3031031363005727
2020-09-01,1.1575720537730154
2020-09-02,0.9431697937939442
2020-09-03,0.9285134400569506
2020-09-04,0.8113030536704914
2020-09-07,0.8385392485313874
2020-09-08,0.669393397612567
2020-09-09,0.7750360106351724
2020-09-10,0.734917800317874
2020-09-11,0.8334763713482087
2020-09-14,0.9925371978052726
2020-09-15,0.9238922286555095
2020-09-16,0.9182302475455288
2020-09-17,0.7786454426495623
2020-09-18,1.1716666547344932
2020-09-21,0.6442421441074218
2020-09-22,0.9175267634688533
2020-09-23,0.9295170772736905
2020-09-24,0.5825681894981615
2020-09-25,0.6311648467997312
2020-09-28,0.7214700769154181
2020-09-29,0.8973855887482103
2020-09-30,0.7823889642452893
2020-10-01,0.7773884451155559
2020-10-05,0.8322921121067433
2020-10-06,0.7843294229646491
2020-10-07,0.795012331675659
2020-10-08,0.8843086836035374
2020-10-09,0.9014813706398745
2020-10-12,0.8014496424086145
2020-10-13,0.7540497334986052
2020-10-14,0.9447697999125247
2020-10-15,0.7487284037784153
2020-10-16,0.7311687379816215
2020-10-19,0.6856506225093942
2020-10-20,0.7284707536629694
2020-10-21,1.0451342763201719
2020-10-22,0.9673245177631753
2020-10-23,0.9290315523880217
2020-10-26,0.7975484127446477
2020-10-27,0.7851159911016704
2020-10-28,0.7156703914392731
2020-10-29,0.6773299266077238
2020-10-30,0.9349685853481414
2020-11-02,0.8202961545450825
2020-11-03,0.9140730534714583
2020-11-04,1.0318643283171873
2020-11-05,1.00091681088578
2020-11-06,1.1391337468998093
2020-11-09,1.1176544574924525
2020-11-10,1.1151196946314503
2020-11-11,1.2776353244560232
2020-11-12,1.2073961697137332
2020-11-13,1.1137986349795244
2020-11-14,-0.9810497536882493
2020-11-17,1.1430446711133226
2020-11-18,1.203242248642015
2020-11-19,1.434516584420804
2020-11-20,1.2496931766071666
2020-11-23,1.2761596729754596
2020-11-24,1.2754003453171021
2020-11-25,1.2762314913599082
2020-11-26,1.2548382290197682
2020-11-27,2.16673662445582
2020-12-01,1.3108653378947261
2020-12-02,1.5482070314057788
2020-12-03,1.4996389337878424
2020-12-04,1.6136349614944387
2020-12-07,1.5018255244732834
2020-12-08,1.431510646540189
2020-12-09,1.4814190551253699
2020-12-10,1.3425953844985348
2020-12-11,1.435797088742912
2020-12-14,1.2875873162846816
2020-12-15,1.3952957348872599
2020-12-16,1.477219560911321
2020-12-17,1.279627118135949
2020-12-18,1.5506610375394334
2020-12-21,1.1863996445698655
2020-12-22,1.2997922259473735
2020-12-23,1.1195284867163282
2020-12-24,1.3146435875412084
2020-12-28,1.0897904423520575
2020-12-29,1.2503036238723275
2020-12-30,1.2980146630797338
2020-12-31,1.386410737109344
2021-01-01,1.0715586436972608
2021-01-04,1.4828451780987273
2021-01-05,1.4734647176836657
2021-01-06,1.6302514546708935
2021-01-07,1.5484413094570337
2021-01-08,1.7013173771510182
2021-01-11,1.3723887222756073
2021-01-12,1.532898586826564
2021-01-13,1.7403093842827124
2021-01-14,1.4782783209119739
2021-01-15,1.446569707929737
2021-01-18,1.395267690239576
2021-01-19,1.2365900739674667
2021-01-20,1.367147331808544
2021-01-21,1.3503323300706436
2021-01-22,1.3498795719191556
2021-01-25,1.3416883425576163
2021-01-27,1.2707615505486534
2021-01-28,1.369245977683575
2021-01-29,1.4857856754716035
2021-02-01,1.2417156588579297
2021-02-02,1.6879504929308715
2021-02-03,1.670053784586958
2021-02-04,1.6182317447690127
2021-02-05,1.6531086334283007
2021-02-08,1.3718892787818042
2021-02-09,1.5937674117516185
2021-02-10,1.4608197347207064
2021-02-11,1.3283479548854125
2021-02-12,1.4003404532860753
2021-02-15,1.2604880652485555
2021-02-16,1.4970510550353877
2021-02-17,1.5737469280921619
2021-02-18,1.6668025134006703
2021-02-19,1.6346722323253462
2021-02-22,1.3998283908815077
2021-02-23,1.5026677153428112
2021-02-24,1.0885048338377186
2021-02-25,1.6551670901711693
2021-02-26,1.5959099944272126
2021-03-01,1.1349556486267438
2021-03-02,1.4585931882288863
2021-03-03,1.5069077787523308
2021-03-04,1.6101889814235086
2021-03-05,1.462470540202384
2021-03-08,1.276357119854448
2021-03-09,1.2420075662921046
2021-03-10,1.1796666558835818
2021-03-12,1.3107464875761967
2021-03-15,1.1896932300906833
2021-03-16,1.2338328961270426
2021-03-17,1.0764226284155178
2021-03-18,1.2948510205454047
2021-03-19,1.7304940482813422
2021-03-22,1.188407860793104
2021-03-23,1.2185852057852635
2021-03-24,1.0739714499816144
2021-03-25,1.3052857505109174
2021-03-26,1.1669392103877665
2021-03-30,1.3569528657287586
2021-03-31,1.1926706683832926
2021-04-01,1.1194282822374555
2021-04-05,1.044892304508447
2021-04-06,1.2578409086555
2021-04-07,1.2200010340117826
2021-04-08,1.2620437252907124
2021-04-09,1.3598674802568915
2021-04-12,0.9606301634148816
2021-04-13,1.0695469655870786
2021-04-15,1.2575781907918497
2021-04-16,1.3423375515740983
2021-04-19,0.8667728437335258
2021-04-20,1.338880160231884
2021-04-22,1.201275846445804
2021-04-23,1.2653315934349194
2021-04-26,1.1359315149085387
2021-04-27,1.1492956757419868
2021-04-28,1.287918489905714
2021-04-29,1.417309258832
2021-04-30,1.5222963296317136
2021-05-03,1.2260758420653173
2021-05-04,1.3832023565608047
2021-05-05,1.2323742280407601
2021-05-06,1.2984558619928241
2021-05-07,1.3274180102681525
2021-05-10,1.3649897874082528
2021-05-11,1.4010620995739138
2021-05-12,1.4594393843739706
2021-05-14,1.3794059840360149
2021-05-17,1.2864188893285113
2021-05-18,1.458746162501921
2021-05-19,1.4795785992449029
2021-05-20,1.3404433643587623
2021-05-21,1.352195458055472
2021-05-24,1.4152149949446582
2021-05-25,1.375076953668538
2021-05-26,1.3530292212635668
2021-05-27,2.0514036100249666
2021-05-28,1.396397229573314
2021-05-31,1.3629207515748303
2021-06-01,1.1115625313183537
2021-06-02,1.3823071133990816
2021-06-03,1.3115194221847541
2021-06-04,1.4241382511005898
2021-06-07,1.3925981348742407
2021-06-08,1.4711901157270546
2021-06-09,1.579068984358215
2021-06-10,1.3347146935659293
2021-06-11,1.3217377117888576
2021-06-14,1.2056376210985766
2021-06-15,1.1661426899571754
2021-06-16,1.2520324795086988
2021-06-17,1.221921264539127
2021-06-18,1.5901040249111298
2021-06-21,1.0719644397112018
2021-06-22,1.2726490962936474
2021-06-23,1.1552523798226955
2021-06-24,1.1411708017330002
2021-06-25,1.1862177295824412
2021-06-28,1.069661799067114
2021-06-29,1.1854128591372344
2021-06-30,1.1350339525627589
2021-07-01,1.0834214682335674
2021-07-02,1.0168952644796536
2021-07-05,0.9550335195442117
2021-07-06,1.073976558273011
2021-07-07,1.0126692315741306
2021-07-08,0.9885732894732348
2021-07-09,0.7297163480652995
2021-07-12,0.9210960890742973
2021-07-13,0.9221252924050404
2021-07-14,0.9688031594561382
2021-07-15,0.9091342776431638
2021-07-16,0.9698127471583922
2021-07-19,0.9399465021717949
2021-07-20,0.8328824542483227
2021-07-22,0.8774043731345491
2021-07-23,0.9732572704269337
2021-07-26,0.8176232150667455
2021-07-27,0.9945649701707456
2021-07-28,1.0466513105867703
2021-07-29,1.1435303289931404
2021-07-30,1.3379052463364534
2021-08-02,1.0386233917587309
2021-08-03,1.218350665987094
2021-08-04,1.1821875945497675
2021-08-05,1.085248576142849
2021-08-06,1.203175555120172
2021-08-09,0.8639116762547999
2021-08-10,0.9629463342843901
2021-08-11,1.0182220768082588
2021-08-12,0.996582943352479
2021-08-13,1.0899540602516538
2021-08-16,0.7589005816991897
2021-08-17,0.9085364668158991
2021-08-18,0.9772421453931834
2021-08-20,0.7790662388817658
2021-08-23,0.9432910876041477
2021-08-24,0.7965406738984749
2021-08-25,0.8737600873381918
2021-08-26,0.9574564624262188
2021-08-27,0.9049814636884603
2021-08-30,0.9741064460401279
2021-08-31,1.5371445552170722
2021-09-01,1.086045767777375
2021-09-02,1.034630095363013
2021-09-03,1.0887084847457575
2021-09-06,0.8984715923884434
2021-09-07,0.8376038558636206
2021-09-08,0.9724949228367229
2021-09-09,0.8024657954266936
2021-09-13,0.6975583505695349
2021-09-14,0.9376620781137539
2021-09-15,1.1917163516840665
2021-09-16,1.1798284532331074
2021-09-17,1.6223067184591171
2021-09-20,0.8766991120332156
2021-09-21,0.9865175233221605
2021-09-22,1.0178274829327059
2021-09-23,1.0126329241282053
2021-09-24,1.042719787014365
2021-09-27,0.9631428181215955
2021-09-28,1.1905463005990917
2021-09-29,1.4189079501603876
2021-09-30,1.4143246032123629
2021-10-01,1.117484934920025
2021-10-04,1.051919615467523
2021-10-05,1.1661910900848498
2021-10-06,1.1075569588693315
2021-10-07,1.028157800356987
2021-10-08,1.0491025281894226
2021-10-11,1.1590087708382317
2021-10-12,1.1805802599511521
2021-10-13,1.3536685997588935
2021-10-14,1.3605373814846353
2021-10-18,1.4579491601169532
2021-10-19,1.2694856039213487
2021-10-20,1.2336082972566336
2021-10-21,1.4179524696956003
2021-10-22,1.1539679231866136
2021-10-25,1.1229678381960086
2021-10-26,1.124879164726739
2021-10-27,1.1802312648852933
2021-10-28,1.0566632696845208
2021-10-29,1.2126627519132434
2021-11-01,0.8634990727978481
2021-11-02,1.0546609123203001
2021-11-03,1.1359149590277418
2021-11-04,-1.283444616998192
2021-11-08,1.1067380149899018
2021-11-09,1.18505636832283
2021-11-10,1.0491498447340475
2021-11-11,0.7950863656439672
2021-11-12,0.992594700861459
2021-11-15,0.7872419846696979
2021-11-16,0.8429015276870376
2021-11-17,0.7488013617059979
2021-11-18,0.7426324861186716
2021-11-22,0.8291986279616783
2021-11-23,0.9145477339686048
2021-11-24,0.8281590672329323
2021-11-25,0.9285092191040606
2021-11-26,0.7503104028409732
2021-11-29,0.7617157552086297
2021-11-30,1.3851947016763297
2021-12-01,0.8532563216066783
2021-12-02,0.8053404746130912
2021-12-03,0.9601339742179809
2021-12-06,0.6167165187770437
2021-12-07,0.7503229888826384
2021-12-08,0.8446189728724643
2021-12-09,0.9880242867790261
2021-12-10,0.9279321382364092
2021-12-13,0.91980283159337
2021-12-14,0.8831103388404057
2021-12-15,0.636849868920367
2021-12-16,0.7028095490083371
2021-12-17,0.826713824276362
2021-12-20,0.6336632997304837
2021-12-21,0.5858745772245987
2021-12-22,0.5960196749369213
2021-12-23,0.6631936690399004
2021-12-24,0.5066191569385325
2021-12-27,0.480479022113255
2021-12-28,0.6205366950765941
2021-12-29,0.6756628217714609
2021-12-30,0.8371163910023414
2021-12-31,0.49834989196723156
2022-01-03,0.5381495864644698
2022-01-04,0.8063954354516065
2022-01-05,0.8919937516497821
2022-01-06,0.9374208259685155
2022-01-07,0.8813136822433093
2022-01-10,0.8123402003241428
2022-01-11,0.7388156454398246
2022-01-12,0.8044677382812239
2022-01-13,0.8626423458837174
2022-01-14,0.8542313690955378
2022-01-17,0.8600984447765471
2022-01-18,0.6315224827398999
2022-01-19,0.7963526527382241
2022-01-20,0.7094472052771421
2022-01-21,0.6730665011274806
2022-01-24,0.6510580453403252
2022-01-25,0.6893446449914796
2022-01-27,0.9635059080635207
2022-01-28,1.0314204261767872
2022-01-31,0.7871877890421659
2022-02-01,1.0000023086355185
2022-02-02,0.8536412233520844
2022-02-03,0.7274290084511335
2022-02-04,0.7328004890167998
2022-02-07,0.67573321680233
2022-02-08,0.8699582070229979
2022-02-09,0.6552902699285043
2022-02-10,0.7999795480148099
2022-02-11,0.6610580645773588
2022-02-14,0.37533415437677276
2022-02-15,0.4874415127760095
2022-02-16,0.7593468398299019
2022-02-17,0.6434919920991298
2022-02-18,0.6213538551510549
2022-02-21,0.5124068776734586
2022-02-22,0.6720753028619723
2022-02-23,0.47343332204138483
2022-02-24,0.5375204848165601
2022-02-25,0.4069032108119023
2022-02-28,1.1301506199337286
2022-03-02,0.8466173009834288
2022-03-03,0.8229872007685871
2022-03-04,0.6884311443816007
2022-03-07,0.6338858331899193
2022-03-08,0.6935389756766135
2022-03-09,0.8604115990225127
2022-03-10,1.0333118073105827
2022-03-11,0.8686708749681317
2022-03-14,0.7813588892413637
2022-03-15,0.8383402191823123
2022-03-16,0.6594060788620805
2022-03-17,1.4266385022191428
2022-03-21,0.7373543166229312
2022-03-22,0.9806083127267785
2022-03-23,0.9980151764180873
2022-03-24,0.8519070863858509
2022-03-25,0.7913672012822207
2022-03-28,0.8398061543252168
2022-03-29,0.8288180457657969
2022-03-30,1.1251934727748119
2022-03-31,0.9231611557843955
2022-04-01,0.8035962291062121
2022-04-04,0.8279711886929864
2022-04-05,1.0081026422079673
2022-04-06,1.0039347091716022
2022-04-07,1.0783688184417513
2022-04-08,1.0059892718749606
2022-04-11,0.7113790164448008
2022-04-12,0.6780087895525557
2022-04-13,0.6194078175052421
2022-04-18,0.5302451246975369
2022-04-19,0.6972079289768053
2022-04-20,0.6662792070449322
2022-04-21,0.6895016957606379
2022-04-22,0.5790093721728589
2022-04-25,0.47783709265508734
2022-04-26,0.4965012801338709
2022-04-27,0.5543756785261821
2022-04-28,0.8696740354141053
2022-04-29,0.8759146575444732
2022-05-02,0.37933808680855724
2022-05-04,0.42673873706113324
2022-05-05,0.6190007371064509
2022-05-06,0.5073076288367401
2022-05-09,0.4381402058222754
2022-05-10,0.3220820765934987
2022-05-11,0.49445856568412894
2022-05-12,0.29752036888726985
2022-05-13,0.40830032731891225
2022-05-16,0.2646402686682688
2022-05-17,0.30411649868408913
2022-05-18,0.7160778772305505
2022-05-19,0.17907214377784025
2022-05-20,0.2480879068623526
2022-05-23,0.5875742732982054
2022-05-24,0.6390289857882164
2022-05-25,0.2941270718512511
2022-05-26,0.6995062052010739
2022-05-27,0.49104798001981376
2022-05-30,0.4381510531768192
2022-05-31,1.642581064572079
2022-06-01,0.5937486415639789
2022-06-02,0.607704639945874
2022-06-03,0.660224480162525
2022-06-06,0.4677210621096866
2022-06-07,0.468117012191406
2022-06-08,0.4813493169537114
2022-06-09,0.34459865703673087
2022-06-10,0.14561802258388426
2022-06-13,-0.13068746251096697
2022-06-14,0.3357620777002457
2022-06-15,0.1893617290519378
2022-06-16,0.0763555951517331
2022-06-17,0.6910693189886984
2022-06-20,0.14819194717695186
2022-06-21,-0.03587809391641179
2022-06-22,0.06428236079004843
2022-06-23,0.216270348339825
2022-06-24,0.28253090234300443
2022-06-27,0.33546145235634206
2022-06-28,0.3832424952964059
2022-06-29,0.3721125243065709
2022-06-30,0.39014261790918753
2022-07-01,0.1757473599040478
2022-07-04,0.11034661790393853
2022-07-05,0.3134522762738732
2022-07-06,0.21411070152984157
2022-07-07,0.5362292792817844
2022-07-08,0.41242042560300446
2022-07-11,0.42238660826674973
2022-07-12,0.19658350995969776
2022-07-13,0.32418977187932796
2022-07-14,0.3532415756164242
2022-07-15,0.33635916451374603
2022-07-18,0.3730065597081517
2022-07-19,0.5269118211368912
2022-07-20,0.5934922177088684
2022-07-21,0.6030261096164098
2022-07-22,0.503345827559863
2022-07-25,0.4377629429715436
2022-07-26,0.37679722601588667
2022-07-27,0.4088210476855612
2022-07-28,0.676866288319886
2022-07-29,0.9059211018216891
2022-08-01,0.6854884970438742
2022-08-02,0.8445595345259918
2022-08-03,0.6314243139085269
2022-08-04,0.856409693633469
2022-08-05,0.8193123362719105
2022-08-08,0.48493248740219724
2022-08-10,0.4939918746473236
2022-08-11,0.6635320128790388
2022-08-12,0.7244692518767537
2022-08-16,0.763505280404254
2022-08-17,0.8801098969211123
2022-08-18,0.7929527267577217
2022-08-19,0.7595069242762751
2022-08-22,0.4052399812968956
2022-08-23,0.6426083890341038
2022-08-24,0.6309243454766784
2022-08-25,0.8393098117636614
2022-08-26,0.7208805459367789
2022-08-29,0.4939931518323383
2022-08-30,1.0029856732825206
2022-09-01,0.8213416473702708
2022-09-02,0.697543904614431
2022-09-05,0.718690650963952
2022-09-06,0.8350066917330513
2022-09-07,0.740972762141313
2022-09-08,0.7911680057372236
2022-09-09,0.6183418246414711
2022-09-12,0.6574540736254372
2022-09-13,0.9085794460741942
2022-09-14,0.9845622232394802
2022-09-15,0.7507229783839098
2022-09-16,1.2655134904849012
2022-09-19,0.6317113011300208
2022-09-20,0.6036656936478253
2022-09-21,0.5297930557161166
2022-09-22,0.6936974997226808
2022-09-23,0.39757090012833973
2022-09-26,0.3669605341782506
2022-09-27,0.48815232703684114
2022-09-28,0.5051484451379732
2022-09-29,0.7446065402384743
2022-09-30,0.7837937599440361
2022-10-03,0.37473260056853414
2022-10-04,0.24307847544251737
2022-10-06,0.5148329288912045
2022-10-07,0.5059221027502838
2022-10-10,0.21149544120791455
2022-10-11,0.29842523661332415
2022-10-12,0.45456966083896067
2022-10-13,0.27375871259007195
2022-10-14,0.47169855678207695
2022-10-17,0.4108390464298084
2022-10-18,0.6171799483190094
2022-10-19,0.4557157764818143
2022-10-20,0.6103122835245276
2022-10-21,0.6143329020424257
2022-10-24,-1.443128174944902
2022-10-25,0.7615584208911184
2022-10-27,0.9528839253614367
2022-10-28,0.7158553250930619
2022-10-31,0.5907446813586352
2022-11-01,0.888119499634402
2022-11-02,0.8185659933658062
2022-11-03,0.5889628598613177
2022-11-04,0.7471868426437664
2022-11-07,0.8416878690145065
2022-11-09,0.8389844291880216
2022-11-10,0.6782375310304408
2022-11-11,0.8891443260544318
2022-11-14,0.885009252769108
2022-11-15,0.7384733257877029
2022-11-16,0.7094230280311319
2022-11-17,0.6001694640289408
2022-11-18,0.6877942698560515
2022-11-21,0.5877956097036052
2022-11-22,0.6921533445528658
2022-11-23,0.6456341645817995
2022-11-24,0.7711667583666559
2022-11-25,0.8288370757631901
2022-11-28,0.795270598321114
2022-11-29,0.6962740441957473
2022-11-30,1.412935049522353
2022-12-01,0.9278639503531404
2022-12-02,0.929008957826281
2022-12-05,0.7986774595580143
2022-12-06,0.6824548796361171
2022-12-07,0.7242671251911089
2022-12-08,0.6143891584506923
2022-12-09,0.7354830690742594
2022-12-12,0.5723186003765208
2022-12-13,0.6183313235804893
2022-12-14,0.8230756651629763
2022-12-15,0.6393524961516411
2022-12-16,0.8445182480771074
2022-12-19,0.4004662446853062
2022-12-20,0.4953659909693812
2022-12-21,0.7011024034810484
2022-12-22,0.6072518648419117
2022-12-23,0.38310625176125856
2022-12-26,0.15436648899084268
2022-12-27,0.39614809763518566
2022-12-28,0.5653458410938289
2022-12-29,0.7688302167093976
2022-12-30,0.5348032313581168
2023-01-02,0.2447023858932148
2023-01-03,0.48800199182414533
2023-01-04,0.5146203720879151
2023-01-05,0.5594669342506154
2023-01-06,0.50005642351444
2023-01-09,0.22638230599333525
2023-01-10,0.39936879231321143
2023-01-11,0.5368105716537839
2023-01-12,0.3861326369132125
2023-01-13,0.6107999459560247
2023-01-16,0.34683955639645947
2023-01-17,0.3983189705091264
2023-01-18,0.4647333145873856
2023-01-19,0.4228074464788043
2023-01-20,0.5125035347998487
2023-01-23,0.41388450796911685
2023-01-24,0.2811114022926347
2023-01-25,0.3927741382497447
2023-01-27,0.6506241872990096
2023-01-30,0.5637581257281036
2023-01-31,0.6977697034068954
2023-02-01,0.8273661259873781
2023-02-02,0.5025672348414046
2023-02-03,0.5277516984024919
2023-02-06,0.2968586344919959
2023-02-07,0.4221815637032444
2023-02-08,0.4033433921985608
2023-02-09,0.43481810540787846
2023-02-10,0.2653479868290671
2023-02-13,0.30025333598399284
2023-02-14,0.30649591329860776
2023-02-15,0.42023411906007757
2023-02-16,0.391262867026405
2023-02-17,0.32474509830484266
2023-02-20,0.3467296988018598
2023-02-21,0.3151301307517017
2023-02-22,0.3401066686181702
2023-02-23,0.5313888980122267
2023-02-24,0.3591275741958275
2023-02-27,0.2805604686319857
2023-02-28,1.036538527956074
2023-03-01,0.20344287456096796
2023-03-02,0.21709646490822282
2023-03-03,0.45874415494889753
2023-03-06,0.5359233111873108
2023-03-08,0.46259638058441965
2023-03-09,0.48426723690789547
2023-03-10,0.2882589981328437
2023-03-13,0.3302834182564488
2023-03-14,0.4576470650403094
2023-03-15,0.2474502883187934
2023-03-16,0.5350904062034034
2023-03-17,1.0116164143899835
2023-03-20,0.2806666050513866
2023-03-21,0.3135079497808146
2023-03-22,0.24613996318203457
2023-03-23,0.4085976610438719
2023-03-24,0.29149307398765945
2023-03-27,0.3217373391406704
2023-03-28,0.36425702660000336
2023-03-29,0.5568992277603138
2023-03-31,0.4334584757485408
2023-04-03,0.3091220153457515
2023-04-05,0.47449033973976895
2023-04-06,0.47788054780800465
2023-04-10,0.3086283822105975
2023-04-11,0.49806829764528665
2023-04-12,0.6321764637931325
2023-04-13,0.5590911393303492
2023-04-17,0.5048159893679137
2023-04-18,0.7105755025699585
2023-04-19,0.5658047492265315
2023-04-20,0.45361917229908405
2023-04-21,0.4219301577598309
2023-04-24,0.42286615688656304
2023-04-25,0.6562710337580597
2023-04-26,0.6844334571833317
2023-04-27,0.7530597972739556
2023-04-28,0.9890322228114266
2023-05-02,0.632851739709465
2023-05-03,0.6415073257343008
2023-05-04,0.6773733685492584
2023-05-05,0.5981568599368124
2023-05-08,0.5919740815661053
2023-05-09,0.737696403919979
2023-05-10,0.6422245966498337
2023-05-11,0.6784731036166795
2023-05-12,0.5522590913258675
2023-05-15,0.48363704922625234
2023-05-16,0.6445918099597309
2023-05-17,0.5758545952991042
2023-05-18,0.6058994553865756
2023-05-19,0.7164296083943377
2023-05-22,0.6035837575385559
2023-05-23,0.7357001470316864
2023-05-24,0.6828335433745202
2023-05-25,0.7452984099348134
2023-05-26,0.6488896025508154
2023-05-29,0.7570274746956734
2023-05-30,0.5961642882525066
2023-05-31,1.6506506278596238
2023-06-01,0.5426566401553654
2023-06-02,0.630620191592617
2023-06-05,0.6781525245263794
2023-06-06,0.5437340060776497
2023-06-07,0.7197104718127517
2023-06-08,0.8634012225439572
2023-06-09,0.5345777042670313
2023-06-12,0.4081809214199037
2023-06-13,0.7713281654319704
2023-06-14,0.7360824592179745
2023-06-15,0.6978100077445226
2023-06-16,1.0109549318532793
2023-06-19,0.592605103604505
2023-06-20,0.6243733244768823
2023-06-21,0.7584747337342969
2023-06-22,0.7232229115583563
2023-06-23,0.5486003856292384
2023-06-26,0.4903740876354528
2023-06-27,0.5946786720448362
2023-06-28,0.9514365593985652
2023-06-30,0.8261210078073828
2023-07-03,0.6873821553270766
2023-07-04,0.6752574323449247
2023-07-05,0.7051713147441374
2023-07-06,0.9197756803999351
2023-07-07,0.9300631300716364
2023-07-10,0.644680380686681
2023-07-11,0.7247907353901174
2023-07-12,0.8311777434860976
2023-07-13,0.8208244636094382
2023-07-14,0.748776968402851
2023-07-17,0.803807090267538
2023-07-18,0.8354677441572149
2023-07-19,0.7466359960955283
2023-07-20,0.8834308026231268
2023-07-21,0.9458265215437429
2023-07-24,1.0080022283669972
2023-07-25,0.7656784075431922
2023-07-26,0.8128578604371246
2023-07-27,1.1662668136674856
2023-07-28,1.0240611229970293
2023-07-31,0.9295448382253991
2023-08-01,0.8411696155544878
2023-08-02,0.7904085901246823
2023-08-03,0.9783136469829377
2023-08-04,0.984939810997703
2023-08-07,0.6881833439828423
2023-08-08,0.7413112412160584
2023-08-09,0.8526400774109071
2023-08-10,0.9443966046290756
2023-08-11,0.9421153272616704
2023-08-14,0.6013669451656543
2023-08-16,0.713933221316156
2023-08-17,0.627188892281445
2023-08-18,0.6828036632385197
2023-08-21,0.4590288763226681
2023-08-22,0.5860447858580393
2023-08-23,0.8177280548895719
2023-08-24,0.8559467039780336
2023-08-25,0.6201632001838329
2023-08-28,0.5866723169238599
2023-08-29,0.8647294203899843
2023-08-30,0.8591763121588175
2023-08-31,1.6581172411782075
2023-09-01,0.9652371858261394
2023-09-04,1.0677761875239284
2023-09-05,1.0805919671047544
2023-09-06,1.0244491266738
2023-09-07,1.0486779715810994
2023-09-08,1.105827077641594
2023-09-11,0.9299139520815004
2023-09-12,0.9800470027082859
2023-09-13,0.863635310525842
2023-09-14,0.8274303034019971
2023-09-15,1.4729752353751198
2023-09-18,0.7689639235622839
2023-09-20,0.8996089154305711
2023-09-21,0.7349515088094047
2023-09-22,0.7328537086194662
2023-09-25,0.7308269363340565
2023-09-26,0.6506724535115399
2023-09-27,0.8455571846753475
2023-09-28,1.082086159874925
2023-09-29,0.780563627307349
2023-10-03,0.8275460670917995
2023-10-04,0.8039614144272069
2023-10-05,0.6023332322865426
2023-10-06,0.4752873291577802
2023-10-09,0.4894993985726845
2023-10-10,0.46242150139232335
2023-10-11,0.9064281138026087
2023-10-12,0.7986950966388677
2023-10-13,0.7020961267031087
2023-10-16,0.6058769763487248
2023-10-17,0.7638773626626904
2023-10-18,0.6794160655205553
2023-10-19,0.5913480948152735
2023-10-20,0.5501827340669886
2023-10-23,0.3358160326287338
2023-10-25,0.5996721929603777
2023-10-26,0.6871065886866846
2023-10-27,0.4178013893629405
2023-10-30,0.5091633400693675
2023-10-31,0.5145310235893472
2023-11-01,0.6019990511011097
2023-11-02,0.5177416198694825
2023-11-03,0.5976609248447706
2023-11-06,0.5862446276462026
2023-11-07,0.5901596906672127
2023-11-08,0.6920448863872402
2023-11-09,0.8311837266920498
2023-11-10,0.5517352913122248
2023-11-12,-1.4593516076878823
2023-11-13,0.44510925544272856
2023-11-15,0.9132155388003169
2023-11-16,0.8372362280671227
2023-11-17,0.8758581486913296
2023-11-20,0.5798459495788568
2023-11-21,0.6976547625603509
2023-11-22,0.6267740141320873
2023-11-23,0.5837864664348107
2023-11-24,0.5626365533827425
2023-11-28,0.7586136576153408
2023-11-29,1.0418891946343825
2023-11-30,1.72788183411799
2023-12-01,1.1163963703031825
2023-12-04,1.3213609209749713
2023-12-05,1.2085556989231292
2023-12-06,1.1597493244604788
2023-12-07,0.9932051234531994
2023-12-08,1.0761680103299014
2023-12-11,0.9694823412560438
2023-12-12,0.8760960807278518
2023-12-13,1.1110058008464765
2023-12-14,1.289274925412042
2023-12-15,1.6172673501663863
2023-12-18,1.0913401634480342
2023-12-19,0.9857662031535094
2023-12-20,1.1171313780635304
2023-12-21,0.8169974420141558
2023-12-22,0.9540319750151448
2023-12-26,0.8685174999165607
2023-12-27,0.9083826006893602
2023-12-28,1.4037297315262518
2023-12-29,1.148091718925137
2024-01-01,0.7536998310048219
2024-01-02,1.0821942606383568
2024-01-03,1.0454228578299345
2024-01-04,1.2496680728196665
2024-01-05,1.1881253652763653
2024-01-08,0.8337603599428851
2024-01-09,0.9416246888172191
2024-01-10,0.9487951336229359
2024-01-11,1.012439006640974
2024-01-12,1.063188349827009
2024-01-15,1.0079817146404426
2024-01-16,1.1029761098805622
2024-01-17,1.1889963363505383
2024-01-18,1.0722686553164567
2024-01-19,0.9733417511469423
2024-01-20,0.41125756331868946
2024-01-23,1.0922403467652937
2024-01-24,1.0150885335195239
2024-01-25,1.2426181807142818
2024-01-29,1.221009118450074
2024-01-30,1.1596160153876531
2024-01-31,1.3992140777333288
2024-02-01,1.2020712178176405
2024-02-02,1.2246247652673097
2024-02-05,1.206093056126924
2024-02-06,1.1933178314856223
2024-02-07,1.1174199683548263
2024-02-08,1.1899069633767492
2024-02-09,1.1250380474095847
2024-02-12,0.9059938818110574
2024-02-13,0.988566677213168
2024-02-14,0.9969519152531312
2024-02-15,1.0576778426102382
2024-02-16,1.1359310937226594
2024-02-19,0.8441988605782478
2024-02-20,0.9556046632799556
2024-02-21,1.0934815343248543
2024-02-22,1.0021960132546082
2024-02-23,0.9980705581658964
2024-02-26,0.8930651512560303
2024-02-27,1.0145508555258917
2024-02-28,0.8994131049583458
2024-02-29,1.626222329817272
2024-03-01,0.9389881476733227
2024-03-02,-1.2577261407349507
2024-03-04,1.04460860625817
2024-03-05,1.0513379738713104
2024-03-06,1.0790403905287227
2024-03-07,1.1314046000825047
2024-03-11,1.0074161896420928
2024-03-12,0.8604201656738324
2024-03-13,1.0652380240799098
2024-03-14,0.9958165302074107
2024-03-15,1.4641484573470787
2024-03-18,0.7943905732683296
2024-03-19,0.8363188356471231
2024-03-20,0.8091959616540795
2024-03-21,1.018999042033193
2024-03-22,1.1554859498255985
2024-03-26,1.1747758256032328
2024-03-27,1.2729858611623202
2024-03-28,1.4159574058737376
2024-04-01,0.9694465100118526
2024-04-02,1.2754586045553777
2024-04-03,1.2971288067783497
2024-04-04,1.2325307483451509
2024-04-05,1.1269491981995923
2024-04-08,1.2542140619771893
2024-04-09,1.1886372982231739
2024-04-10,1.4242270417241039
2024-04-12,1.324197051239979
2024-04-15,1.1881066831738052
2024-04-16,1.2635973698067877
2024-04-18,1.4376701487082653
2024-04-19,1.2558940855596215
2024-04-22,1.2751747481075875
2024-04-23,1.2104436732061121
2024-04-24,1.2744126101313549
2024-04-25,1.5634716704812348
2024-04-26,1.3609043671556211
2024-04-29,1.3147666994276297
2024-04-30,1.6401920500563385
2024-05-02,1.3615438634617374
2024-05-03,1.4420690312220732
2024-05-06,1.21252544805453
2024-05-07,1.194304105481805
2024-05-08,1.2803300246767828
2024-05-09,0.9499298233169674
2024-05-10,1.161328238384996
2024-05-13,1.0844211656551188
2024-05-14,1.063238503026036
2024-05-15,1.088553229121202
2024-05-16,1.2793122811149358
2024-05-17,1.159041019566695
2024-05-18,-0.8874131670907532
2024-05-21,1.18211149238125
2024-05-22,1.2031772838134969
2024-05-23,1.338674398763087
2024-05-24,1.4179660923693647
2024-05-27,1.509042011183763
2024-05-28,1.3347570080674593
2024-05-29,1.3369809661426857
2024-05-30,1.2060723242553182
2024-05-31,2.196048378629791
2024-06-03,1.6221717976370398
2024-06-04,1.4941936327376484
2024-06-05,1.3537898057588278
2024-06-06,1.5036771998296434
2024-06-07,1.6862372488164707
2024-06-10,1.5175360832359388
2024-06-11,1.3865805719019801
2024-06-12,1.4258127320257996
2024-06-13,1.4425170758861785
2024-06-14,1.4372435442691052
2024-06-18,1.455408742193797
2024-06-19,1.4812622984637493
2024-06-20,1.4435684920148872
2024-06-21,1.7921412601034663
2024-06-24,1.3563077457185664
2024-06-25,1.381565428205363
2024-06-26,1.4406261729966454
2024-06-27,1.8632758481917129
2024-06-28,1.493540214185956
2024-07-01,1.3442833863946646
2024-07-02,1.3624622600183802
2024-07-03,1.298937868299803
2024-07-04,1.3083428232602858
2024-07-05,1.2875167718672595
2024-07-08,1.3042877929656822
2024-07-09,1.352228643454886
2024-07-10,1.3581577069150343
2024-07-11,1.3159430736496556
2024-07-12,1.317815459383886
2024-07-15,1.4048635519053818
2024-07-16,1.3794575621797611
2024-07-18,1.5319906865981257
2024-07-19,1.185250047844103
2024-07-22,1.2145810975137068
2024-07-23,1.4455083426285198
2024-07-24,1.3746881485968898
2024-07-25,1.411939653201835
2024-07-26,1.5677574756068253
2024-07-29,1.5914327015960197
2024-07-30,1.4448740457890776
2024-07-31,1.5599625467484333
2024-08-01,1.578538308749209
2024-08-02,1.286427118140415
2024-08-05,1.4312611445149737
2024-08-06,1.2800117345719226
2024-08-07,1.1758861882083298
2024-08-08,1.2205166532211031
2024-08-09,1.092994776170087
2024-08-12,1.2918484758789623
2024-08-13,1.0895045123951645
2024-08-14,1.0358630363499872
2024-08-16,1.1345332564350756
2024-08-19,1.2015834395929155
2024-08-20,1.249982348950554
2024-08-21,1.3241725065181582
2024-08-22,1.2298382050184156
2024-08-23,1.220263618010208
2024-08-26,1.1266044997297353
2024-08-27,1.3225332647659827
2024-08-28,1.2449336491770617
2024-08-29,1.3456443928578619
2024-08-30,1.9285256147036067
2024-09-02,1.015374298884763
2024-09-03,1.102520876324791
2024-09-04,1.2801174858858055
2024-09-05,1.372447775756373
2024-09-06,1.246038660777573
2024-09-09,1.1060575229353415
2024-09-10,0.982150864295869
2024-09-11,1.050958615347645
2024-09-12,1.2724571500125816
2024-09-13,1.2205336341152266
2024-09-16,0.9793256244326419
2024-09-17,0.9021599393381895
2024-09-18,0.867374252050856
2024-09-19,1.2257544141559462
2024-09-20,1.7670663842581062
2024-09-23,1.0882384518358525
2024-09-24,1.4001881689511255
2024-09-25,1.2145750759740415
2024-09-26,1.4699358997893142
2024-09-27,1.8591665839771816
2024-09-30,1.4031409482133168
2024-10-01,1.219582159843558
2024-10-03,1.2356365193357017
2024-10-04,1.3437759117006518
2024-10-07,1.1088178029662068
2024-10-08,1.0314096543529643
2024-10-09,1.1425554662693047
2024-10-10,1.0215111388858193
2024-10-11,0.7856412315726173
2024-10-14,0.7153680112671286
2024-10-15,1.0355231841878865
2024-10-16,0.9920609481508027
2024-10-17,1.129202596984875
2024-10-18,1.02343360340227
2024-10-21,0.8437365168866652
2024-10-22,0.8544585971997727
2024-10-23,1.0848568358063266
2024-10-24,0.7136579924062356
2024-10-25,0.7736605124308829
2024-10-28,0.6663149746093566
2024-10-29,0.9465217638945227
2024-10-30,1.065204039157426
2024-10-31,0.9319975281456127
2024-11-01,-1.1978113250742632
2024-11-04,0.7285221729130563
2024-11-05,0.8383164729236043
2024-11-06,1.0616889315103775
2024-11-07,0.8881625415552122
2024-11-08,0.6939447504339336
2024-11-11,0.6645783176316863
2024-11-12,0.6379346087731093
2024-11-13,0.5660205010262028
2024-11-14,0.5976702186902247
2024-11-18,0.6668142251980664
2024-11-19,0.8043847696989461
2024-11-21,0.811808456672315
2024-11-22,0.7529399193303615
2024-11-25,1.756751711763627
2024-11-26,0.7408450270947358
2024-11-27,0.9534473965475159
2024-11-28,1.1091679925391227
2024-11-29,1.0331832170677617
2024-12-02,0.8914113881688105
2024-12-03,1.0346332819838466
2024-12-04,1.1540402998648152
2024-12-05,1.1481407107418988
2024-12-06,1.0525166822789755
2024-12-09,1.0085330635859473
2024-12-10,1.0716242347930673
2024-12-11,0.8240005916695735
2024-12-12,0.8767585260004365
2024-12-13,0.976198167762027
2024-12-16,0.6969705432218866
2024-12-17,0.7971620939430917
2024-12-18,0.7478603936997895
2024-12-19,0.8285918741713435
2024-12-20,1.270328687485516
2024-12-23,0.5847545245339448
2024-12-24,0.5334203721066332
2024-12-26,0.5832947903787108
2024-12-27,0.4484318379904741
2024-12-30,1.4586044480832128
2024-12-31,0.6033950107250694
